episodes,successes,total_success_rate,batch_success_rate,episodes_per_second,elapsed_s,mean_episode_reward,median_minimum_tip_distance_m,mean_maximum_uav_displacement_m,numerical_failure_rate,replay_size,gradient_updates,alpha,critic1_loss,critic2_loss,actor_loss,mean_q
2048,0,0.0,0.0,118.35248874350981,17.304241099976934,-621.9222412109375,1.0056688785552979,71.17859649658203,0.0,204800,0,0.20000000298023224,,,,
4096,3,0.000732421875,0.00146484375,117.60151593414145,34.82948299997952,-622.3037719726562,1.0155750513076782,71.20449829101562,0.0,409600,0,0.20000000298023224,,,,
6144,3,0.00048828125,0.0,116.94969075559595,52.53541040001437,-633.879638671875,1.010856032371521,72.69763946533203,0.0,614400,0,0.20000000298023224,,,,
8192,3,0.0003662109375,0.0,116.17584487622703,70.51379750005435,-614.0794677734375,1.0035135746002197,70.25334167480469,0.0,819200,0,0.20000000298023224,,,,
10240,3,0.00029296875,0.0,116.66860225644986,87.7699724000413,-626.8714599609375,1.002353310585022,71.81680297851562,0.0,1000000,0,0.20000000298023224,,,,
12288,4,0.0003255208333333333,0.00048828125,116.90635529798492,105.10976899997331,-617.281982421875,1.0009050369262695,70.76216888427734,0.0,1000000,0,0.20000000298023224,,,,
14336,4,0.00027901785714285713,0.0,117.23692306984414,122.28229490004014,-615.635986328125,1.0063968896865845,70.49242401123047,0.0,1000000,0,0.20000000298023224,,,,
16384,4,0.000244140625,0.0,117.45626896784933,139.49021319998428,-621.6188354492188,1.0069708824157715,71.38292694091797,0.0,1000000,0,0.20000000298023224,,,,
18432,6,0.0003255208333333333,0.0009765625,117.21677691826609,157.24711500003468,-626.0792236328125,1.0138229131698608,71.71272277832031,0.0,1000000,0,0.20000000298023224,,,,
20480,6,0.00029296875,0.0,116.52841025030986,175.7511319000041,-616.1016235351562,1.003493070602417,70.68788146972656,0.0,1000000,100,0.1939966231584549,18.485628757476807,19.871163578033446,6.855024216175079,-7.400181221961975
22528,6,0.00026633522727272725,0.0,116.0240016289484,194.1667213999899,-647.007568359375,1.0430799722671509,74.64077758789062,0.0,1000000,100,0.18795055150985718,12.929378080368043,12.999820404052734,9.021324415206909,-9.751471624374389
24576,6,0.000244140625,0.0,115.46032979471542,212.8523281000089,-575.193603515625,1.0399752855300903,65.24003601074219,0.0,1000000,100,0.182235985994339,13.587428884506226,13.590634508132934,11.482979593276978,-12.188560304641724
26624,6,0.00022536057692307694,0.0,114.8986065154442,231.7173446000088,-541.0631713867188,1.0648841857910156,61.365684509277344,0.0,1000000,100,0.17681197822093964,14.832829122543336,14.702253456115722,13.702425327301025,-14.359524221420289
28672,6,0.00020926339285714285,0.0,114.50214053765991,250.40579910005908,-615.152587890625,1.1295896768569946,70.1935043334961,0.0,1000000,100,0.1716298907995224,16.821255102157593,16.752950105667114,15.6738090801239,-16.284366979599
30720,6,0.0001953125,0.0,114.19039627385666,269.024375100038,-824.4575805664062,1.1443099975585938,95.90354919433594,0.0,1000000,100,0.16662460565567017,20.590021553039552,20.659109668731688,18.357762107849123,-18.94034257888794
32768,6,0.00018310546875,0.0,113.94819260154026,287.5692826000741,-335.85552978515625,1.1483664512634277,36.586368560791016,0.0,1000000,100,0.16176815330982208,22.174781455993653,21.94556983947754,19.257993316650392,-19.81526123046875
34816,6,0.00017233455882352942,0.0,113.8721733811281,305.74633790005464,-188.0865478515625,1.0377755165100098,19.757946014404297,0.0,1000000,100,0.1573564112186432,22.619451503753663,22.699665813446046,19.534680194854737,-19.95673131942749
36864,6,0.00016276041666666666,0.0,113.87472168313687,323.7241721000755,-103.06535339355469,0.9397223591804504,12.01191520690918,0.0,1000000,100,0.15348610281944275,22.98105764389038,23.06731248855591,19.372048168182374,-19.61776586532593
38912,6,0.0001541940789473684,0.0,113.7281731068349,342.1491696999874,-77.35552215576172,0.8433499932289124,9.45854663848877,0.0,1000000,100,0.14993587136268616,22.5887699508667,22.364836158752443,18.44267692565918,-18.58679904937744
40960,6,0.000146484375,0.0,113.55391393288816,360.7097156000091,-109.66787719726562,0.9472989439964294,11.760284423828125,0.0,1000000,100,0.14614221453666687,16.63524968147278,16.585280933380126,16.104118442535402,-16.33103165626526
43008,6,0.00013950892857142856,0.0,113.33011572563751,379.4931270000525,-118.6382064819336,1.0084947347640991,13.1622314453125,0.0,1000000,100,0.14213407039642334,14.914565811157226,14.756973133087158,15.450726852416992,-15.742525024414062
45056,6,0.00013316761363636363,0.0,113.16614664740378,398.14026840007864,-193.92193603515625,1.0354317426681519,22.201568603515625,0.0,1000000,100,0.13805530965328217,15.441378936767578,15.226524953842164,15.921086902618407,-16.24783561706543
47104,6,0.00012737771739130434,0.0,113.0331471573283,416.7273157000309,-62.26338195800781,0.8147034645080566,7.994741439819336,0.0,1000000,100,0.13402146100997925,15.07556393623352,15.01773325920105,15.962877540588378,-16.293788223266603
49152,7,0.00014241536458333334,0.00048828125,112.81798578867914,435.6752131000394,-51.50199890136719,0.6057673692703247,6.311981678009033,0.0,1000000,100,0.13014236092567444,14.432377424240112,14.422927055358887,15.872276840209961,-16.17842924118042
51200,12,0.000234375,0.00244140625,112.7731435165723,454.008803899982,-20.584949493408203,0.23916737735271454,3.2070016860961914,0.0,1000000,100,0.12642838060855865,13.124843482971192,13.096185750961304,15.106897401809693,-15.38566897392273
53248,23,0.00043194110576923075,0.00537109375,112.77768581537944,472.1501387000317,-12.43311882019043,0.16713011264801025,2.5835180282592773,0.0,1000000,100,0.12288171797990799,11.291453342437745,11.204665517807006,14.051221828460694,-14.298823108673096
55296,25,0.0004521122685185185,0.0009765625,112.7458030542841,490.44841140008066,-13.382882118225098,0.22386249899864197,2.5832102298736572,0.0,1000000,100,0.11941821873188019,8.335905413627625,8.111977515220643,12.19578911781311,-12.437348718643188
57344,25,0.0004359654017857143,0.0,112.79672168868795,508.3835695000598,-17.32836151123047,0.3714448809623718,2.9901232719421387,0.0,1000000,100,0.11607757955789566,6.672778544425964,6.493305177688598,11.280932054519653,-11.501865673065186
59392,25,0.0004209321120689655,0.0,112.74589820219859,526.7774788000388,-18.144189834594727,0.31868529319763184,3.0456254482269287,0.0,1000000,100,0.11286022514104843,5.418552289009094,5.272655801773071,10.493534307479859,-10.69289737701416
61440,27,0.000439453125,0.0009765625,112.66603394138536,545.328506299993,-16.41274642944336,0.2767620384693146,2.775076389312744,0.0,1000000,100,0.10976434499025345,4.681519017219544,4.6147332239151,9.901720027923584,-10.08044979095459
63488,29,0.0004567792338709677,0.0009765625,112.58924680685887,563.8904406999936,-13.14504623413086,0.2332979440689087,2.2682175636291504,0.0,1000000,100,0.10676460713148117,3.9628944301605227,3.806472861766815,9.287678985595702,-9.451906147003173
65536,33,0.0005035400390625,0.001953125,112.48600762398853,582.6146859000437,-10.944750785827637,0.23022012412548065,2.0137202739715576,0.0,1000000,100,0.10385562479496002,3.4451361894607544,3.312143988609314,8.687715187072754,-8.83883713722229
67584,33,0.00048828125,0.0,112.37139614217956,601.4341933999676,-9.57435417175293,0.3370232880115509,1.817328691482544,0.0,1000000,100,0.10097091645002365,2.7532988166809083,2.6661455917358396,8.054280438423156,-8.211640543937683
69632,33,0.0004739200367647059,0.0,112.30361168391872,620.03348740004,-8.655688285827637,0.3199169337749481,1.7372617721557617,0.0,1000000,100,0.0980827659368515,2.2853902864456175,2.2398876202106477,7.556101636886597,-7.729193348884582
71680,33,0.0004603794642857143,0.0,112.28788926980666,638.3591362000443,-8.756843566894531,0.2548661231994629,1.7586557865142822,0.0,1000000,100,0.09519371390342712,1.689700939655304,1.7060892605781555,7.183869714736939,-7.373087334632873
73728,34,0.0004611545138888889,0.00048828125,112.28231859992532,656.6305445000762,-8.69013500213623,0.2172304391860962,1.7642781734466553,0.0,1000000,100,0.09234661608934402,1.4175455749034882,1.4167151081562042,6.85666024684906,-7.0513781070709225
75776,34,0.0004486908783783784,0.0,112.32686452058068,674.6026457999833,-9.539190292358398,0.20392873883247375,1.871434211730957,0.0,1000000,100,0.08957032859325409,1.1843991732597352,1.1829546451568604,6.613919243812561,-6.8076529216766355
77824,34,0.00043688322368421053,0.0,112.3212723204461,692.8696443000808,-10.365870475769043,0.18211936950683594,1.9734904766082764,0.0,1000000,100,0.08686855435371399,1.044630724787712,1.0437003034353256,6.410684103965759,-6.602121267318726
79872,35,0.0004382011217948718,0.00048828125,112.26629266863979,711.4513011999661,-7.91469669342041,0.16736112534999847,1.7232646942138672,0.0,1000000,100,0.08424758166074753,0.9770380461215973,0.9769455987215042,6.219888873100281,-6.407487773895264
81920,35,0.00042724609375,0.0,112.24966313785416,729.8017447000602,-8.032347679138184,0.19928716123104095,1.6960694789886475,0.0,1000000,100,0.08170115947723389,0.8391561830043792,0.8385870313644409,6.060336594581604,-6.245032343864441
83968,35,0.00041682545731707316,0.0,112.11068658177611,748.974094800069,-8.334634780883789,0.18962682783603668,1.7403732538223267,0.0,1000000,100,0.07923371344804764,0.7533581793308258,0.7542010748386383,5.942350993156433,-6.122370142936706
86016,35,0.0004069010416666667,0.0,112.0552656570235,767.6212223999901,-7.48347282409668,0.1991722285747528,1.6564435958862305,0.0,1000000,100,0.07683900743722916,0.6841580379009247,0.6834490835666657,5.82955225944519,-6.006458516120911
88064,35,0.00039743822674418605,0.0,111.98613430168537,786.3830691999756,-6.519458293914795,0.202629953622818,1.5394867658615112,0.0,1000000,100,0.07450959831476212,0.6932792085409164,0.6911512589454651,5.696620044708252,-5.871883773803711
90112,35,0.00038840553977272725,0.0,111.93384803985,805.0469235000201,-7.093264579772949,0.18541719019412994,1.6047050952911377,0.0,1000000,100,0.07224816083908081,0.5916153120994568,0.5908336436748505,5.574060606956482,-5.746030554771424
92160,35,0.00037977430555555556,0.0,111.94292887313472,823.2766547000501,-11.902477264404297,0.17912818491458893,2.1195051670074463,0.0,1000000,100,0.07006072998046875,0.5785617354512215,0.577007038295269,5.494923872947693,-5.661812410354615
94208,35,0.00037151834239130437,0.0,111.94294352772026,841.5715812999988,-10.881796836853027,0.1867702752351761,1.998098373413086,0.0,1000000,100,0.06794487684965134,0.5614978188276291,0.5610485544800758,5.40864974975586,-5.570611672401428
96256,35,0.0003636136968085106,0.0,111.9625678911497,859.7159016000805,-8.253847122192383,0.17411984503269196,1.7414569854736328,0.0,1000000,100,0.06589999794960022,0.5610855796933174,0.5603929391503334,5.339298024177551,-5.495140986442566
98304,35,0.0003560384114583333,0.0,111.93247935342633,878.2437462999951,-6.337705612182617,0.19446614384651184,1.5267654657363892,0.0,1000000,100,0.06393202394247055,0.5463067969679832,0.5477095946669579,5.296049981117249,-5.443787064552307
100352,35,0.00034877232142857144,0.0,111.91866897804636,896.6511210000608,-5.5704851150512695,0.24206002056598663,1.4161381721496582,0.0,1000000,100,0.06203277036547661,0.545356337428093,0.5467656615376473,5.262739748954773,-5.403863558769226
102400,35,0.000341796875,0.0,111.89777938186111,915.12093059998,-5.339406967163086,0.2766386866569519,1.3701961040496826,0.0,1000000,100,0.06019427627325058,0.5120004066824912,0.5131813499331475,5.186482353210449,-5.322541627883911
104448,35,0.0003350949754901961,0.0,111.85694984970185,933.7640632999828,-5.228625297546387,0.2763178050518036,1.3408770561218262,0.0,1000000,100,0.058405935764312744,0.4838300094008446,0.48650134027004244,5.0876367568969725,-5.2212669467926025
106496,35,0.00032865084134615387,0.0,111.82228193094441,952.3683308999753,-6.711858749389648,0.23957917094230652,1.5450714826583862,0.0,1000000,100,0.05666204169392586,0.46743512332439424,0.46966150611639024,5.000415759086609,-5.132941250801086
108544,35,0.0003224498820754717,0.0,111.78845208529052,970.9768583000405,-10.752561569213867,0.2510937452316284,1.9705679416656494,0.0,1000000,100,0.05497140809893608,0.4530980262160301,0.4551753932237625,4.920171685218811,-5.048506879806519
110592,35,0.00031647858796296296,0.0,111.74468028042027,989.684696600074,-11.315971374511719,0.2330002337694168,2.047593355178833,0.0,1000000,100,0.0533379465341568,0.4398445948958397,0.4423567369580269,4.849670658111572,-4.972546873092651
112640,35,0.0003107244318181818,0.0,111.73138334046833,1008.132152599981,-7.307506561279297,0.22110016644001007,1.5993247032165527,0.0,1000000,100,0.05176471918821335,0.4194778338074684,0.4214906397461891,4.786924777030944,-4.90289077758789
114688,35,0.00030517578125,0.0,111.76389792521972,1026.1632077000104,-5.393945693969727,0.2560473084449768,1.3443357944488525,0.0,1000000,100,0.050249386578798294,0.39164660513401034,0.3942990356683731,4.7051953125,-4.814228367805481
116736,35,0.0002998218201754386,0.0,111.76425462218192,1044.484217200079,-4.375725269317627,0.33012324571609497,1.1427710056304932,0.0,1000000,100,0.04879258573055267,0.3656745445728302,0.3672610780596733,4.5602081823349,-4.6614632368087765
118784,35,0.00029465247844827585,0.0,111.77190480649986,1062.735758200055,-4.552365303039551,0.32432758808135986,1.2071638107299805,0.0,1000000,100,0.047383178025484085,0.32813735857605936,0.3303914660215378,4.425384287834167,-4.521544723510742
120832,35,0.0002896583686440678,0.0,111.72736391773537,1081.4897601000266,-4.673962593078613,0.30103424191474915,1.2430360317230225,0.0,1000000,100,0.04600970819592476,0.29835661441087724,0.3011282727122307,4.317651262283325,-4.4120562601089475
122880,35,0.0002848307291666667,0.0,111.7180449377326,1099.9118367000483,-4.871234893798828,0.33026769757270813,1.210846185684204,0.0,1000000,100,0.04466724768280983,0.2655601067841053,0.2698319938778877,4.19158091545105,-4.284927973747253
124928,35,0.00028016137295081966,0.0,111.65825745733252,1118.8424648999935,-6.407198905944824,0.29170748591423035,1.405031681060791,0.0,1000000,100,0.04336261376738548,0.24975139304995536,0.2536910143494606,4.129047684669494,-4.219543256759644
126976,35,0.0002756426411290323,0.0,111.62931805155526,1137.4789546000538,-7.863795757293701,0.2953195869922638,1.6227622032165527,0.0,1000000,100,0.04209902137517929,0.2438194438815117,0.24739444449543954,4.122095403671264,-4.208439106941223
129024,35,0.0002712673611111111,0.0,111.60353070473785,1156.0924568000482,-15.07071304321289,0.2622421681880951,2.463937759399414,0.0,1000000,100,0.040881652384996414,0.2536860823631287,0.2559132245182991,4.203397660255432,-4.2838875102996825
131072,35,0.00026702880859375,0.0,111.5954711088152,1174.527950800024,-6.608867168426514,0.322809636592865,1.4047675132751465,0.0,1000000,100,0.03971452638506889,0.24016408011317253,0.24109974563121794,4.138037738800048,-4.211004114151001
133120,35,0.00026292067307692306,0.0,111.60806299388871,1192.745366499992,-6.794550895690918,0.3567306697368622,1.4284292459487915,0.0,1000000,100,0.038588397204875946,0.23501405924558638,0.23524392724037171,4.116706790924073,-4.184599928855896
135168,35,0.0002589370265151515,0.0,111.6324830991086,1210.8303627000423,-7.14356803894043,0.4172993302345276,1.4205608367919922,0.0,1000000,100,0.037503138184547424,0.21769666999578477,0.21823456808924674,4.0662010741233825,-4.128323879241943
137216,35,0.0002550722947761194,0.0,111.66308402458635,1228.8394253000151,-7.45613431930542,0.5539735555648804,1.412471055984497,0.0,1000000,100,0.0364503376185894,0.19220986872911452,0.19350274324417113,3.9329487562179564,-3.9915501284599304
139264,35,0.00025132123161764703,0.0,111.66901286753131,1247.1140956999734,-6.693593978881836,0.5018022060394287,1.3352510929107666,0.0,1000000,100,0.03541233018040657,0.1496063394844532,0.14950966581702232,3.7422143173217775,-3.8026055335998534
141312,35,0.00024767889492753625,0.0,111.6590076778933,1265.5673997000558,-7.0993475914001465,0.3505515158176422,1.424446940422058,0.0,1000000,100,0.03438546136021614,0.1457645031809807,0.1452424681186676,3.782670521736145,-3.8454195713996886
143360,35,0.000244140625,0.0,111.64988654994475,1284.0138439000584,-7.455809593200684,0.29949823021888733,1.5101380348205566,0.0,1000000,100,0.03338034078478813,0.14456478789448737,0.14520439587533474,3.8281197142601013,-3.8906218647956847
145408,35,0.00024070202464788733,0.0,111.59996716086206,1302.939451500075,-7.6024169921875,0.23469652235507965,1.6259913444519043,0.0,1000000,100,0.032396335154771805,0.15902574300765993,0.1598038363456726,3.930617687702179,-3.9932674050331114
147456,35,0.00023735894097222222,0.0,111.59411180970142,1321.3600396000547,-10.282071113586426,0.24381883442401886,1.9275786876678467,0.0,1000000,100,0.03144194930791855,0.18889358133077622,0.19025739654898643,4.131131715774536,-4.191709637641907
149504,35,0.00023410744863013697,0.0,111.56323047682443,1340.0831023000646,-10.289070129394531,0.22227710485458374,1.9726730585098267,0.0,1000000,100,0.030517099425196648,0.20816166177392006,0.20998450219631196,4.3164967918396,-4.3745527267456055
151552,35,0.00023094383445945946,0.0,111.56716143271389,1358.3925418000435,-6.681168556213379,0.21764355897903442,1.4866122007369995,0.0,1000000,100,0.029631314799189568,0.21830493971705436,0.22026778683066367,4.386647849082947,-4.439480872154236
153600,35,0.00022786458333333334,0.0,111.5856579543171,1376.5209867999656,-5.551731109619141,0.3262645900249481,1.2696449756622314,0.0,1000000,100,0.02878016047179699,0.21981996074318885,0.22225081458687782,4.3546234178543095,-4.403014173507691
155648,35,0.00022486636513157894,0.0,111.61692381369808,1394.4838711000048,-6.572211742401123,0.47736263275146484,1.3052301406860352,0.0,1000000,100,0.027965182438492775,0.20696984559297563,0.20816023960709573,4.2506220293045045,-4.293452157974243
157696,35,0.00022194602272727272,0.0,111.6155203950682,1412.8501075999811,-6.132658004760742,0.5365196466445923,1.2069436311721802,0.0,1000000,100,0.027180593460798264,0.18321542993187903,0.1837146982550621,4.059647357463836,-4.0988603734970095
159744,35,0.0002191005608974359,0.0,111.60879652845237,1431.2850328000495,-5.443904876708984,0.5120505690574646,1.1283183097839355,0.0,1000000,100,0.026408547535538673,0.15290894404053687,0.15468220844864844,3.937490484714508,-3.9773892664909365
161792,35,0.00021632713607594935,0.0,111.59863153648506,1449.76688130002,-4.176922798156738,0.4786927103996277,0.9468299746513367,0.0,1000000,100,0.02565488964319229,0.1318157098442316,0.13267958730459214,3.798179428577423,-3.8368901300430296
163840,36,0.0002197265625,0.00048828125,111.59770931127743,1468.130493100034,-5.388230323791504,0.37057602405548096,1.1928550004959106,0.0,1000000,100,0.024920178577303886,0.15205922842025757,0.1540020687878132,3.775295796394348,-3.813089861869812
165888,36,0.00021701388888888888,0.0,111.55322791273116,1487.0748529999983,-5.533816337585449,0.35167407989501953,1.2704930305480957,0.0,1000000,100,0.024202389642596245,0.16407752178609372,0.16537833623588086,3.790447142124176,-3.8277580451965334
167936,36,0.0002143673780487805,0.0,111.52278024025456,1505.844811600051,-5.547180652618408,0.2712230682373047,1.290062427520752,0.0,1000000,100,0.02349959686398506,0.16284377947449685,0.16406747415661813,3.8861573219299315,-3.9235342860221865
169984,36,0.00021178463855421687,0.0,111.45493518599078,1525.1365919000236,-10.566852569580078,0.2834005057811737,1.997483491897583,0.0,1000000,100,0.02281794138252735,0.15820028655231,0.15930148765444754,3.947792627811432,-3.9832840180397033
172032,36,0.00020926339285714285,0.0,111.44484466748789,1543.6514853000408,-5.708830833435059,0.2525222599506378,1.244873285293579,0.0,1000000,100,0.02215586043894291,0.166546987593174,0.16834333270788193,4.046540052890777,-4.080915288925171
174080,36,0.0002068014705882353,0.0,111.43509621334907,1562.1649365000194,-5.516458511352539,0.2455885112285614,1.2020516395568848,0.0,1000000,100,0.021513188257813454,0.16148466736078262,0.16216933682560922,4.115791387557984,-4.148758640289307
176128,36,0.0002043968023255814,0.0,111.44207451110508,1580.4443767999765,-8.333822250366211,0.2362852245569229,1.6354801654815674,0.0,1000000,100,0.02089565247297287,0.16326066002249717,0.16392366960644722,4.167642750740051,-4.197432312965393
178176,36,0.00020204741379310345,0.0,111.42783837531432,1599.025904100039,-4.858190059661865,0.380249947309494,1.205104112625122,0.0,1000000,100,0.02030237764120102,0.17093555197119714,0.1723844088613987,4.171141810417176,-4.197838497161865
180224,36,0.00019975142045454547,0.0,111.43294209504896,1617.3314337000484,-5.294319152832031,0.42730945348739624,1.1333377361297607,0.0,1000000,100,0.019719431176781654,0.13997661642730236,0.14143068060278893,4.031791450977326,-4.0592348098754885
182272,36,0.0001975070224719101,0.0,111.43289984332877,1635.7108202000381,-8.761439323425293,0.17760016024112701,1.8009862899780273,0.0,1000000,100,0.019156066700816154,0.15318916827440263,0.15465385273098944,4.1201950716972355,-4.1454903030395505
184320,36,0.0001953125,0.0,111.43758513309469,1654.020048800041,-6.755252361297607,0.2633221745491028,1.5104706287384033,0.0,1000000,100,0.01861295849084854,0.15188892379403116,0.15349362492561341,4.074311866760254,-4.097251071929931
186368,36,0.00019316620879120878,0.0,111.43049930323428,1672.5043966000667,-7.824350357055664,0.3138984143733978,1.700226902961731,0.0,1000000,100,0.018086614087224007,0.13514529347419738,0.13696887224912643,3.9877934408187867,-4.009262096881867
188416,36,0.00019106657608695653,0.0,111.40831163663442,1691.2203159000492,-9.088464736938477,0.30405354499816895,1.7941704988479614,0.0,1000000,100,0.01758035458624363,0.11809472277760506,0.11851815551519394,3.9637037110328674,-3.982501571178436
190464,36,0.00018901209677419354,0.0,111.39838693051249,1709.755457399995,-12.430156707763672,0.28779202699661255,2.1171836853027344,0.0,1000000,100,0.01708604395389557,0.13858358070254326,0.1390296608954668,4.191790256500244,-4.21023581981659
192512,36,0.00018700132978723404,0.0,111.40309781595812,1728.066847100039,-9.398456573486328,0.27564820647239685,1.8202579021453857,0.0,1000000,100,0.016604769974946976,0.1200915252417326,0.12219648569822311,4.097863719463349,-4.11536370754242
194560,36,0.0001850328947368421,0.0,111.43306025893682,1745.9809462999692,-10.588798522949219,0.2898370623588562,1.9476635456085205,0.0,1000000,100,0.01613868772983551,0.11845583595335483,0.12066819719970226,4.159639678001404,-4.175539865493774
196608,36,0.00018310546875,0.0,111.45230364896373,1764.0550582000287,-9.638053894042969,0.2902233302593231,1.87148916721344,0.0,1000000,100,0.01568853296339512,0.11878654472529888,0.12019701816141605,4.254826769828797,-4.269059433937072
198656,36,0.00018121778350515465,0.0,111.4338962361824,1782.725065800012,-7.895817756652832,0.3241609036922455,1.7312030792236328,0.0,1000000,100,0.015254178084433079,0.1176365226507187,0.11912873640656471,4.286318116188049,-4.298592448234558
200704,36,0.0001793686224489796,0.0,111.41209725682297,1801.4560801000334,-7.086780071258545,0.4016572833061218,1.673530101776123,0.0,1000000,100,0.01482933759689331,0.09759978853166103,0.09901643320918083,4.142703666687011,-4.154997725486755
202752,36,0.0001775568181818182,0.0,111.41494653703406,1819.7917452000547,-6.540436267852783,0.26985180377960205,1.6725789308547974,0.0,1000000,100,0.014417161233723164,0.10185224652290344,0.1026493962854147,4.149203696250916,-4.160093150138855
204800,36,0.00017578125,0.0,111.399849227668,1838.4225959000178,-4.978947639465332,0.21550294756889343,1.381881594657898,0.0,1000000,100,0.01402001827955246,0.11161818228662014,0.11267541043460369,4.172747397422791,-4.181888375282288
206848,36,0.0001740408415841584,0.0,111.38236438175294,1857.0983040999854,-15.791597366333008,0.28290244936943054,2.6858606338500977,0.0,1000000,100,0.013635401614010334,0.136364988014102,0.13806215390563012,4.278214259147644,-4.285876293182373
208896,36,0.00017233455882352942,0.0,111.3683175075764,1875.7219708000775,-4.794826984405518,0.46660882234573364,1.1942338943481445,0.0,1000000,100,0.013275760225951672,0.1441774672269821,0.1451327894628048,4.235548095703125,-4.2389166021347044
210944,36,0.0001706614077669903,0.0,111.37496922372185,1893.998278700048,-4.344326972961426,0.4945559799671173,0.9959168434143066,0.0,1000000,100,0.012933206744492054,0.14055032454431057,0.13962050393223763,4.190974636077881,-4.191337580680847
212992,36,0.0001690204326923077,0.0,111.37733906069354,1912.345920599997,-4.8116888999938965,0.4907168745994568,1.0313787460327148,0.0,1000000,100,0.012603049166500568,0.1238014618307352,0.1238575278967619,4.095803668498993,-4.09466374874115
215040,36,0.0001674107142857143,0.0,111.38535227582518,1930.5949625000358,-3.9436991214752197,0.5746518969535828,0.8577495813369751,0.0,1000000,100,0.012278808280825615,0.09937518559396268,0.09947511807084083,3.9102999114990236,-3.90887056350708
217088,38,0.0001750442216981132,0.0009765625,111.40254913316714,1948.6807230999693,-5.303402900695801,0.45931217074394226,1.1432209014892578,0.0,1000000,100,0.011943336576223373,0.15209360636770725,0.15275428511202335,3.688890879154205,-3.6916973185539246
219136,38,0.00017340829439252336,0.0,111.36141089384908,1967.7911607000278,-4.262375354766846,0.44563329219818115,0.9167881011962891,0.0,1000000,100,0.011608624830842018,0.10283195622265338,0.10236591935157775,3.7095988607406616,-3.713497214317322
221184,38,0.00017180266203703704,0.0,111.32337156289266,1986.8604129999876,-5.025664329528809,0.29722297191619873,1.1171795129776,0.0,1000000,100,0.011283922009170055,0.13554859578609466,0.13486351601779462,3.75200718164444,-3.7550822591781614
223232,38,0.00017022649082568808,0.0,111.32512920145525,2005.2256090000737,-6.312326908111572,0.22746197879314423,1.4179503917694092,0.0,1000000,100,0.01097037736326456,0.11712215490639209,0.1161259365081787,3.863175766468048,-3.8652610659599302
225280,38,0.00016867897727272727,0.0,111.31007599988234,2023.895842100028,-7.230523109436035,0.1720222383737564,1.6617562770843506,0.0,1000000,100,0.0106739467009902,0.17605723172426224,0.1747235570847988,4.125471811294556,-4.125102648735046
227328,38,0.00016715934684684685,0.0,111.28679897021843,2042.7220667999936,-10.319063186645508,0.2561686336994171,1.8105040788650513,0.0,1000000,100,0.01039023045450449,0.1376363953948021,0.13606054693460465,4.3667534780502315,-4.364766659736634
229376,38,0.00016566685267857144,0.0,111.29272374176999,2061.015242399997,-10.799009323120117,0.22305798530578613,1.8536558151245117,0.0,1000000,100,0.010127742774784565,0.156031481474638,0.15625231772661208,4.631409673690796,-4.625589280128479
231424,38,0.0001642007743362832,0.0,111.31074336494177,2079.0805361999664,-8.457820892333984,0.1930418461561203,1.4651882648468018,0.0,1000000,100,0.00988039094954729,0.1799314224720001,0.180068529099226,4.7788739585876465,-4.770753283500671
233472,38,0.00016276041666666666,0.0,111.3071450867153,2097.5472851999803,-3.8496785163879395,0.2985410988330841,1.162217140197754,0.0,1000000,100,0.009650016203522682,0.17985961705446243,0.17835324704647065,4.690632109642029,-4.6794548606872555
235520,38,0.00016134510869565216,0.0,111.3247369779675,2115.6124541000463,-3.5353810787200928,0.3578045666217804,1.010982632637024,0.0,1000000,100,0.009430731646716595,0.1654541228711605,0.1647639349102974,4.4455921459198,-4.432641520500183
237568,38,0.0001599542025862069,0.0,111.33111934557334,2133.8867461000336,-4.254497528076172,0.4471914768218994,1.2652921676635742,0.0,1000000,100,0.009209997951984406,0.1499375109374523,0.14834480494260788,4.198271107673645,-4.186279578208923
239616,38,0.00015858707264957266,0.0,111.32404280123765,2152.4191357999807,-5.862326622009277,0.4378748834133148,1.4671707153320312,0.0,1000000,100,0.00897974893450737,0.12466043524444104,0.12277254238724708,3.8921551632881166,-3.882809739112854
241664,38,0.00015724311440677965,0.0,111.31356273522124,2171.0202608000254,-8.215566635131836,0.3652869462966919,1.8154816627502441,0.0,1000000,100,0.008742532692849636,0.08977672882378102,0.0884308598935604,3.766168122291565,-3.7590756702423094
243712,38,0.00015592174369747898,0.0,111.29389377858536,2189.805673300056,-9.341375350952148,0.3542293310165405,1.957808256149292,0.0,1000000,100,0.008513648994266987,0.08222782500088215,0.08094549357891083,3.794801609516144,-3.78656329870224
245760,38,0.00015462239583333333,0.0,111.28525673444906,2208.3787845000625,-8.43907642364502,0.29386401176452637,1.8481957912445068,0.0,1000000,100,0.008287014439702034,0.07797961652278901,0.0772029260545969,3.9574938797950745,-3.950159683227539
247808,38,0.00015334452479338843,0.0,111.27432967643705,2227.0006093999837,-8.629623413085938,0.2461988776922226,1.75319504737854,0.0,1000000,100,0.008066904731094837,0.07853773318231105,0.07734877564013004,4.049772279262543,-4.041849536895752
249856,38,0.0001520876024590164,0.0,111.26800984428527,2245.5331083000638,-9.86300277709961,0.21913501620292664,1.9226676225662231,0.0,1000000,100,0.00785735808312893,0.08778840355575085,0.0866096006333828,4.273578686714172,-4.264574890136719
251904,38,0.00015085111788617887,0.0,111.27394798704391,2263.8183021000586,-12.271017074584961,0.29303672909736633,2.1678860187530518,0.0,1000000,100,0.007662824355065823,0.09831367649137973,0.10883932568132877,4.407612991333008,-4.396418609619141
253952,38,0.00014963457661290323,0.0,111.29149291722962,2281.8635400000494,-10.959590911865234,0.23016037046909332,1.962630033493042,0.0,1000000,100,0.0074757169932127,0.10189517624676228,0.09941100150346756,4.5941788911819454,-4.5823204040527346
256000,38,0.0001484375,0.0,111.3147378566015,2299.785319800023,-8.68565559387207,0.19543398916721344,1.7756192684173584,0.0,1000000,100,0.007298865355551243,0.10509966410696507,0.10273059405386448,4.762088880538941,-4.748930854797363
258048,38,0.0001472594246031746,0.0,111.33133471161472,2317.8380162999965,-9.252792358398438,0.19331324100494385,1.8822498321533203,0.0,1000000,100,0.007131569553166628,0.11851072259247303,0.11524900607764721,5.00744393825531,-4.99304988861084
260096,38,0.00014609990157480316,0.0,111.33897215476954,2336.0732991000405,-11.61530876159668,0.24063022434711456,1.9341228008270264,0.0,1000000,100,0.0069655426777899265,0.16961768306791783,0.13453785739839078,5.181010856628418,-5.16703236579895
262144,38,0.00014495849609375,0.0,111.33898166189682,2354.467376000015,-15.965141296386719,0.3092080056667328,2.2521464824676514,0.0,1000000,100,0.006804205942898989,0.1742096471041441,0.12297092400491237,5.344412336349487,-5.329853677749634
264192,38,0.00014383478682170544,0.0,111.33782228629747,2372.886361300014,-9.521105766296387,0.2024165391921997,1.7548801898956299,0.0,1000000,100,0.006658434402197599,0.14662377946078778,0.12290295273065567,5.4241612529754635,-5.407316813468933
266240,38,0.0001427283653846154,0.0,111.31453823462186,2391.7810218000086,-5.222707748413086,0.2786153554916382,1.0977814197540283,0.0,1000000,100,0.006529184989631176,0.12416256345808506,0.12179733291268349,5.313493247032166,-5.294247732162476
268288,38,0.0001416388358778626,0.0,111.299961894648,2410.494985199999,-4.328933238983154,0.31347939372062683,0.9696922302246094,0.0,1000000,100,0.006400133483111858,0.14603781320154666,0.14219371922314167,5.003943829536438,-4.985149130821228
270336,39,0.00014426491477272728,0.00048828125,111.29430130673771,2429.0192473999923,-4.070595741271973,0.2902187407016754,0.9622687101364136,0.0,1000000,100,0.006277271546423435,0.1607547630369663,0.1575678649544716,4.812377638816834,-4.792631950378418
272384,39,0.00014318021616541353,0.0,111.28833355676329,2447.5521493999986,-7.981555938720703,0.1951218545436859,1.6882072687149048,0.0,1000000,100,0.006156741641461849,0.24282322123646735,0.23592279657721518,4.5268864870071415,-4.5071876430511475
274432,61,0.00022227728544776119,0.0107421875,111.28881404531592,2465.9441503999988,-13.011683464050293,0.10732928663492203,2.0580058097839355,0.0,1000000,100,0.00602923845872283,0.4450138780474663,0.44298693895339963,4.327403888702393,-4.309030556678772
276480,99,0.00035807291666666664,0.0185546875,111.26510444009735,2484.876110900077,-6.1169915199279785,0.10310417413711548,1.5716545581817627,0.0,1000000,100,0.005914864595979452,1.286146708726883,1.2895340150594712,4.280833401679993,-4.260607042312622
278528,99,0.0003554400275735294,0.0,111.24693049519394,2503.6915513999993,-10.620007514953613,0.2303001433610916,1.4217357635498047,0.0,1000000,100,0.005816604942083359,1.1123982053995132,1.1253006011247635,4.347594079971313,-4.3252856731414795
280576,99,0.00035284557481751825,0.0,111.24972714488192,2522.037646300043,-11.497756958007812,0.25266849994659424,1.3800268173217773,0.0,1000000,100,0.005715174600481987,1.0493481478095055,1.0441078215837478,4.342631053924561,-4.321235656738281
282624,99,0.00035028872282608694,0.0,111.24065546248342,2540.6538538000314,-5.19514274597168,0.21794787049293518,1.0739219188690186,0.0,1000000,100,0.005611979402601719,1.1110952824354172,1.1160407564044,4.3331575775146485,-4.3119540023803715
284672,99,0.00034776866007194245,0.0,111.23748114772654,2559.1374154000077,-4.57699728012085,0.18140000104904175,1.3010649681091309,0.0,1000000,100,0.005520917940884829,0.8319514435529709,0.8306786862015724,4.2262297534942626,-4.203880686759948
286720,99,0.00034528459821428573,0.0,111.23354241260868,2577.639745900058,-4.555502414703369,0.24346904456615448,1.1764564514160156,0.0,1000000,100,0.0054081217385828495,0.18954752132296562,0.18772853061556816,4.131608448028564,-4.112228126525879
288768,99,0.00034283577127659575,0.0,111.22631318705935,2596.220190400025,-6.546321392059326,0.3336792290210724,1.4880034923553467,0.0,1000000,100,0.005272313952445984,0.12640499830245971,0.12419771701097489,4.129363517761231,-4.113209190368653
290816,99,0.0003404214348591549,0.0,111.21663830218475,2614.860549999983,-7.173817157745361,0.30296939611434937,1.9268306493759155,0.0,1000000,100,0.005128385033458471,0.1059543377161026,0.10469699911773205,4.090991113185883,-4.076288182735443
292864,100,0.00034145541958041956,0.00048828125,111.22126949003712,2633.165412900038,-6.3242878913879395,0.2826812267303467,1.7483375072479248,0.0,1000000,100,0.004987590946257114,0.1278178759664297,0.12588970243930817,4.170760140419007,-4.156325635910034
294912,100,0.0003390842013888889,0.0,111.23827410073947,2651.17381930002,-6.0836501121521,0.2094622105360031,1.6788597106933594,0.0,1000000,100,0.004851317033171654,0.11223049096763134,0.11023148432374001,4.239031114578247,-4.224843950271606
296960,100,0.00033674568965517244,0.0,111.2402620109446,2669.5370419999817,-7.765614986419678,0.19118539988994598,2.2151756286621094,0.0,1000000,100,0.004717747215181589,0.11751276284456252,0.11659126058220863,4.285268230438232,-4.271454787254333
299008,100,0.0003344392123287671,0.0,111.2272556413442,2688.261957700015,-9.049734115600586,0.17342370748519897,2.301063299179077,0.0,1000000,100,0.004589154850691557,0.12988489046692847,0.12925605781376362,4.323166007995606,-4.309465384483337
301056,100,0.0003321641156462585,0.0,111.23284368752475,2706.5387346000643,-7.448862075805664,0.27264609932899475,2.029378890991211,0.0,1000000,100,0.004466639366000891,0.14015171661973,0.13933269150555133,4.349371385574341,-4.335634236335754
303104,100,0.0003299197635135135,0.0,111.22288585155454,2725.1945287999697,-9.048662185668945,0.32175886631011963,2.1423397064208984,0.0,1000000,100,0.004339301027357578,0.14422912031412125,0.1421319653093815,4.321119241714477,-4.308697471618652
305152,100,0.0003277055369127517,0.0,111.20899691735468,2743.950655600056,-6.820993423461914,0.3581354022026062,1.9408693313598633,0.0,1000000,100,0.00421533128246665,0.1310377659648657,0.129427732527256,4.290025882720947,-4.277805876731873
307200,100,0.0003255208333333333,0.0,111.1983508667192,2762.63089879998,-7.469904899597168,0.33857205510139465,1.9657028913497925,0.0,1000000,100,0.004099698271602392,0.12663022801280022,0.12569381527602672,4.318161029815673,-4.305742659568787
309248,100,0.0003233650662251656,0.0,111.19225768211835,2781.200835800031,-10.882713317871094,0.2176351100206375,2.165590286254883,0.0,1000000,100,0.004004612565040588,0.12669103778898716,0.12478915862739086,4.399496598243713,-4.385023179054261
311296,100,0.00032123766447368423,0.0,111.19395504161886,2799.5766486000502,-5.080853462219238,0.4459756314754486,1.3172290325164795,0.0,1000000,100,0.003916620276868343,0.10888465657830239,0.10767134442925454,4.321788992881775,-4.307279162406921
313344,100,0.00031913807189542484,0.0,111.21078090498547,2817.5685617000563,-5.223763465881348,0.40189826488494873,1.1387507915496826,0.0,1000000,100,0.00382623472250998,0.09677258603274823,0.09571528129279613,4.22087553024292,-4.206966314315796
315392,100,0.00031706574675324675,0.0,111.22857839719536,2835.530261600041,-5.467514514923096,0.3085065186023712,1.1649396419525146,0.0,1000000,100,0.003734892001375556,0.09521790511906147,0.09627719894051552,4.172765007019043,-4.159230351448059
317440,100,0.00031502016129032257,0.0,111.21963066739431,2854.1723983000265,-5.769989967346191,0.2566787004470825,1.274646520614624,0.0,1000000,100,0.003652301849797368,0.09501566663384438,0.09376951158046723,4.172534260749817,-4.158396816253662
319488,100,0.0003130008012820513,0.0,111.20950294639961,2872.8480169000104,-5.485847473144531,0.24330610036849976,1.2447290420532227,0.0,1000000,100,0.0035619796253740788,0.09455043412744998,0.09291823767125607,4.037206492424011,-4.024360394477844
321536,100,0.0003110071656050955,0.0,111.20750553698745,2891.3156396000413,-6.556146621704102,0.17235589027404785,1.6981120109558105,0.0,1000000,100,0.0034837962593883276,0.09414257004857063,0.09421431235969066,4.089894318580628,-4.076083405017853
323584,100,0.00030903876582278483,0.0,111.20056778479612,2909.913199600065,-7.309999942779541,0.21349330246448517,1.9192872047424316,0.0,1000000,100,0.003413951490074396,0.10712717510759831,0.10593207612633705,4.206364431381226,-4.1920520687103275
325632,100,0.0003070951257861635,0.0,111.1800302275001,2928.8713030000217,-6.842012405395508,0.17048881947994232,1.616199254989624,0.0,1000000,100,0.003350666491314769,0.11163343131542205,0.1051772728562355,4.278335175514221,-4.263666868209839
327680,100,0.00030517578125,0.0,111.1651424356977,2947.686593300081,-8.03062629699707,0.22775910794734955,1.5533113479614258,0.0,1000000,100,0.0032877677585929632,0.10990984819829464,0.1081113763153553,4.276986532211303,-4.262564215660095
329728,100,0.00030328027950310557,0.0,111.15414360039729,2966.4031346000265,-5.66136360168457,0.21803104877471924,1.3293006420135498,0.0,1000000,100,0.0032199069391936064,0.11643174432218074,0.11293347910046578,4.361836948394775,-4.348093590736389
331776,101,0.00030442226080246913,0.00048828125,111.16763844186505,2984.465665100026,-4.058860778808594,0.2499246746301651,1.3229678869247437,0.0,1000000,100,0.003156166523694992,0.12173713743686676,0.11300145618617535,4.4228525686264035,-4.408924145698547
333824,101,0.00030255463957055214,0.0,111.1797191457487,3002.562001100043,-4.559739112854004,0.22064842283725739,1.3742016553878784,0.0,1000000,100,0.003097277833148837,0.1135005272179842,0.11183248788118362,4.502049684524536,-4.487954382896423
335872,101,0.00030070979420731707,0.0,111.1839686492042,3020.86716350005,-7.516579627990723,0.28311437368392944,1.7993602752685547,0.0,1000000,100,0.0030479738488793373,0.11993637144565582,0.11814534038305283,4.647785496711731,-4.633118004798889
337920,101,0.0002988873106060606,0.0,111.18697085024041,3039.2050202999962,-4.328968048095703,0.36964714527130127,1.0944693088531494,0.0,1000000,100,0.0029955299105495214,0.11882973700761795,0.11439309298992156,4.700333437919617,-4.686166353225708
339968,101,0.0002970867846385542,0.0,111.18524114976891,3057.6720118999947,-5.451371669769287,0.19875581562519073,1.3795664310455322,0.0,1000000,100,0.0029407977126538754,0.11574765637516976,0.11650723695755005,4.88864951133728,-4.87481572151184
342016,101,0.0002953078218562874,0.0,111.17496889310935,3076.3759450999787,-4.650540351867676,0.37690436840057373,1.2067956924438477,0.0,1000000,100,0.0028859851881861687,0.11093807756900788,0.1091583051532507,4.913960008621216,-4.900350074768067
344064,101,0.00029355003720238094,0.0,111.16579465561391,3095.052763900021,-5.3899970054626465,0.3186177611351013,1.2223877906799316,0.0,1000000,100,0.002827754709869623,0.10407953485846519,0.1022193831950426,4.885087723731995,-4.8719386386871335
346112,101,0.00029181305473372784,0.0,111.15767711922773,3113.7030655000126,-4.77314567565918,0.3239137530326843,1.2335691452026367,0.0,1000000,100,0.0027607327792793512,0.09407514780759811,0.09477734915912152,4.746621160507202,-4.734392976760864
348160,101,0.0002900965073529412,0.0,111.1440810530015,3132.510491800029,-19.284603118896484,0.29335466027259827,3.160433769226074,0.0,1000000,100,0.00270269438624382,0.13005565881729125,0.1213591817766428,4.783492851257324,-4.770850639343262
350208,101,0.0002884000365497076,0.0,111.14144083565128,3151.011876099976,-6.304529666900635,0.34196528792381287,1.1973810195922852,0.0,1000000,100,0.0026414215099066496,0.1515360251814127,0.1588269370049238,4.59840274810791,-4.586301369667053
352256,101,0.0002867232921511628,0.0,111.13969361497087,3169.488672700012,-4.655271530151367,0.2683190703392029,1.1105091571807861,0.0,1000000,100,0.0025886562652885914,0.18122036755084991,0.17402028173208237,4.58181619644165,-4.5694255447387695
354304,101,0.00028506593208092485,0.0,111.15063841412822,3187.602024200023,-3.5696864128112793,0.2672390937805176,1.0772451162338257,0.0,1000000,100,0.0025304595474153757,0.20725424259901046,0.1905870606005192,4.581053295135498,-4.5692281150817875
356352,101,0.0002834276221264368,0.0,111.15051787012226,3206.0309464000165,-3.3274078369140625,0.44096696376800537,0.8898140788078308,0.0,1000000,100,0.0024744607508182526,0.18414327561855315,0.18074187651276588,4.5669305753707885,-4.555277533531189
358400,101,0.00028180803571428573,0.0,111.14191118575974,3224.706109300023,-5.468045234680176,0.20121821761131287,1.225946068763733,0.0,1000000,100,0.002416228409856558,0.16057683721184732,0.15220798045396805,4.533461103439331,-4.522196230888366
360448,102,0.00028298117897727275,0.00048828125,111.13828134016286,3243.2389241000637,-16.115482330322266,0.22500388324260712,2.6344237327575684,0.0,1000000,100,0.002378042321652174,0.22390473410487174,0.22400339528918267,4.808477420806884,-4.796155037879944
362496,102,0.0002813824152542373,0.0,111.13574241197355,3261.740931699984,-3.627408981323242,0.17926056683063507,1.266467571258545,0.0,1000000,100,0.002342564519494772,0.16866162031888962,0.15261195421218873,4.779423756599426,-4.767246446609497
364544,102,0.0002798016151685393,0.0,111.11664936958823,3280.7324741000775,-2.8442978858947754,0.296083927154541,1.182319164276123,0.0,1000000,100,0.0023132876958698034,0.13000656217336654,0.1253293927013874,4.694416747093201,-4.681965794563293
366592,102,0.00027823847765363126,0.0,111.10693227587065,3299.4520908000413,-4.564591884613037,0.29411816596984863,1.2862886190414429,0.0,1000000,100,0.002285352675244212,0.11761556774377822,0.11287398092448711,4.716910243034363,-4.70451828956604
368640,102,0.0002766927083333333,0.0,111.10307508532391,3317.999971800018,-6.900270462036133,0.34063032269477844,1.4530291557312012,0.0,1000000,100,0.0022479805629700422,0.10077628828585147,0.09621879391372204,4.631619248390198,-4.619881644248962
370688,102,0.0002751640193370166,0.0,111.10579199431929,3336.35171800002,-8.497966766357422,0.3960840106010437,1.5558087825775146,0.0,1000000,100,0.0021934385877102613,0.05278148543089628,0.050700455643236636,4.420468816757202,-4.409824237823487
372736,102,0.0002736521291208791,0.0,111.11095437245433,3354.6287322000135,-8.683953285217285,0.2544175386428833,1.9839081764221191,0.0,1000000,100,0.0021567814983427525,0.06699252475053072,0.06362788133323193,4.620239157676696,-4.608830833435059
374784,102,0.00027215676229508194,0.0,111.12426679679463,3372.656673499965,-6.250422477722168,0.13811346888542175,1.7313836812973022,0.0,1000000,100,0.0021285349503159523,0.07016823332756758,0.0676826211810112,4.758470783233642,-4.7468456411361695
376832,102,0.00027067764945652175,0.0,111.12598365724759,3391.0341002000496,-7.307366847991943,0.30450066924095154,1.817728042602539,0.0,1000000,100,0.0021140663884580135,0.07209182932972907,0.07010939035564662,4.853317351341247,-4.841153259277344
378880,102,0.00026921452702702704,0.0,111.12693314519139,3409.4345022999914,-6.880008697509766,0.26613253355026245,1.9475756883621216,0.0,1000000,100,0.002115172566846013,0.06729036714881659,0.06515615422278642,4.930865435600281,-4.9180899286270146
380928,102,0.00026776713709677417,0.0,111.13085184945857,3427.7430044000503,-7.416971683502197,0.2779269516468048,1.9936392307281494,0.0,1000000,100,0.00212523783557117,0.07156073212623597,0.06926240634173154,5.03620831489563,-5.023099889755249
382976,102,0.00026633522727272725,0.0,111.12577645770597,3446.3291255000513,-7.4523186683654785,0.2236272394657135,2.0080044269561768,0.0,1000000,100,0.002121083904057741,0.060763582549989224,0.05930051665753126,4.9446626567840575,-4.932117276191711
385024,102,0.00026491855053191487,0.0,111.11608172107161,3465.060988800018,-8.326574325561523,0.14241373538970947,2.1837003231048584,0.0,1000000,100,0.002114248927682638,0.05336347971111536,0.05150252468883991,4.959747977256775,-4.947269139289856
387072,102,0.00026351686507936506,0.0,111.10270202241608,3483.9116687000496,-9.12617301940918,0.10478895902633667,2.1397807598114014,0.0,1000000,100,0.002122189849615097,0.0540864572301507,0.05312420826405287,5.058242387771607,-5.045239877700806
389120,102,0.0002621299342105263,0.0,111.09686070415117,3502.5292121999664,-7.21529483795166,0.09764989465475082,1.9119160175323486,0.0,1000000,100,0.002146718092262745,0.0603459931910038,0.05871903751045465,5.19205644607544,-5.178422894477844
391168,102,0.0002607575261780105,0.0,111.10446986682287,3520.7224378000246,-7.569684028625488,0.11451663076877594,1.8085229396820068,0.0,1000000,100,0.002188699319958687,0.06111798070371151,0.060146880783140656,5.375958046913147,-5.361621131896973
393216,102,0.0002593994140625,0.0,111.11504999630642,3538.818549000076,-7.918448448181152,0.13019120693206787,1.7885557413101196,0.0,1000000,100,0.0022376389242708683,0.06663199461996555,0.06572962671518326,5.586496396064758,-5.57173026561737
395264,102,0.0002580553756476684,0.0,111.12261623416143,3557.007685699966,-11.991515159606934,0.11821886897087097,1.9314675331115723,0.0,1000000,100,0.0022859268356114626,0.12541489027440547,0.10303971208631993,5.8600152969360355,-5.845020923614502
397312,102,0.0002567251932989691,0.0,111.11972448641336,3575.530823500012,-13.25871467590332,0.11812978237867355,2.1613337993621826,0.0,1000000,100,0.0023269362282007933,0.18955195009708403,0.13601371355354785,6.003889183998108,-5.988866086006165
399360,102,0.00025540865384615386,0.0,111.11766975996929,3594.0278522999724,-19.268280029296875,0.14630214869976044,2.2977631092071533,0.0,1000000,100,0.002369009656831622,0.18761130705475806,0.1917121733725071,6.179853091239929,-6.164591045379638
401408,102,0.00025410554846938777,0.0,111.11157345472827,3612.656967399991,-22.035249710083008,0.09020151197910309,3.059216022491455,0.0,1000000,100,0.0024209730327129364,0.3072536212205887,0.23051898151636124,6.335746569633484,-6.319932060241699
403456,102,0.0002528156725888325,0.0,111.10958636772465,3631.153829200077,-10.163386344909668,0.15439803898334503,1.8607771396636963,0.0,1000000,100,0.002484461758285761,0.25482233822345735,0.22667817562818526,6.392063732147217,-6.375564484596253
405504,102,0.00025153882575757575,0.0,111.1028086242707,3649.80872239999,-6.080028057098389,0.09312909096479416,1.4491724967956543,0.0,1000000,100,0.002537077758461237,0.24864306762814523,0.20277953162789344,6.367382950782776,-6.350924615859985
407552,102,0.00025027481155778894,0.0,111.090008489481,3668.6647660000017,-5.845621585845947,0.13495606184005737,1.5039175748825073,0.0,1000000,100,0.0025550692807883024,0.19645761534571649,0.1843486599624157,6.303489398956299,-6.2878437328338626
409600,102,0.0002490234375,0.0,111.08430772784226,3687.289486499969,-3.102753162384033,0.1349359005689621,1.2563133239746094,0.0,1000000,100,0.0025401501916348934,0.14543298549950123,0.14001679949462414,6.007482542991638,-5.992628741264343
411648,102,0.00024778451492537314,0.0,111.08605449286078,3705.667663500062,-4.8505988121032715,0.16716089844703674,1.1127350330352783,0.0,1000000,100,0.0024834228679537773,0.0999300416558981,0.09724526308476925,5.622456846237182,-5.60883746623993
413696,102,0.0002465578589108911,0.0,111.09250482384738,3723.887589500053,-4.5417585372924805,0.2575492560863495,1.1671222448349,0.0,1000000,100,0.00239553046412766,0.07620897941291332,0.0743574360013008,5.315831456184387,-5.303413949012756
415744,102,0.00024534328817733993,0.0,111.1037985450603,3741.9422687999904,-5.302071571350098,0.19584666192531586,1.5140963792800903,0.0,1000000,100,0.002316099824383855,0.07254790112376214,0.0702052130550146,5.163357439041138,-5.1511763048171995
417792,102,0.000244140625,0.0,111.09193856566121,3760.7769330000738,-5.703500747680664,0.19826197624206543,1.4747151136398315,0.0,1000000,100,0.002258912893012166,0.0705056493729353,0.06847038272768259,5.100963129997253,-5.088623819351196
419840,102,0.00024294969512195122,0.0,111.08045433913814,3779.602833800018,-8.336708068847656,0.200625479221344,1.8435356616973877,0.0,1000000,100,0.0022235745564103127,0.07362396515905857,0.0720023176074028,5.22318024635315,-5.210538911819458
421888,102,0.00024177032766990291,0.0,111.07935814521448,3798.0774019999662,-5.49513578414917,0.2151002585887909,1.646507740020752,0.0,1000000,100,0.00221268436871469,0.07951247997581959,0.07800409577786922,5.317115259170532,-5.304024624824524
423936,102,0.00024060235507246378,0.0,111.07211850434085,3816.76343000005,-6.835261344909668,0.21445278823375702,1.7956006526947021,0.0,1000000,100,0.0022194834891706705,0.08171292535960674,0.08042105935513973,5.455739507675171,-5.442254538536072
425984,102,0.00023944561298076922,0.0,111.0734931706757,3835.154435500037,-5.489297866821289,0.21936623752117157,1.3789799213409424,0.0,1000000,100,0.002236182801425457,0.08580078937113285,0.08424879275262356,5.3882211446762085,-5.3744981002807615
428032,102,0.00023829994019138756,0.0,111.0662927282663,3853.8425069000805,-5.316749572753906,0.30812257528305054,1.3277208805084229,0.0,1000000,100,0.002239726949483156,0.08107125259935856,0.07944592997431756,5.323579297065735,-5.310102338790894
430080,102,0.00023716517857142857,0.0,111.06569550484954,3872.302766800043,-5.853520393371582,0.3460255563259125,1.2745236158370972,0.0,1000000,100,0.0022238988894969225,0.07602544754743576,0.07499839544296265,5.164140510559082,-5.151108002662658
432128,102,0.000236041172985782,0.0,111.06603841033714,3890.730291499989,-7.1842041015625,0.30632826685905457,1.3708561658859253,0.0,1000000,100,0.0021849151235073805,0.07061076395213604,0.07009835857897997,5.228322830200195,-5.215851550102234
434176,102,0.0002349277712264151,0.0,111.0781563675291,3908.7433047000086,-9.264806747436523,0.3647836148738861,1.6608492136001587,0.0,1000000,100,0.002140242140740156,0.07351032689213753,0.07174408998340369,5.223934850692749,-5.2117774963378904
436224,102,0.00023382482394366196,0.0,111.08891620484924,3926.800394700025,-16.659717559814453,0.412988543510437,2.347370147705078,0.0,1000000,100,0.0020970813930034637,0.07034827634692192,0.06786235515028238,5.3337769079208375,-5.321837863922119
438272,102,0.00023273218457943925,0.0,111.08035500393937,3945.540145099978,-9.58475112915039,0.23398667573928833,1.6270060539245605,0.0,1000000,100,0.0020981007255613804,0.07104246530681849,0.07034455217421055,5.386126623153687,-5.373481888771057
440320,102,0.0002316497093023256,0.0,111.07507723411499,3964.165598300053,-9.193055152893066,0.3460024297237396,1.4297326803207397,0.0,1000000,100,0.002131502842530608,0.07097142409533262,0.07314799245446921,5.393074259757996,-5.379840784072876
442368,102,0.00023057725694444444,0.0,111.07275435609311,3982.6868665000657,-6.441454887390137,0.4170478582382202,1.2770416736602783,0.0,1000000,100,0.0021676835604012012,0.06410940483212471,0.0642131869494915,5.213336968421936,-5.1998422765731815
444416,102,0.00022951468894009218,0.0,111.06031489436664,4001.5733830999816,-4.853896141052246,0.48712921142578125,1.168388843536377,0.0,1000000,100,0.0022079143673181534,0.052665164321661,0.05222532469779253,4.974762902259827,-4.961028227806091
446464,102,0.00022846186926605506,0.0,111.04840484571976,4020.4449638000224,-9.416805267333984,0.6325452923774719,1.6053071022033691,0.0,1000000,100,0.0022329725325107574,0.04821343805640936,0.04715317763388157,4.578985352516174,-4.565317401885986
448512,102,0.00022741866438356163,0.0,111.0414830208574,4039.139137899969,-2.276455879211426,0.6207535862922668,0.8896923065185547,0.0,1000000,100,0.0022801398299634457,0.037981889434158804,0.037515627052634955,4.30007999420166,-4.285867547988891
450560,102,0.00022638494318181818,0.0,111.04721818440879,4057.373137000017,-2.9341471195220947,0.8264995217323303,0.8579351902008057,0.0,1000000,100,0.002334733959287405,0.03180189378559589,0.031637964881956575,4.049952301979065,-4.035336503982544
452608,102,0.00022536057692307694,0.0,111.0567096754148,4075.4674014999764,-2.6180007457733154,0.7460017204284668,0.7924751043319702,0.0,1000000,100,0.0023586105089634657,0.026289477199316024,0.026075302939862013,3.840819115638733,-3.826433038711548
454656,102,0.0002243454391891892,0.0,111.06489839535253,4093.606590099982,-4.1132097244262695,0.6524121165275574,0.9356401562690735,0.0,1000000,100,0.002369169844314456,0.02505733324214816,0.024731689728796483,3.7207733464241026,-3.7064522981643675
456704,102,0.0002233394058295964,0.0,111.06896443866592,4111.895724500064,-3.825986385345459,0.7249609231948853,0.8767093420028687,0.0,1000000,100,0.0023463452234864235,0.02175401257351041,0.02129833657294512,3.688714723587036,-3.6749071860313416
458752,102,0.00022234235491071428,0.0,111.07439834898919,4130.132657199982,-4.4894609451293945,0.8079866170883179,0.8931087255477905,0.0,1000000,100,0.0023091603070497513,0.02100972192361951,0.020426581129431725,3.6046178054809572,-3.5911225080490112
460800,102,0.00022135416666666666,0.0,111.07484193178807,4148.554181899992,-5.835643768310547,0.7711677551269531,1.1198365688323975,0.0,1000000,100,0.0022732485085725784,0.021349823586642742,0.021213063653558493,3.5782281827926634,-3.5649395322799684
462848,102,0.00022037472345132742,0.0,111.07646272317419,4166.931397099979,-6.702994346618652,0.65702223777771,1.4453778266906738,0.0,1000000,100,0.0022241640836000443,0.024123986400663853,0.023917533587664366,3.6055153036117553,-3.5926218581199647
464896,102,0.00021940390969162995,0.0,111.0677093652007,4185.698999800021,-7.745413780212402,0.564917802810669,1.7113651037216187,0.0,1000000,100,0.002193561987951398,0.028405190650373696,0.028303606640547513,3.6430141353607177,-3.6300968956947326
466944,102,0.00021844161184210526,0.0,111.06154020887855,4204.371730500017,-9.153526306152344,0.63124018907547,1.908115267753601,0.0,1000000,100,0.0021676989272236824,0.04018121616914869,0.03949946690350771,3.720733096599579,-3.707935335636139
468992,102,0.00021748771834061135,0.0,111.06436305753631,4222.7046290000435,-13.057751655578613,0.5036943554878235,2.4073610305786133,0.0,1000000,100,0.0021663454826921225,0.06430028088390827,0.07295689545571804,3.9211519360542297,-3.908152844905853
471040,102,0.0002165421195652174,0.0,111.06879082494548,4240.975313600036,-12.822516441345215,0.2910364270210266,2.236973524093628,0.0,1000000,100,0.0021819269750267267,0.10907231137156487,0.091601378954947,4.107971527576447,-4.094715135097504
473088,102,0.00021560470779220778,0.0,111.08322573048335,4258.860839599976,-10.88981819152832,0.28377294540405273,1.995321273803711,0.0,1000000,100,0.002179882489144802,0.09783071495592593,0.09216209355741739,4.217804865837097,-4.2047708702087405
475136,102,0.0002146753771551724,0.0,111.0910291393368,4276.99701479997,-12.522289276123047,0.33079469203948975,2.167637586593628,0.0,1000000,100,0.002189622027799487,0.12160680204629898,0.11382513798773289,4.4023737668991085,-4.3891533088684085
477184,102,0.00021375402360515022,0.0,111.09474199315042,4295.288790800027,-11.682283401489258,0.34656429290771484,2.022956609725952,0.0,1000000,100,0.002162609249353409,0.11853248849511147,0.11563819006085396,4.487243504524231,-4.47443678855896
479232,102,0.00021284054487179487,0.0,111.09257846017992,4313.807516600005,-6.959677219390869,0.26381462812423706,1.601892352104187,0.0,1000000,100,0.002120432909578085,0.10678467094898224,0.10646314658224583,4.483077583312988,-4.470629315376282
481280,102,0.00021193484042553192,0.0,111.09186880847304,4332.270265700063,-4.726065635681152,0.4668322205543518,1.2780976295471191,0.0,1000000,100,0.002051603514701128,0.08633900508284569,0.08289546646177769,4.434722971916199,-4.422880439758301
483328,102,0.00021103681144067797,0.0,111.08467457699271,4350.98722520005,-2.2727184295654297,0.491324782371521,0.9052990674972534,0.0,1000000,100,0.002024566289037466,0.06976621124893427,0.06776116851717234,4.412757868766785,-4.400785393714905
485376,102,0.00021014636075949368,0.0,111.07718005623973,4369.718422400067,-1.807891845703125,0.5060339570045471,0.7924737334251404,0.0,1000000,100,0.002022498520091176,0.04061131369322538,0.04058622762560844,4.297062468528748,-4.284955701828003
487424,102,0.00020926339285714285,0.0,111.07514188150235,4388.236573399976,-1.9216346740722656,0.4311397969722748,0.9213218688964844,0.0,1000000,100,0.002080019796267152,0.03522978210821748,0.035387399215251206,4.306930007934571,-4.294097356796264
489472,102,0.00020838781380753138,0.0,111.07008827534636,4406.875042599975,-3.7211508750915527,0.4299764037132263,1.294496774673462,0.0,1000000,100,0.002147878287360072,0.029389269929379225,0.030146293938159943,4.327830147743225,-4.314537587165833
491520,102,0.00020751953125,0.0,111.07505138691957,4425.116116199992,-4.35677433013916,0.459374338388443,1.4459669589996338,0.0,1000000,100,0.002206128556281328,0.03044854212552309,0.03085403634235263,4.337593650817871,-4.323992390632629
493568,102,0.00020665845435684647,0.0,111.08516829932206,4443.149410100072,-1.4339635372161865,0.3557664752006531,0.9872874617576599,0.0,1000000,100,0.0022455507423728704,0.03626936867833137,0.03584487663581967,4.3389812231063845,-4.325293283462525
495616,102,0.00020580449380165288,0.0,111.09544991300223,4461.172805799986,-2.969313383102417,0.3012167513370514,1.326512336730957,0.0,1000000,100,0.0022713965736329556,0.037492689713835715,0.03652489274740219,4.404832410812378,-4.391068687438965
497664,102,0.00020495756172839505,0.0,111.10202622072568,4479.342248999979,-2.778420925140381,0.29409584403038025,1.4309803247451782,0.0,1000000,100,0.002313867909833789,0.03655670903623104,0.03649240838363767,4.42023072719574,-4.40610303401947
499712,102,0.00020411757172131149,0.0,111.10869601939518,4497.5057570000645,-4.363472938537598,0.3312143385410309,1.7204203605651855,0.0,1000000,100,0.0023579695262014866,0.03804286044090986,0.03861575491726398,4.410845742225647,-4.39645302772522
501760,102,0.0002032844387755102,0.0,111.11264330196289,4515.777728700079,-6.836454391479492,0.3283863663673401,1.9099042415618896,0.0,1000000,100,0.0024290764704346657,0.050020234398543834,0.049332642294466496,4.453350687026978,-4.4383894014358525
503808,102,0.00020245807926829267,0.0,111.1149214871442,4534.116509800078,-5.726778984069824,0.39261767268180847,1.8915222883224487,0.0,1000000,100,0.0025282935239374638,0.04672088008373976,0.04683144275099039,4.451514391899109,-4.435770769119262
505856,102,0.0002016384109311741,0.0,111.10706238278291,4552.869900000049,-2.6147069931030273,0.12637710571289062,1.553889274597168,0.0,1000000,100,0.0026510958559811115,0.047544954009354115,0.04738499209284783,4.397145752906799,-4.380478549003601
507904,102,0.00020082535282258066,0.0,111.10005770853995,4571.590784700005,-2.1972579956054688,0.1411915272474289,1.617194652557373,0.0,1000000,100,0.0027725016698241234,0.04576357912272215,0.046017960011959076,4.315897483825683,-4.298421130180359
509952,102,0.0002000188253012048,0.0,111.09963899849798,4590.041917299968,-2.3484997749328613,0.1534925252199173,1.453763484954834,0.0,1000000,100,0.0028549954295158386,0.03850822944194079,0.038682895712554455,4.246441297531128,-4.228750963211059
512000,102,0.00019921875,0.0,111.10227268180074,4608.366576500004,-1.6806306838989258,0.2256021797657013,1.2992271184921265,0.0,1000000,100,0.002940904349088669,0.032330527752637866,0.032692384514957665,4.117948799133301,-4.099667963981628
514048,102,0.00019842504980079683,0.0,111.10987941243673,4626.4832858999725,-0.7197853922843933,0.22169901430606842,1.266380786895752,0.0,1000000,100,0.0030975716654211283,0.024909472968429328,0.025323792453855277,3.977223551273346,-3.9573344945907594
516096,102,0.0001976376488095238,0.0,111.11300871851304,4644.7846741999965,-0.8588682413101196,0.37186872959136963,1.1817409992218018,0.0,1000000,100,0.0032737976871430874,0.022000585738569497,0.02240081349387765,3.821066267490387,-3.7997648119926453
518144,102,0.0001968564723320158,0.0,111.1099599534694,4663.344314199989,-0.2920808494091034,0.516477644443512,0.8117504715919495,0.0,1000000,100,0.0034165733959525824,0.019263125229626893,0.01952628744766116,3.637080647945404,-3.615072455406189
520192,102,0.0001960814468503937,0.0,111.11158014930919,4681.708236900042,0.11580171436071396,0.5002278685569763,0.8985493183135986,0.0,1000000,100,0.003516099415719509,0.01593327014707029,0.01614836431108415,3.4279802680015563,-3.4058317804336546
522240,102,0.0001953125,0.0,111.11343107348098,4700.061864300049,0.6020976305007935,0.480739951133728,0.9533596038818359,0.0,1000000,100,0.0035605006851255894,0.013170925993472337,0.013231073124334216,3.2299585366249084,-3.2081745147705076
524288,102,0.000194549560546875,0.0,111.11253370057747,4718.5315872000065,-0.8512864112854004,0.4110792875289917,1.4962234497070312,0.0,1000000,100,0.0035935903433710337,0.012368636233732104,0.012270291047170758,3.1011465096473696,-3.0792393565177916
526336,102,0.00019379255836575874,0.0,111.10377855218421,4737.3366312000435,0.6731539964675903,0.37803009152412415,1.0824147462844849,0.0,1000000,100,0.0036080526188015938,0.013247533226385713,0.013068322520703078,2.9876419830322267,-2.9658923029899595
528384,102,0.00019304142441860464,0.0,111.10087330278415,4755.894209400052,-2.079416513442993,0.4653794765472412,1.4850835800170898,0.0,1000000,100,0.0036089078057557344,0.015195065317675472,0.015321981152519584,3.0000151205062866,-2.9783613777160642
530432,102,0.00019229609073359073,0.0,111.10105886851059,4774.319933600025,-6.347663879394531,0.36445245146751404,1.745579481124878,0.0,1000000,100,0.0035524265840649605,0.030042963456362485,0.02998905409127474,3.2907837891578673,-3.269983651638031
532480,102,0.00019155649038461538,0.0,111.10582335565707,4792.548076400068,-1.053444743156433,0.29547759890556335,1.090837001800537,0.0,1000000,100,0.003476435085758567,0.035345187932252886,0.03532908631488681,3.516743881702423,-3.4965196657180786
534528,102,0.00019082255747126438,0.0,111.1204173402724,4810.349104100023,-0.5376327037811279,0.14871512353420258,1.3490757942199707,0.0,1000000,100,0.0034240414388477802,0.03590109242126346,0.036361341252923014,3.7114223504066466,-3.6912926602363587
536576,102,0.00019009422709923663,0.0,111.13238131459434,4828.259717400069,-2.530756950378418,0.24721550941467285,1.299404501914978,0.0,1000000,100,0.003329979255795479,0.03664925197139382,0.03699760733172298,3.9807890272140503,-3.961575996875763
538624,102,0.00018937143536121672,0.0,111.13964363059463,4846.371487300028,-3.259868621826172,0.36889684200286865,1.2405786514282227,0.0,1000000,100,0.0032154759392142296,0.0345511781796813,0.03566214678809047,4.171341323852539,-4.152990865707397
540672,102,0.0001886541193181818,0.0,111.14474275595228,4864.575566900079,-2.5976555347442627,0.1966567039489746,1.4564807415008545,0.0,1000000,100,0.0030766641721129417,0.0275426877848804,0.027810968216508625,4.1270268392562866,-4.109798107147217
542720,102,0.0001879422169811321,0.0,111.14708506320406,4882.899085400044,-5.396856307983398,0.19581463932991028,1.8881919384002686,0.0,1000000,100,0.0029404121451079845,0.025699475426226855,0.02591515816748142,4.156279230117798,-4.139961876869202
544768,102,0.00018723566729323307,0.0,111.14101492560874,4901.592813099967,-1.7946857213974,0.14713355898857117,1.5433499813079834,0.0,1000000,100,0.0028556666802614927,0.024230574276298284,0.024471084773540496,4.17578275680542,-4.159468502998352
546816,102,0.00018653441011235955,0.0,111.13456265175446,4920.305501300027,-4.374940872192383,0.2741480767726898,1.7187514305114746,0.0,1000000,100,0.0027916335966438055,0.02441534198820591,0.02471004329621792,4.1473260545730595,-4.1311679410934445
548864,102,0.00018583838619402985,0.0,111.130652736518,4938.907371500041,-1.2106715440750122,0.1241140067577362,1.33266282081604,0.0,1000000,100,0.0027427631430327892,0.027242123913019896,0.02719986664131284,4.1095618057250975,-4.0935538864135745
550912,102,0.0001851475371747212,0.0,111.1314880122262,4957.298870500061,-1.3467903137207031,0.14856047928333282,1.2218468189239502,0.0,1000000,100,0.002690373919904232,0.02637628950178623,0.026615696679800748,4.041938180923462,-4.026275045871735
552960,102,0.00018446180555555555,0.0,111.12728624247357,4975.915625200025,-2.8791775703430176,0.13497668504714966,1.5706050395965576,0.0,1000000,100,0.002652036491781473,0.028708521854132415,0.028930516839027406,4.033347542285919,-4.017763369083404
555008,102,0.00018378113468634687,0.0,111.13068620898248,4994.19214379997,-7.341444969177246,0.26115575432777405,2.0414018630981445,0.0,1000000,100,0.002629817696288228,0.033328633327037095,0.032633750699460506,4.124544839859009,-4.108967008590699
557056,102,0.00018310546875,0.0,111.13946277320196,5012.225055800052,-10.85040283203125,0.21941129863262177,2.231926441192627,0.0,1000000,100,0.002585319336503744,0.037103754468262196,0.03702701916918159,4.172725863456726,-4.157581958770752
559104,102,0.00018243475274725275,0.0,111.13917940944835,5030.665180100012,-6.785726070404053,0.20875929296016693,2.141786575317383,0.0,1000000,100,0.002558287465944886,0.043567725084722043,0.043670039437711236,4.2803736543655395,-4.265203976631165
561152,102,0.00018176893248175182,0.0,111.13785654721696,5049.1526238999795,-7.342813014984131,0.18310952186584473,2.1160731315612793,0.0,1000000,100,0.0026154599618166685,0.05865868363529444,0.05898743085563183,4.446367788314819,-4.430214266777039
563200,102,0.00018110795454545455,0.0,111.13653748366389,5067.640334600001,-4.828909873962402,0.5056153535842896,1.2905592918395996,0.0,1000000,100,0.0026670072693377733,0.06599745497107506,0.06687438767403364,4.493037152290344,-4.476683535575867
565248,102,0.00018045176630434781,0.0,111.12615303089632,5086.543397600064,-1.9659627676010132,0.3937479555606842,1.0728087425231934,0.0,1000000,100,0.002674614079296589,0.06398700464516878,0.06496361169964075,4.298158268928528,-4.282094378471374
567296,102,0.00017980031588447654,0.0,111.11522923285114,5105.474775300012,-0.6705817580223083,0.38709235191345215,1.0073187351226807,0.0,1000000,100,0.0026555024087429047,0.06022878561168909,0.060703657492995264,4.086517353057861,-4.070746116638183
569344,102,0.00017915355215827338,0.0,111.113642075894,5123.9792824999895,-1.2291162014007568,0.33973678946495056,1.1978929042816162,0.0,1000000,100,0.0025942043866962194,0.049786194302141665,0.0504287189617753,3.920781309604645,-3.9056187891960144
571392,102,0.0001785114247311828,0.0,111.10885126768882,5142.632593899965,-1.2166974544525146,0.280159592628479,1.257786750793457,0.0,1000000,100,0.002498734276741743,0.030592248514294623,0.0309637750685215,3.7035995531082153,-3.6892714214324953
573440,102,0.00017787388392857142,0.0,111.11504669619272,5160.777203900041,-3.0967354774475098,0.24491040408611298,1.581850290298462,0.0,1000000,100,0.002376828109845519,0.02541487105190754,0.025490473341196775,3.595268545150757,-3.5819195556640624
575488,102,0.00017724088078291815,0.0,111.12301489872716,5178.837170000072,-4.277503967285156,0.19607314467430115,1.654820442199707,0.0,1000000,100,0.002333212411031127,0.028293488901108502,0.028655812088400127,3.672180588245392,-3.658493595123291
577536,102,0.0001766123670212766,0.0,111.11740954807172,5197.529373200028,-7.182541847229004,0.33963534235954285,2.0633912086486816,0.0,1000000,100,0.00230985414236784,0.03213108899071813,0.03335449356585741,3.769476454257965,-3.755803179740906
579584,102,0.00017598829505300354,0.0,111.11757012492134,5215.952790800016,-13.226526260375977,0.5411195755004883,2.791283130645752,0.0,1000000,100,0.002469574799761176,0.03663711991161108,0.03720648348331451,3.7647781991958618,-3.748220181465149
581632,102,0.0001753686179577465,0.0,111.11564188954794,5234.474553800072,-9.438535690307617,0.6676543354988098,2.2905755043029785,0.0,1000000,100,0.0025228799786418676,0.03652041641995311,0.036874440126121046,3.662514123916626,-3.646870894432068
583680,102,0.0001747532894736842,0.0,111.10855734782444,5253.240739800036,-14.028691291809082,0.7221580147743225,2.7464447021484375,0.0,1000000,100,0.002602077554911375,0.03619558995589614,0.037366957403719425,3.572994041442871,-3.556420772075653
585728,102,0.000174142263986014,0.0,111.10636669158662,5271.777103699977,-2.022425651550293,0.22390101850032806,1.3506121635437012,0.0,1000000,100,0.002740506548434496,0.0322221489623189,0.03294760599732399,3.5093854808807374,-3.491204857826233
587776,102,0.00017353549651567945,0.0,111.09816028169085,5290.600658999989,-5.112573623657227,0.6222707629203796,1.4372055530548096,0.0,1000000,100,0.0028463962953537703,0.030270692016929387,0.031311514843255284,3.439004955291748,-3.4205678963661192
589824,102,0.00017293294270833334,0.0,111.09572328643122,5309.151266600005,-4.28499698638916,0.46825459599494934,1.3801836967468262,0.0,1000000,100,0.0028690495528280735,0.027115177363157272,0.027894032448530198,3.476299066543579,-3.458887765407562
591872,102,0.00017233455882352942,0.0,111.09315718133108,5327.708879800048,-4.687704086303711,0.14777788519859314,1.771905541419983,0.0,1000000,100,0.002818126231431961,0.027560421153903007,0.028176018372178077,3.6878862142562867,-3.671687695980072
593920,102,0.00017174030172413792,0.0,111.09626075292385,5345.994509399985,-6.69932746887207,0.2824931740760803,1.894968032836914,0.0,1000000,100,0.0027406674344092607,0.02499975260347128,0.025651054438203574,3.822409212589264,-3.806965420246124
595968,102,0.00017115012886597937,0.0,111.10489383916581,5364.01214570005,-2.850191116333008,0.16584482789039612,1.3849997520446777,0.0,1000000,100,0.0026896363124251366,0.024126651398837566,0.024423353634774686,3.8658232474327088,-3.850264296531677
598016,102,0.00017056399828767124,0.0,111.10177851002733,5382.596102599986,-3.3179287910461426,0.3080572485923767,1.1236251592636108,0.0,1000000,100,0.002681668382138014,0.02666064117103815,0.027059655264019968,3.8607406067848205,-3.8447049331665037
600064,102,0.0001699818686006826,0.0,111.09947460213493,5401.141653900035,-2.773089647293091,0.24094164371490479,1.1229441165924072,0.0,1000000,100,0.002680564997717738,0.02651013195514679,0.02679338613525033,3.793939173221588,-3.777884566783905
602112,102,0.00016940369897959184,0.0,111.10397812117955,5419.355905900011,-1.849862813949585,0.23994848132133484,1.1669831275939941,0.0,1000000,100,0.0026664412580430508,0.024085497949272394,0.024476448688656092,3.6733634877204895,-3.6574979400634766
604160,102,0.00016882944915254237,0.0,111.1007003038336,5437.949521000031,-1.5898706912994385,0.4724764823913574,1.1080833673477173,0.0,1000000,100,0.002625819528475404,0.020781002901494504,0.02119354173541069,3.502291522026062,-3.4869719457626345
606208,102,0.00016825907939189188,0.0,111.09641040001426,5456.593942300067,-2.184730052947998,0.5130535364151001,1.2892338037490845,0.0,1000000,100,0.002580603351816535,0.017351879738271236,0.017511909678578377,3.3314110589027406,-3.3163474941253663
608256,102,0.0001676925505050505,0.0,111.08693643362065,5475.495315000066,-0.963182806968689,0.335925817489624,1.3355998992919922,0.0,1000000,100,0.002537103369832039,0.014015455655753612,0.014423672603443264,3.2038100004196166,-3.1889916324615477
610304,102,0.00016712982382550336,0.0,111.08665303702064,5493.945341899991,-1.2764259576797485,0.301581472158432,1.5112073421478271,0.0,1000000,100,0.0024990893434733152,0.01283868812955916,0.012956943279132247,3.075158178806305,-3.060485453605652
612352,102,0.00016657086120401338,0.0,111.08737082891126,5512.345781799988,-5.467538833618164,0.5793933868408203,1.3273547887802124,0.0,1000000,100,0.00242948648519814,0.015619153901934624,0.015756017053499816,2.9427485251426697,-2.928799922466278
614400,102,0.000166015625,0.0,111.09095517651848,5530.6032702999655,-2.2509868144989014,0.3424147963523865,1.5711915493011475,0.0,1000000,100,0.0023817543406039476,0.015858727060258388,0.015976057574152946,2.906967396736145,-2.89303457736969
616448,102,0.0001654640780730897,0.0,111.08992831221477,5549.089907300076,-6.19467830657959,0.35922643542289734,2.0235707759857178,0.0,1000000,100,0.0023602733854204416,0.01936179825104773,0.019681551661342382,3.0216247701644896,-3.007646527290344
618496,102,0.00016491618377483444,0.0,111.06906407416682,5568.571277300012,-0.7619617581367493,0.22510254383087158,1.2279081344604492,0.0,1000000,100,0.00238085282035172,0.019167715720832347,0.019970983956009148,3.1273976278305056,-3.11294495344162
620544,102,0.00016437190594059407,0.0,111.06279078215549,5587.325832800008,-1.8997459411621094,0.4774467945098877,1.04744291305542,0.0,1000000,100,0.002396794268861413,0.019873440116643906,0.020210982114076615,3.187462294101715,-3.1729741168022154
622592,102,0.00016383120888157894,0.0,111.06039338519093,5605.886860499973,-1.9497995376586914,0.42860639095306396,1.0172796249389648,0.0,1000000,100,0.0024011076893657446,0.017463166331872344,0.01748554363846779,3.2794037795066835,-3.264986615180969
624640,102,0.00016329405737704918,0.0,111.05953517644882,5624.370739600039,-1.547593116760254,0.4493308961391449,0.9872563481330872,0.0,1000000,100,0.00239005615003407,0.015899376822635532,0.01614645360969007,3.326826033592224,-3.312558376789093
626688,102,0.00016276041666666666,0.0,111.05478832788536,5643.052491800045,-1.0617748498916626,0.22098280489444733,1.1803035736083984,0.0,1000000,100,0.0023521187249571085,0.013721776427701116,0.01411278615705669,3.2845131492614748,-3.2706536936759947
628736,102,0.00016223025244299673,0.0,111.05044268017798,5661.7153865,-4.188071250915527,0.3244941234588623,1.7609935998916626,0.0,1000000,100,0.0023250416852533817,0.012667893329635263,0.013081419793888927,3.2746917009353638,-3.2608985137939452
630784,102,0.00016170353084415584,0.0,111.05219133737941,5680.068014899967,-1.3844159841537476,0.40709537267684937,1.2949550151824951,0.0,1000000,100,0.0022808085195720196,0.011467934744432568,0.011783443801105022,3.2295994758605957,-3.21616131067276
632832,102,0.00016118021844660195,0.0,111.05266910700858,5698.485278100008,-0.9881999492645264,0.4814523458480835,1.2055416107177734,0.0,1000000,100,0.002243305556476116,0.011187982456758618,0.011386812292039394,3.1678654837608335,-3.154607322216034
634880,102,0.00016066028225806452,0.0,111.0636331359292,5716.362611899967,-0.22026893496513367,0.4736272394657135,1.1298131942749023,0.0,1000000,100,0.002217751694843173,0.010283611239865422,0.010488854870200157,3.0367129039764404,-3.02351936340332
636928,102,0.00016014368971061093,0.0,111.06256494244553,5734.857648300007,-0.31377583742141724,0.44742628931999207,1.0749082565307617,0.0,1000000,100,0.0022000742610543966,0.008406455796211958,0.008478655144572259,2.9139997458457945,-2.9008842492103577
638976,102,0.00015963040865384616,0.0,111.0606924967408,5753.394703699974,-0.2818046808242798,0.428847074508667,1.08860445022583,0.0,1000000,100,0.002155949594452977,0.007324614245444536,0.0074821289023384455,2.795912687778473,-2.783180682659149
641024,102,0.00015912040734824282,0.0,111.05686858212363,5772.033807400032,-1.4066145420074463,0.34986039996147156,1.3909131288528442,0.0,1000000,100,0.0021278834901750088,0.007203041636385024,0.007306789485737681,2.792897298336029,-2.7802480673789978
643072,102,0.00015861365445859872,0.0,111.05219938842838,5790.718270700076,-4.107823848724365,0.39534881711006165,1.738513708114624,0.0,1000000,100,0.0021420144475996494,0.00836072990205139,0.008458789181895554,2.847294511795044,-2.8343949007987974
645120,102,0.00015811011904761906,0.0,111.05047036040303,5809.25049580005,-2.3412885665893555,0.19746051728725433,1.5419681072235107,0.0,1000000,100,0.002156601520255208,0.011142901154235005,0.01121494355611503,3.006391441822052,-2.993390338420868
647168,102,0.00015760977056962025,0.0,111.04918401346808,5827.760066400049,-2.2950687408447266,0.16019192337989807,1.5561394691467285,0.0,1000000,100,0.0021794575732201338,0.012648390615358948,0.012782890917733311,3.0930243635177614,-3.079882128238678
649216,102,0.0001571125788643533,0.0,111.04290168511787,5846.533097999985,-2.2679829597473145,0.19662415981292725,1.3634288311004639,0.0,1000000,100,0.002179478295147419,0.013402387695387007,0.01439707868732512,3.1864253211021425,-3.173332698345184
651264,102,0.0001566185141509434,0.0,111.0418501567074,5865.031959400047,-2.3565151691436768,0.3230551481246948,1.223129153251648,0.0,1000000,100,0.0021725213155150414,0.014586320715025067,0.014852948244661093,3.2720950937271116,-3.259073338508606
653312,102,0.00015612754702194358,0.0,111.04158080076907,5883.4897278000135,-2.5752146244049072,0.40651801228523254,1.1596022844314575,0.0,1000000,100,0.002146596321836114,0.013648773040622474,0.013975530555471778,3.298831431865692,-3.2860351610183716
655360,102,0.0001556396484375,0.0,111.04986520246045,5901.492980699986,-1.784235954284668,0.21878929436206818,1.3011856079101562,0.0,1000000,100,0.002138987183570862,0.012993783382698893,0.013267465503886341,3.303202950954437,-3.2903887152671816
657408,102,0.00015515478971962616,0.0,111.05205053687645,5919.818651000038,-1.1665146350860596,0.0923633798956871,1.4601922035217285,0.0,1000000,100,0.0022001720499247313,0.014056913685053588,0.014286302914842963,3.3507075262069703,-3.3373592925071716
659456,102,0.00015467294254658384,0.0,111.05546104396275,5938.078089999966,-5.409770965576172,0.2580101490020752,1.7325700521469116,0.0,1000000,100,0.002248550998046994,0.015297781508415938,0.015615255236625672,3.449428493976593,-3.4357986640930176
661504,102,0.0001541940789473684,0.0,111.05335878738319,5956.6320841000415,-3.968503952026367,0.11492156237363815,1.5604019165039062,0.0,1000000,100,0.0022802017629146576,0.015815737303346396,0.0160444397572428,3.4905700731277465,-3.476817018985748
663552,102,0.0001537181712962963,0.0,111.04881366286706,5975.318223700044,-4.371974945068359,0.11222076416015625,1.5707719326019287,0.0,1000000,100,0.002298346720635891,0.018182377489283683,0.018089704681187868,3.601487913131714,-3.5876321315765383
665600,102,0.0001532451923076923,0.0,111.04189619328326,5994.133951400057,-5.4362711906433105,0.1748628467321396,1.7263846397399902,0.0,1000000,100,0.002284595277160406,0.018856451883912086,0.018948706164956093,3.6574270129203796,-3.6437580442428588
667648,102,0.00015277511503067486,0.0,111.04078717154637,6012.637491200003,-3.4831581115722656,0.19201698899269104,1.6252737045288086,0.0,1000000,100,0.0022735767997801304,0.01936084358021617,0.019231730438768864,3.6185787773132323,-3.6049567461013794
669696,102,0.0001523079128440367,0.0,111.04134835061663,6031.0506847000215,-5.336287975311279,0.30322277545928955,1.676165223121643,0.0,1000000,100,0.002330437069758773,0.02530213102698326,0.02523791875690222,3.5981071543693544,-3.5839923191070557
671744,102,0.0001518435594512195,0.0,111.04267540455201,6049.421968200011,-3.8569655418395996,0.17539748549461365,1.572747826576233,0.0,1000000,100,0.002400288125500083,0.02492103001102805,0.02501658694818616,3.6248150157928465,-3.610245044231415
673792,102,0.00015138202887537993,0.0,111.03980962559942,6068.021930800052,-2.657865524291992,0.17382363975048065,1.4671058654785156,0.0,1000000,100,0.002483457326889038,0.027262433785945176,0.02697774350643158,3.579038724899292,-3.563928818702698
675840,102,0.00015092329545454545,0.0,111.03937488582041,6086.489596100058,-4.746801376342773,0.13076519966125488,1.6830183267593384,0.0,1000000,100,0.002561369678005576,0.030516060534864664,0.031092279702425004,3.568773868083954,-3.553192105293274
677888,102,0.000150467333836858,0.0,111.03708136340497,6105.059604200069,-2.5922601222991943,0.1604088842868805,1.5374460220336914,0.0,1000000,100,0.0026188569609075785,0.03352054338902235,0.03307909468188882,3.6414008116722107,-3.6255035543441774
679936,102,0.0001500141189759036,0.0,111.03824297726288,6123.439832700067,-4.416585445404053,0.11923406273126602,1.7943761348724365,0.0,1000000,100,0.00268578645773232,0.0338336468487978,0.03305783651769161,3.576724691390991,-3.5604232430458067
681984,102,0.00014956362612612612,0.0,111.03126724156483,6142.269803300034,-3.0313010215759277,0.18271753191947937,1.5167860984802246,0.0,1000000,100,0.0027600389439612627,0.035982217900455,0.03630929926410317,3.5610174202919005,-3.544212200641632
684032,102,0.00014911583083832336,0.0,111.02941022464786,6160.818098700023,-0.9980378150939941,0.09653647243976593,1.4243828058242798,0.0,1000000,100,0.0028416323475539684,0.036750108040869235,0.03672400631010533,3.4978976607322694,-3.4806299948692323
686080,103,0.00015012826492537314,0.00048828125,111.02426955081634,6179.549775699968,-3.753110885620117,0.11264979839324951,1.5911903381347656,0.0,1000000,100,0.0029036689084023237,0.03683829866349697,0.03694523248821497,3.485407373905182,-3.467801620960236
688128,103,0.00014968145461309525,0.0,111.01856748001902,6198.31453079998,-1.6707894802093506,0.1475258320569992,1.38010835647583,0.0,1000000,100,0.0029561338014900684,0.03603983648121357,0.03670194711536169,3.457169623374939,-3.439280219078064
690176,103,0.00014923729599406528,0.0,111.01540735684647,6216.938859499991,-1.1937600374221802,0.19360984861850739,1.2043852806091309,0.0,1000000,100,0.002949182875454426,0.033743925262242555,0.03419791255146265,3.4642454266548155,-3.446622922420502
692224,103,0.00014879576553254438,0.0,111.02231736842107,6234.99865980004,-0.17974087595939636,0.103767029941082,1.336670160293579,0.0,1000000,100,0.0029083359986543655,0.05915812434628606,0.059532521236687896,3.4091636157035827,-3.391880178451538
694272,103,0.00014835683997050148,0.0,111.02873644423826,6253.083861300023,-1.465843677520752,0.1446702629327774,1.490068793296814,0.0,1000000,100,0.0028457436710596085,0.030206316895782948,0.0304488311894238,3.330477874279022,-3.313602077960968
696320,103,0.0001479204963235294,0.0,111.03543536838843,6271.151166200056,-1.6144568920135498,0.16323648393154144,1.496978759765625,0.0,1000000,100,0.002743162214756012,0.02780358588322997,0.027782549504190682,3.189708378314972,-3.1736206126213076
698368,103,0.00014748671187683285,0.0,111.03569412561224,6289.581071199966,-5.736618995666504,0.3404898941516876,1.8200602531433105,0.0,1000000,100,0.002643617568537593,0.025286338068544866,0.025430162753909826,3.1466756153106687,-3.131164131164551
700416,103,0.00014705546418128656,0.0,111.03978977098484,6307.792922200053,-4.085083961486816,0.24925829470157623,1.6323981285095215,0.0,1000000,100,0.0026399344205856323,0.027077073864638805,0.027448388990014793,3.128057417869568,-3.112244987487793
702464,103,0.00014662673104956267,0.0,111.03896383864962,6326.283817099989,-5.538887977600098,0.3155018985271454,1.7216159105300903,0.0,1000000,100,0.0026197200641036034,0.02565735824406147,0.02567917641252279,3.090611066818237,-3.074969983100891
704512,103,0.00014620049055232557,0.0,111.03113508056019,6345.17515730008,-4.470406532287598,0.16363923251628876,1.4427733421325684,0.0,1000000,100,0.0026349567342549562,0.0307929303124547,0.031261213738471266,3.17118426322937,-3.155329804420471
706560,103,0.00014577672101449276,0.0,111.02710206351664,6363.851589999977,-2.2725915908813477,0.09817564487457275,1.4737111330032349,0.0,1000000,100,0.002704532817006111,0.0295974718593061,0.029778259191662073,3.205486192703247,-3.189049091339111
708608,103,0.0001453554010115607,0.0,111.02597303902714,6382.362438300042,-3.190519094467163,0.15414007008075714,1.3021644353866577,0.0,1000000,100,0.002717463532462716,0.031133797466754914,0.030682538095861675,3.177521758079529,-3.161203761100769
710656,103,0.00014493650936599423,0.0,111.02879210663497,6400.646053300006,-3.617241621017456,0.20022128522396088,1.2619613409042358,0.0,1000000,100,0.002667994238436222,0.02652043169364333,0.026336695980280638,3.1398386764526367,-3.1240056014060973
712704,103,0.00014452002514367816,0.0,111.03187354667047,6418.913571699988,-2.669160842895508,0.13674208521842957,1.319778561592102,0.0,1000000,100,0.0026287997607141733,0.023403741102665663,0.023169719334691762,3.1700106406211854,-3.1543803548812868
714752,103,0.0001441059276504298,0.0,111.03924498669416,6436.93137580005,-3.93068790435791,0.1739603877067566,1.5581552982330322,0.0,1000000,100,0.002548243384808302,0.01978542286902666,0.01961084933951497,3.2066957330703736,-3.1916517353057863
716800,103,0.00014369419642857142,0.0,111.0404118554163,6455.307468899991,-3.628185510635376,0.19105412065982819,1.5685955286026,0.0,1000000,100,0.0024435853119939566,0.017524368120357393,0.017557166814804077,3.2652643299102784,-3.250963358879089
718848,103,0.00014328481125356124,0.0,111.03173977563426,6474.2568336999975,-3.094022750854492,0.18791504204273224,1.561765193939209,0.0,1000000,100,0.0023655935656279325,0.01734494245611131,0.01738274170085788,3.351568262577057,-3.337636423110962
720896,103,0.0001428777521306818,0.0,111.0352256253839,6492.498177399975,-4.884849548339844,0.3001342713832855,1.6883203983306885,0.0,1000000,100,0.0023052161559462547,0.01767009884119034,0.017666821610182525,3.3793863463401794,-3.3657497143745423
722944,103,0.0001424729992917847,0.0,111.03526899269947,6510.940231500077,-2.7001709938049316,0.22725389897823334,1.4859563112258911,0.0,1000000,100,0.0022552802693098783,0.01733717828989029,0.017450546808540822,3.362576310634613,-3.34921222448349
724992,103,0.0001420705331920904,0.0,111.03718867990926,6529.271936899982,-4.407923221588135,0.35289275646209717,1.5545564889907837,0.0,1000000,100,0.002211096230894327,0.01766992060467601,0.01792669678106904,3.3235519099235535,-3.3104311060905456
727040,103,0.00014167033450704225,0.0,111.03482443624056,6547.855627199984,-4.205382347106934,0.22940023243427277,1.5479528903961182,0.0,1000000,100,0.0022258064709603786,0.01858774485066533,0.018762953765690326,3.306314272880554,-3.292932081222534
729088,103,0.00014127238412921348,0.0,111.03462880945244,6566.311859800015,-3.045182943344116,0.09592689573764801,1.5601613521575928,0.0,1000000,100,0.0022241948172450066,0.019906367622315884,0.019897509943693877,3.332643928527832,-3.319305486679077
731136,103,0.0001408766631652661,0.0,111.03664794744874,6584.636815999984,-2.302250862121582,0.12467873096466064,1.4394744634628296,0.0,1000000,100,0.002206524135544896,0.020511972326785324,0.020831728484481574,3.3681471371650695,-3.3549475860595703
733184,103,0.0001404831529329609,0.0,111.04448931625284,6602.614902500063,-1.6927725076675415,0.08762020617723465,1.5700500011444092,0.0,1000000,100,0.0022090431302785873,0.02084606045857072,0.021200749687850476,3.347475855350494,-3.3342203521728515
735232,103,0.00014009183495821727,0.0,111.05175893937623,6620.624536000076,-2.9157066345214844,0.08899010717868805,1.6717596054077148,0.0,1000000,100,0.0022708410397171974,0.020548086427152158,0.0207388617657125,3.3021884083747866,-3.288394432067871
737280,103,0.00013970269097222221,0.0,111.05212999556207,6639.044204100035,-2.5558323860168457,0.0815318152308464,1.5884448289871216,0.0,1000000,100,0.002292014192789793,0.019551358614116908,0.01969838948920369,3.2889383482933043,-3.2751101732254027
739328,103,0.00013931570290858726,0.0,111.0538606071169,6657.382246399997,-1.7661391496658325,0.08653713017702103,1.4713325500488281,0.0,1000000,100,0.0022729395423084497,0.0184134922362864,0.01883356610313058,3.284330325126648,-3.2707353234291077
741376,103,0.00013893085290055248,0.0,111.051109760038,6675.989115300006,-2.444845199584961,0.08728451281785965,1.582112193107605,0.0,1000000,100,0.0022586057893931866,0.01744723627343774,0.017686199005693196,3.2629297256469725,-3.2494065523147584
743424,103,0.0001385481232782369,0.0,111.04786417935654,6694.626731400029,-3.030428886413574,0.07790734618902206,1.691345453262329,0.0,1000000,100,0.0022066524252295494,0.017534610740840437,0.017717619501054285,3.324305651187897,-3.311182773113251
745472,103,0.00013816749656593406,0.0,111.04182386223312,6713.434398600017,-4.088411331176758,0.14558498561382294,1.801881194114685,0.0,1000000,100,0.00225132517516613,0.018434599582105873,0.01845902467146516,3.321321449279785,-3.30771151304245
747520,103,0.00013778895547945206,0.0,111.03952431593206,6732.017311900039,-3.856879234313965,0.1860247701406479,1.7648968696594238,0.0,1000000,100,0.0023372904397547245,0.017786979153752328,0.01755844141356647,3.2843756008148195,-3.2701327991485596
749568,103,0.00013741248292349726,0.0,111.04132636303933,6750.351644300041,-2.037540912628174,0.143102765083313,1.6307971477508545,0.0,1000000,100,0.0024553658440709114,0.017087156549096108,0.01730194387957454,3.2334172248840334,-3.2183599996566774
751616,103,0.0001370380619891008,0.0,111.04141430360274,6768.789867400075,-1.8566617965698242,0.08465564250946045,1.6250169277191162,0.0,1000000,100,0.0025909875985234976,0.01742743270471692,0.017258901996538043,3.2157275772094724,-3.199719877243042
753664,103,0.00013666567595108697,0.0,111.0502803649762,6786.691555600031,-2.4494876861572266,0.07842498272657394,1.5987467765808105,0.0,1000000,100,0.0027138444129377604,0.019153679441660642,0.018904422353953124,3.1668225932121277,-3.1500011563301085
755712,103,0.00013629530826558267,0.0,111.05555537281282,6804.810416399967,-3.0269038677215576,0.10527363419532776,1.5174148082733154,0.0,1000000,100,0.002694533672183752,0.021149695701897144,0.020967264249920844,3.1797492265701295,-3.1637090706825255
757760,103,0.00013592694256756756,0.0,111.05083740055059,6823.541521499981,-1.1050138473510742,0.07199515402317047,1.5555932521820068,0.0,1000000,100,0.002636790508404374,0.023240692373365165,0.022712845224887132,3.1582725739479063,-3.1427036476135255
759808,103,0.00013556056266846362,0.0,111.04931054371069,6842.0775985000655,-1.1750268936157227,0.07477472722530365,1.5570650100708008,0.0,1000000,100,0.002617322839796543,0.024048553109169007,0.023886699788272382,3.1191421127319336,-3.103524293899536
761856,103,0.00013519615255376343,0.0,111.04490516087284,6860.792027299991,-0.99497389793396,0.06861138343811035,1.471876621246338,0.0,1000000,100,0.002589620416983962,0.023451346326619386,0.023526977486908435,3.0786177635192873,-3.0632007241249086
763904,103,0.00013483369638069706,0.0,111.04415249514328,6879.281644599978,-2.4222121238708496,0.15572954714298248,1.3742260932922363,0.0,1000000,100,0.0025362311862409115,0.02265430048108101,0.02261080898344517,3.0709648728370667,-3.0559526658058167
765952,103,0.00013447317847593582,0.0,111.04126252418895,6897.9042798000155,-1.036892056465149,0.08098261058330536,1.4291596412658691,0.0,1000000,100,0.00251957168802619,0.021746376976370812,0.021670868806540965,3.0438429737091064,-3.02879212141037
768000,103,0.00013411458333333333,0.0,111.03826611448874,6916.53451440006,-3.246145486831665,0.19000762701034546,1.4556286334991455,0.0,1000000,100,0.0024704227689653635,0.020653177071362733,0.02053817540407181,3.0710657095909117,-3.056445069313049
770048,103,0.00013375789561170212,0.0,111.0410094177234,6934.807275600033,-1.5191776752471924,0.07802984118461609,1.4561430215835571,0.0,1000000,100,0.0024245264939963818,0.020217609833925964,0.020775016341358424,3.118585183620453,-3.1042015075683596
772096,103,0.000133403100132626,0.0,111.04374505280768,6953.0796141000465,-1.6946094036102295,0.07711785286664963,1.5998197793960571,0.0,1000000,100,0.00241710408590734,0.020898196790367366,0.02091262999922037,3.129786264896393,-3.1153105688095093
774144,103,0.00013305018187830688,0.0,111.05390356132592,6970.885085300077,-2.3212780952453613,0.1048169732093811,1.5914057493209839,0.0,1000000,100,0.0024459543637931347,0.022112127114087343,0.022031542733311652,3.1491450905799865,-3.1343897652626036
776192,103,0.0001326991259894459,0.0,111.05665924317053,6989.153152000043,-3.1950151920318604,0.10806016623973846,1.5877934694290161,0.0,1000000,100,0.0024742484092712402,0.022424291223287582,0.02257751738652587,3.2237044835090636,-3.208805503845215
778240,103,0.0001323499177631579,0.0,111.0581339682378,7007.501136500039,-0.4100092053413391,0.06505218148231506,1.4684221744537354,0.0,1000000,100,0.002503387862816453,0.023776446469128132,0.02382912039756775,3.2108445930480958,-3.195751016139984
780288,103,0.00013200254265091863,0.0,111.05824390296968,7025.934974099975,-2.938526153564453,0.12630635499954224,1.4073985815048218,0.0,1000000,100,0.002526621799916029,0.024047700576484202,0.023789992071688176,3.2608733415603637,-3.245671079158783
782336,103,0.0001316569862565445,0.0,111.05494131575121,7044.585236200015,-3.3900856971740723,0.3654569387435913,1.2585092782974243,0.0,1000000,100,0.002479742979630828,0.025203460734337567,0.024547736402601005,3.2957848596572874,-3.281060812473297
784384,103,0.00013131323433420366,0.0,111.05151714020279,7063.244340999983,-4.179067611694336,0.2884126305580139,1.31746506690979,0.0,1000000,100,0.002409328706562519,0.02440966097638011,0.024383185282349586,3.3870616364479065,-3.3728211522102356
786432,103,0.00013097127278645834,0.0,111.0453457236423,7082.079801500076,-1.5004903078079224,0.09155570715665817,1.4133965969085693,0.0,1000000,100,0.0023747901432216167,0.023906677849590777,0.023730791211128234,3.434219284057617,-3.4200584578514097
788480,103,0.00013063108766233765,0.0,111.04201531597452,7100.7356788000325,-4.824475288391113,0.06304323673248291,1.9052233695983887,0.0,1000000,100,0.002369099762290716,0.02533651052042842,0.025199763551354407,3.5679559874534608,-3.553787453174591
790528,103,0.00013029266515544042,0.0,111.0454196918784,7118.960891800001,-5.43277645111084,0.14354035258293152,1.6837246417999268,0.0,1000000,100,0.002491703489795327,0.026426897291094063,0.02692347448319197,3.6456573820114135,-3.630295124053955
792576,103,0.00012995599160206718,0.0,111.0459057856796,7137.3725522999885,-9.866997718811035,0.27207550406455994,1.9030365943908691,0.0,1000000,100,0.0026179691776633263,0.02747043451294303,0.027098522521555424,3.7581009459495545,-3.741905586719513
794624,103,0.00012962105347938144,0.0,111.05388978139142,7155.30092249997,-5.35305643081665,0.11464355140924454,1.616098403930664,0.0,1000000,100,0.0026612181682139635,0.027416809182614087,0.027159715257585048,3.809310939311981,-3.7932063698768617
796672,103,0.00012928783740359898,0.0,111.05388923527971,7173.742455000058,-0.13801714777946472,0.05506284907460213,1.4418352842330933,0.0,1000000,100,0.0027485827449709177,0.02828562047332525,0.027916765976697205,3.865717158317566,-3.8488562750816344
798720,103,0.00012895633012820513,0.0,111.05090048781298,7192.37751780008,-4.585643768310547,0.2456052303314209,1.2400219440460205,0.0,1000000,100,0.0028026667423546314,0.025423188414424657,0.02511489678174257,3.8722450637817385,-3.85520165681839
800768,103,0.00012862651854219948,0.0,111.05082797163058,7210.8242201000685,-2.227182388305664,0.1490655243396759,1.383650779724121,0.0,1000000,100,0.002839501714333892,0.02612464824691415,0.02591844255104661,3.8656873512268066,-3.848501753807068
802816,103,0.00012829838966836734,0.0,111.0518113296689,7229.202211000025,0.5839529037475586,0.050265632569789886,1.4374371767044067,0.0,1000000,100,0.002846249844878912,0.02853981090709567,0.028164272550493478,3.8151229214668274,-3.7980388760566712
804864,103,0.0001279719306615776,0.0,111.05172351627773,7247.649784400011,-0.8118812441825867,0.056340333074331284,1.5711965560913086,0.0,1000000,100,0.002886811038479209,0.027589417640119792,0.027420333810150622,3.6973831272125244,-3.6799176573753356
806912,103,0.0001276471288071066,0.0,111.04663177389722,7266.424808299984,-7.410959243774414,0.21194171905517578,1.8772025108337402,0.0,1000000,100,0.0028761159628629684,0.025057889800518752,0.02527172790840268,3.6011289381980895,-3.5839265322685243
808960,103,0.00012732397151898734,0.0,111.04680273968032,7284.856295200065,-0.6445262432098389,0.07371142506599426,1.5359939336776733,0.0,1000000,100,0.0029033892787992954,0.026263325177133083,0.026267214752733706,3.5104821276664735,-3.4929535841941832
811008,103,0.00012700244633838384,0.0,111.05114258703072,7303.013558499981,-0.004366129636764526,0.05468890070915222,1.531728982925415,0.0,1000000,100,0.002931031631305814,0.02608165068551898,0.026458197552710772,3.4878161644935606,-3.470133292675018
813056,103,0.00012668254093198993,0.0,111.05765155953688,7321.026409100043,-2.3039450645446777,0.05856005474925041,1.5807347297668457,0.0,1000000,100,0.0029418119229376316,0.025603559035807848,0.025903651528060435,3.491860284805298,-3.474182412624359
815104,103,0.00012636424309045227,0.0,111.0616426808782,7339.203529900056,-0.4920900762081146,0.05258960276842117,1.5378153324127197,0.0,1000000,100,0.0029225533362478018,0.025220805183053016,0.025216174833476542,3.5449769377708433,-3.527524538040161
817152,103,0.00012604754072681704,0.0,111.06127727300493,7357.667947500013,-1.2297897338867188,0.0647844597697258,1.5750515460968018,0.0,1000000,100,0.0029023236129432917,0.026709463968873023,0.026737009268254043,3.574108817577362,-3.5567294454574583
819200,103,0.000125732421875,0.0,111.05023836896369,7376.841437099967,-5.103805065155029,0.2004098743200302,1.6754426956176758,0.0,1000000,100,0.0028476931620389223,0.02584526263177395,0.02584656372666359,3.583377251625061,-3.566452248096466
821248,103,0.0001254188746882793,0.0,111.04679361916524,7395.512947599986,-3.5878446102142334,0.07032439857721329,1.6339820623397827,0.0,1000000,100,0.0028596811462193727,0.02469887612387538,0.024279506374150515,3.5854906606674195,-3.5683041477203368
823296,103,0.00012510688743781095,0.0,111.04466478074396,7414.097756300005,-3.1940369606018066,0.055026378482580185,1.578737497329712,0.0,1000000,100,0.0028682451229542494,0.02374014038592577,0.02366225153207779,3.6587757110595702,-3.6415642166137694
825344,103,0.00012479644851116627,0.0,111.0395802094516,7432.881126199965,-3.1898999214172363,0.06522168964147568,1.5070295333862305,0.0,1000000,100,0.002801000839099288,0.02333718003705144,0.0232999911531806,3.731872842311859,-3.7152226328849793
827392,103,0.0001244875464108911,0.0,111.03648698143445,7451.532577199978,-4.810202598571777,0.09323576837778091,1.4522922039031982,0.0,1000000,100,0.0027188751846551895,0.022613849360495805,0.022459798995405435,3.817066547870636,-3.800960848331451
829440,103,0.00012418016975308642,0.0,111.03727380955051,7469.924031300005,-3.911163806915283,0.08150529861450195,1.3807928562164307,0.0,1000000,100,0.002613434102386236,0.02386592239141464,0.02404657520353794,3.9037967205047606,-3.8883917498588563
831488,103,0.00012387430726600986,0.0,111.03845004700013,7488.28896340006,-1.7956926822662354,0.07558723539113998,1.3819432258605957,0.0,1000000,100,0.0025638965889811516,0.023291150256991387,0.02338893588632345,3.931094996929169,-3.9158336091041566
833536,103,0.00012356994778869778,0.0,111.04055108063018,7506.590987600037,-2.5328500270843506,0.05939410254359245,1.4506343603134155,0.0,1000000,100,0.002547779120504856,0.024469169452786446,0.024573676586151123,3.934005181789398,-3.918760256767273
835584,103,0.00012326708026960784,0.0,111.04712814813581,7524.589009499992,-1.6230974197387695,0.048101264983415604,1.5102689266204834,0.0,1000000,100,0.002568076364696026,0.026224782597273587,0.02663724947720766,3.961777548789978,-3.9463326597213744
837632,103,0.00012296569376528117,0.0,111.04636851674357,7543.083228999982,-2.1843221187591553,0.05245501920580864,1.5423212051391602,0.0,1000000,100,0.002613999880850315,0.028455055933445692,0.028881481681019068,3.9675789427757264,-3.9518003106117248
839680,103,0.0001226657774390244,0.0,111.0447326495317,7561.637368700001,-4.958012580871582,0.061199672520160675,1.731520652770996,0.0,1000000,100,0.0026557722594588995,0.031912221908569335,0.03220895877107978,4.004658086299896,-3.988653607368469
841728,103,0.00012236732055961072,0.0,111.04564752517749,7580.017936400021,-3.891871452331543,0.10284167528152466,1.4498381614685059,0.0,1000000,100,0.0026218120474368334,0.031587033569812774,0.03193768739700317,4.022017543315887,-4.006364176273346
843776,103,0.0001220703125,0.0,111.0425861992968,7598.670283899992,-1.9712636470794678,0.06385798752307892,1.4650416374206543,0.0,1000000,100,0.0026089069433510303,0.033147662989795205,0.03356486642733216,4.020397136211395,-4.004773077964782
845824,103,0.00012177474273607748,0.0,111.03499941760374,7617.634119300055,-4.245865345001221,0.06047149747610092,1.6456325054168701,0.0,1000000,100,0.0025621196255087852,0.032549805883318184,0.03246090196073055,4.013717141151428,-3.9984557008743287
847872,103,0.00012148060084541063,0.0,111.02914974624017,7636.481067700079,-5.693179607391357,0.05946449562907219,1.780551552772522,0.0,1000000,100,0.0025419227313250303,0.030993952676653863,0.030835196450352667,4.010897839069367,-3.9956808376312254
849920,103,0.0001211878765060241,0.0,111.03234703044599,7654.706243099994,-9.106096267700195,0.06189907342195511,1.9766367673873901,0.0,1000000,100,0.0025544404052197933,0.02952611053362489,0.02948774004355073,4.010548470020294,-3.9952594375610353
851968,103,0.00012089655949519231,0.0,111.03363440169464,7673.062352600042,-2.1775190830230713,0.058561038225889206,1.6063286066055298,0.0,1000000,100,0.002584582194685936,0.030675422586500644,0.030679959058761596,4.018851690292358,-4.003314771652222
854016,103,0.0001206066396882494,0.0,111.04242600157008,7690.898251699982,1.3237221240997314,0.03488841652870178,1.4801626205444336,0.0,1000000,100,0.0026614682283252478,0.029524671118706464,0.02959856940433383,4.022166156768799,-4.006089069843292
856064,103,0.00012031810705741627,0.0,111.0444972660843,7709.197853800026,-5.736358642578125,0.08522876352071762,1.5115251541137695,0.0,1000000,100,0.0027065183967351913,0.030324082355946302,0.030654822271317245,4.0531226563453675,-4.036818928718567
858112,103,0.00012003095167064439,0.0,111.0463834318102,7727.5096539000515,-2.481639862060547,0.043838609009981155,1.6110668182373047,0.0,1000000,100,0.0027806919533759356,0.031275939084589484,0.03186826817691326,4.06747243642807,-4.050655255317688
860160,103,0.00011974516369047619,0.0,111.04599330909836,7745.979610500042,-1.4590930938720703,0.03925001993775368,1.5632777214050293,0.0,1000000,100,0.00280136545188725,0.033251615762710574,0.0338747057877481,4.081309189796448,-4.0644985604286195
862208,103,0.00011946073337292162,0.0,111.043541085051,7764.593884299975,-3.8578925132751465,0.06884394586086273,1.5978724956512451,0.0,1000000,100,0.002788555109873414,0.03263239299878478,0.032764379568398,4.098632516860962,-4.081920266151428
864256,103,0.00011917765106635071,0.0,111.04032392817089,7783.262597099994,-4.771974086761475,0.0793854370713234,1.66849684715271,0.0,1000000,100,0.0028024010825902224,0.029809444025158883,0.029859985411167144,4.144714646339416,-4.127898139953613
866304,103,0.00011889590721040189,0.0,111.03774764203064,7801.8873617000645,-5.758609294891357,0.10077158361673355,1.5447444915771484,0.0,1000000,100,0.002785716438665986,0.0309124356508255,0.030655080657452344,4.182791266441345,-4.166119694709778
868352,103,0.00011861549233490566,0.0,111.03683658308775,7820.395705800038,-4.8448486328125,0.05649730935692787,1.6626468896865845,0.0,1000000,100,0.0027079060673713684,0.030828229766339064,0.03022427700459957,4.2083210754394536,-4.192204041481018
870400,103,0.00011833639705882352,0.0,111.0383437322948,7838.733636899968,-4.334930419921875,0.055272623896598816,1.7148418426513672,0.0,1000000,100,0.0025988498236984015,0.02855459090322256,0.028643780928105114,4.226315817832947,-4.2109108686447145
872448,103,0.00011805861208920187,0.0,111.04133903675493,7856.965771200019,-5.615361213684082,0.060837045311927795,1.6153684854507446,0.0,1000000,100,0.002513522282242775,0.029775990769267083,0.0301738353818655,4.258073515892029,-4.2431739234924315
874496,103,0.00011778212822014051,0.0,111.05010339880494,7874.787805099972,-5.757185935974121,0.07747304439544678,1.6896330118179321,0.0,1000000,100,0.0024229316040873528,0.030948459319770336,0.03035973470658064,4.259185209274292,-4.2448799467086795
876544,103,0.0001175069363317757,0.0,111.05057233438059,7893.196600200026,-6.081573963165283,0.08684631437063217,1.5362310409545898,0.0,1000000,100,0.0023612729273736477,0.029778839591890573,0.02977547289803624,4.254053616523743,-4.240055012702942
878592,103,0.00011723302738927739,0.0,111.04975997967222,7911.696523800027,-5.617363929748535,0.07104527950286865,1.4910101890563965,0.0,1000000,100,0.002343357540667057,0.03279945340007544,0.03356119694188237,4.264624967575073,-4.250612354278564
880640,103,0.00011696039244186047,0.0,111.0497993524967,7930.135895200074,-4.023926734924316,0.09727846086025238,1.4665846824645996,0.0,1000000,100,0.0023661351297050714,0.034680444039404394,0.03450954826548695,4.242850127220154,-4.2285964298248295
882688,103,0.00011668902262180975,0.0,111.04938900399812,7948.607443200075,-1.5096869468688965,0.06290055811405182,1.4927778244018555,0.0,1000000,100,0.002435112837702036,0.03374756570905447,0.034259796645492314,4.237622523307801,-4.2228516006469725
884736,103,0.00011641890914351852,0.0,111.04623784653482,7967.275768700056,-3.5337774753570557,0.10799814015626907,1.593395471572876,0.0,1000000,100,0.002504160162061453,0.03515893988311291,0.03483716119080782,4.230369215011597,-4.215212502479553
886784,103,0.00011615004330254042,0.0,111.04237991367529,7985.995983600034,-1.9381723403930664,0.04505615681409836,1.399993658065796,0.0,1000000,100,0.0025468000676482916,0.036349525302648546,0.03655384924262762,4.217279543876648,-4.2019071197509765
888832,103,0.00011588241647465438,0.0,111.04168947368348,8004.489162700018,-4.494025230407715,0.11102088540792465,1.311194658279419,0.0,1000000,100,0.0025950802955776453,0.03284373773261905,0.03282322818413377,4.195715489387513,-4.180054483413696
890880,103,0.00011561602011494253,0.0,111.04200288819854,8022.910041499999,-0.994867205619812,0.04488915577530861,1.4305694103240967,0.0,1000000,100,0.002656190190464258,0.032611700594425204,0.03257014269009233,4.197700300216675,-4.181649770736694
892928,103,0.00011535084575688073,0.0,111.04331146331653,8041.258750600042,1.575477123260498,0.03822404146194458,1.5799239873886108,0.0,1000000,100,0.002770800609141588,0.03377571906894446,0.03377859486266971,4.181619815826416,-4.164712224006653
894976,103,0.00011508688501144164,0.0,111.04954065821374,8059.249904999975,-10.135757446289062,0.16695000231266022,1.8671348094940186,0.0,1000000,100,0.002868472132831812,0.033846141528338196,0.03405754163861275,4.194878749847412,-4.17740418434143
897024,103,0.00011482412956621004,0.0,111.05105823278025,8077.581738300039,-3.3763668537139893,0.10725051164627075,1.4926209449768066,0.0,1000000,100,0.0029150363989174366,0.03352931331843138,0.033767695128917696,4.197153277397156,-4.1795462703704835
899072,103,0.00011456257118451024,0.0,111.05165558001356,8095.980157200014,-1.6160852909088135,0.05285905674099922,1.5863126516342163,0.0,1000000,100,0.0029987040907144547,0.036482675075531004,0.03632632683962583,4.208216452598572,-4.189961662292481
901120,103,0.00011430220170454546,0.0,111.04659838680233,8114.791565799969,-3.1978657245635986,0.09437805414199829,1.4920426607131958,0.0,1000000,100,0.0029768708627671003,0.03635073274374008,0.03638087056577206,4.221193923950195,-4.2034006357193
903168,103,0.00011404301303854875,0.0,111.04658755422179,8133.235067300033,-6.394974708557129,0.1521417498588562,1.5772855281829834,0.0,1000000,100,0.002921376144513488,0.03763952016830444,0.03792316600680351,4.236624031066895,-4.2192674207687375
905216,103,0.0001137849971719457,0.0,111.04481338523198,8151.808016999974,-8.15561294555664,0.12061581760644913,1.798062801361084,0.0,1000000,100,0.002934427233412862,0.04502063661813736,0.04536203198134899,4.2578968334197995,-4.240255546569824
907264,103,0.00011352814616252822,0.0,111.04178576240871,8170.473788500065,-4.911124229431152,0.07076442241668701,1.7717640399932861,0.0,1000000,100,0.0029575901571661234,0.05464614734053612,0.05538799561560154,4.277868523597717,-4.260086040496827
909312,103,0.00011327245213963963,0.0,111.0405339046762,8189.009616800002,-6.349835395812988,0.04547463729977608,1.9008126258850098,0.0,1000000,100,0.003013670677319169,0.06464153964072467,0.06529286935925484,4.296004905700683,-4.2777502059936525
911360,103,0.00011301790730337079,0.0,111.0419973437412,8207.345164900064,-10.076250076293945,0.11090783029794693,1.9487619400024414,0.0,1000000,100,0.0030459484551101923,0.06594965308904648,0.06493152245879173,4.327210092544556,-4.308880815505981
913408,103,0.00011276450392376682,0.0,111.04583004987592,8225.504727100022,-7.518688201904297,0.14719383418560028,1.7776715755462646,0.0,1000000,100,0.003060866380110383,0.061818940192461015,0.061849229373037815,4.33267767906189,-4.314311332702637
915456,103,0.00011251223434004475,0.0,111.05158068472096,8243.520662700059,-7.064993858337402,0.08078346401453018,1.806466817855835,0.0,1000000,100,0.003062700154259801,0.07086151666939258,0.07091805711388588,4.368587379455566,-4.350230684280396
917504,103,0.00011226109095982142,0.0,111.04597810179074,8262.379382700077,-6.40380859375,0.07196149230003357,1.7159850597381592,0.0,1000000,100,0.002958647906780243,0.06936572935432196,0.0684624221175909,4.403008708953857,-4.385524883270263
919552,103,0.0001120110662583519,0.0,111.04542146305987,8280.863703200012,-4.021729469299316,0.04492731764912605,1.472186803817749,0.0,1000000,100,0.002827293472364545,0.06006895024329424,0.059000135995447636,4.428754711151123,-4.412215204238891
921600,103,0.00011176215277777778,0.0,111.05173730324213,8298.834600700065,-4.220419406890869,0.07814148813486099,1.3880400657653809,0.0,1000000,100,0.0026759367901831865,0.05630487125366926,0.05675475474447012,4.417602739334106,-4.402091398239135
923648,103,0.00011151434312638581,0.0,111.05004210823905,8317.403419799986,-2.321836233139038,0.04114123806357384,1.5000157356262207,0.0,1000000,100,0.0025772731751203537,0.059373223558068275,0.05896812744438648,4.420843925476074,-4.405776481628418
925696,103,0.0001112676299778761,0.0,111.04390647752163,8336.306145600043,-5.068694114685059,0.042471591383218765,1.865497350692749,0.0,1000000,100,0.002549772383645177,0.09065907530486583,0.09222597777843475,4.412462162971496,-4.397268176078796
927744,103,0.00011102200607064017,0.0,111.04428180103712,8354.721062200028,-5.310280799865723,0.03961123898625374,1.7335995435714722,0.0,1000000,100,0.002592377830296755,0.11259803466498852,0.11287512212991714,4.385771970748902,-4.370038623809815
929792,103,0.00011077746420704845,0.0,111.0435762545239,8373.217356299981,-7.509670257568359,0.043950069695711136,1.9328160285949707,0.0,1000000,100,0.002669321373105049,0.14996631689369677,0.1534328567236662,4.432741136550903,-4.416427111625671
931840,103,0.00011053399725274725,0.0,111.0429627813301,8391.706927299965,-5.661797523498535,0.046264417469501495,1.723279595375061,0.0,1000000,100,0.0027688564732670784,0.16760896727442742,0.17012732304632663,4.448139228820801,-4.43104248046875
933888,103,0.00011029159813596492,0.0,111.04327078857776,8410.126911500003,-0.8280227184295654,0.04558141157031059,1.5807170867919922,0.0,1000000,100,0.0028861353639513254,0.17529109567403794,0.17866433784365654,4.43807963848114,-4.420192527770996
935936,103,0.00011005025984682714,0.0,111.04691970544468,8428.293215900077,-3.7978529930114746,0.08358963578939438,1.6373666524887085,0.0,1000000,100,0.002960146637633443,0.1167440190911293,0.11808593712747097,4.421708364486694,-4.403564991950989
937984,103,0.00010980997543668122,0.0,111.0453414245325,8446.85592360003,-4.887783527374268,0.07476045191287994,1.629964828491211,0.0,1000000,100,0.003036515088751912,0.09075435683131218,0.09058072961866856,4.397445220947265,-4.3788380575180055
940032,103,0.00010957073801742919,0.0,111.04488797288373,8465.333408500068,-1.8339697122573853,0.0452178418636322,1.534553050994873,0.0,1000000,100,0.0031058629974722862,0.06597326677292585,0.0658508152142167,4.369807448387146,-4.35084105014801
942080,103,0.00010933254076086957,0.0,111.04539815872374,8483.737422900042,-2.8091237545013428,0.05014723539352417,1.4933357238769531,0.0,1000000,100,0.003096520435065031,0.0488869796693325,0.048700198046863076,4.328760719299316,-4.310283212661743
944128,103,0.00010909537689804772,0.0,111.04014959653092,8502.582204999984,-7.391297340393066,0.14526484906673431,1.5579581260681152,0.0,1000000,100,0.003096167230978608,0.05697655219584703,0.057053264677524564,4.319216141700744,-4.300643954277039
946176,103,0.00010885923971861472,0.0,111.02799082147443,8521.95912939997,-7.816555023193359,0.12980379164218903,1.686418056488037,0.0,1000000,100,0.003075874876230955,0.0516595882549882,0.051829628124833105,4.323210711479187,-4.304932227134705
948224,103,0.00010862412257019439,0.0,111.02673678039778,8540.501391800004,-1.9430334568023682,0.04699457809329033,1.5082920789718628,0.0,1000000,100,0.003033189568668604,0.044936858378350736,0.04518909938633442,4.319914917945862,-4.301903858184814
950272,103,0.00010839001885775863,0.0,111.02497404899518,8559.08328859997,-4.1718292236328125,0.12287095934152603,1.411782145500183,0.0,1000000,100,0.0029721008613705635,0.04423267547041178,0.044103886038064956,4.337233023643494,-4.319661474227905
952320,103,0.00010815692204301075,0.0,111.02537583703331,8577.498547700001,-5.382699012756348,0.17988544702529907,1.376220941543579,0.0,1000000,100,0.0029087867587804794,0.041553270183503625,0.04169552385807038,4.371018848419189,-4.353827376365661
954368,103,0.00010792482564377682,0.0,111.02807637772739,8595.735701599973,-6.9303131103515625,0.25152015686035156,1.3851773738861084,0.0,1000000,100,0.0028239963576197624,0.03078577706590295,0.03124583499506116,4.417541160583496,-4.400960311889649
956416,103,0.00010769372323340471,0.0,111.02803877369799,8614.184403900057,-4.486539840698242,0.07130378484725952,1.4592251777648926,0.0,1000000,100,0.0028000727761536837,0.03349664863198996,0.03406134724617004,4.4484938955307,-4.431783089637756
958464,103,0.00010746360844017094,0.0,111.02276593758839,8633.040186900063,-9.330363273620605,0.13699623942375183,1.7812271118164062,0.0,1000000,100,0.0028047324158251286,0.05033736441284418,0.05119925376027822,4.479915976524353,-4.463048825263977
960512,103,0.0001072344749466951,0.0,111.0198529008809,8651.713859300013,1.3423705101013184,0.03204913064837456,1.4981212615966797,0.0,1000000,100,0.002899979939684272,0.058577008992433545,0.05889537747949362,4.46415533542633,-4.446352667808533
962560,103,0.00010700631648936171,0.0,111.01564619648592,8670.48954790004,-1.4196523427963257,0.05509202554821968,1.5341212749481201,0.0,1000000,100,0.003037433372810483,0.06370232336223125,0.06459310118108988,4.437142038345337,-4.4183382272720335
964608,103,0.00010677912685774947,0.0,111.01252904981195,8689.181376700057,-6.748302459716797,0.15199358761310577,1.6906380653381348,0.0,1000000,100,0.0030803459230810404,0.06369377579540014,0.06453951142728329,4.43535014629364,-4.416663346290588
966656,103,0.0001065528998940678,0.0,111.00920415859909,8707.89055130002,-4.17685604095459,0.09955897182226181,1.6253654956817627,0.0,1000000,100,0.0031535099260509014,0.05730382453650236,0.058540390096604826,4.41221839427948,-4.393019490242004
968704,103,0.00010632762949260042,0.0,111.00689523452102,8726.520978300017,-0.7200667858123779,0.04293252155184746,1.5059754848480225,0.0,1000000,100,0.0032125976867973804,0.034522250778973106,0.03517282593995333,4.380467958450318,-4.360937151908875
970752,103,0.00010610330959915612,0.0,111.00823777479044,8744.864520500065,-3.00515079498291,0.052722323685884476,1.441261887550354,0.0,1000000,100,0.003207636531442404,0.031696866676211355,0.032149757575243715,4.362203755378723,-4.34301956653595
972800,103,0.00010587993421052631,0.0,111.01193345018655,8763.02186410001,-7.271542549133301,0.13788966834545135,1.3910490274429321,0.0,1000000,100,0.003068683436140418,0.027989895157516,0.02837379015982151,4.3570437288284305,-4.339323782920838
974848,103,0.00010565749737394958,0.0,111.01746011666204,8781.03317239997,-3.8043570518493652,0.0627601146697998,1.3732457160949707,0.0,1000000,100,0.0029272534884512424,0.028727698996663095,0.029285251405090095,4.3525465297698975,-4.335742440223694
976896,103,0.0001054359931865828,0.0,111.01434511356635,8799.727629799978,-4.758881092071533,0.09429101645946503,1.4619346857070923,0.0,1000000,100,0.002884079935029149,0.028253218829631804,0.028963040094822645,4.336286225318909,-4.3192031192779545
978944,103,0.00010521541579497908,0.0,111.01161262068861,8818.392750900006,-1.8778282403945923,0.06427881121635437,1.5327720642089844,0.0,1000000,100,0.002862203400582075,0.026315923742949963,0.027111849244683982,4.317022652626037,-4.299991459846496
980992,103,0.00010499575939457203,0.0,111.01224150872407,8836.791210300056,-2.6107687950134277,0.044228434562683105,1.6877093315124512,0.0,1000000,100,0.002862237859517336,0.025520796719938517,0.026563611142337323,4.30013897895813,-4.282948546409607
983040,103,0.00010477701822916666,0.0,111.00963641670677,8855.447434399975,-4.186954498291016,0.057887714356184006,1.7403016090393066,0.0,1000000,100,0.0029180138371884823,0.026255875062197447,0.027082919906824827,4.3022106266021725,-4.284435791969299
985088,103,0.0001045591865904366,0.0,111.00908122998023,8873.940663999994,-4.889609336853027,0.07658522576093674,1.723172664642334,0.0,1000000,100,0.0029962684493511915,0.026728846188634633,0.027202700581401586,4.3178016519546505,-4.299453678131104
987136,103,0.00010434225881742738,0.0,111.00779767540693,8892.492425500066,-6.5418925285339355,0.1014404147863388,1.719535231590271,0.0,1000000,100,0.0030804090201854706,0.026294654551893473,0.026781955901533365,4.313165421485901,-4.294308843612671
989184,103,0.00010412622929606625,0.0,111.01147978015422,8910.64601570007,-6.715418815612793,0.09211483597755432,1.6911766529083252,0.0,1000000,100,0.003115361789241433,0.03738302355632186,0.03804516037926078,4.344041404724121,-4.3252374982833866
991232,103,0.00010391109245867769,0.0,111.01235774042395,8929.023940899991,-9.790459632873535,0.175546795129776,1.7860232591629028,0.0,1000000,100,0.0031502889469265938,0.04968797829002142,0.05032013487070799,4.396245875358582,-4.377186875343323
993280,103,0.00010369684278350515,0.0,111.01752881173002,8947.0555743,-13.121397018432617,0.04807094857096672,2.7285666465759277,0.0,1000000,100,0.0032597517129033804,0.17928621910512446,0.17508366785943508,4.520033497810363,-4.4999406623840335
995328,103,0.00010348347479423869,0.0,111.02252581143055,8965.099584300071,-16.227676391601562,0.11139392107725143,2.809882640838623,0.0,1000000,100,0.003356117755174637,0.24863615483045579,0.24473633706569672,4.637450046539307,-4.61682587146759
997376,103,0.00010327098305954825,0.0,111.02415111288126,8983.414779599989,-7.568674087524414,0.14687281847000122,1.554916501045227,0.0,1000000,100,0.0034183168318122625,0.28276253953576086,0.28503847047686576,4.69064043045044,-4.669865665435791
999424,103,0.00010305936219262296,0.0,111.02249009140492,9001.995894500054,-6.576338768005371,0.09277389943599701,1.524336576461792,0.0,1000000,100,0.003452870063483715,0.28345466911792755,0.28610864251852036,4.703074159622193,-4.68217734336853
1001472,103,0.00010284860685071574,0.0,111.0227657577275,9020.42020990001,-3.251671314239502,0.06935962289571762,1.463657259941101,0.0,1000000,100,0.003503209911286831,0.2750110870599747,0.27695914536714555,4.682250394821167,-4.660979089736938
1003520,103,0.00010263871173469387,0.0,111.02348138266218,9038.808615099988,-5.177206039428711,0.06134701520204544,1.6030832529067993,0.0,1000000,100,0.0035486987326294184,0.17480861023068428,0.17364325776696204,4.614201030731201,-4.5926977109909055
1005568,103,0.0001024296715885947,0.0,111.02249837023241,9057.33535780001,-9.445201873779297,0.085605189204216,2.007941722869873,0.0,1000000,100,0.0036048265174031258,0.12861348196864128,0.13185410685837268,4.53005765914917,-4.50821548461914
1007616,103,0.00010222148119918699,0.0,111.02061938826203,9075.935673500062,-3.0575289726257324,0.0433676652610302,1.5628340244293213,0.0,1000000,100,0.0037058654706925154,0.11298170275986194,0.11509712867438793,4.5105784893035885,-4.487907333374023
1009664,103,0.00010201413539553753,0.0,111.01983334899568,9094.447087000008,-3.073181390762329,0.05142079293727875,1.532662034034729,0.0,1000000,100,0.00375875411555171,0.10743037424981594,0.11020269423723221,4.491910061836243,-4.469180617332459
1011712,103,0.000101807629048583,0.0,111.01806084808737,9113.039736700011,-2.0737979412078857,0.05925612151622772,1.5002400875091553,0.0,1000000,100,0.003740078303962946,0.09472849816083909,0.09640098318457603,4.487532286643982,-4.465193428993225
1013760,103,0.00010160195707070707,0.0,111.01984586904331,9131.340365900076,-2.9475784301757812,0.08720062673091888,1.4441837072372437,0.0,1000000,100,0.003694420214742422,0.08058222584426403,0.08153236288577319,4.491980485916137,-4.470033664703369
1015808,103,0.00010139711441532259,0.0,111.0238704085916,9149.455844599986,-3.6635236740112305,0.0750599354505539,1.5725396871566772,0.0,1000000,100,0.0036018199753016233,0.03485065720975399,0.03533676993101835,4.477911043167114,-4.456689705848694
1017856,103,0.00010119309607645875,0.0,111.0157952706807,9168.569188900059,-1.2888414859771729,0.04808296263217926,1.5486750602722168,0.0,1000000,100,0.003480198560282588,0.031678943298757076,0.03185018366202712,4.485779910087586,-4.46539379119873
1019904,103,0.00010098989708835341,0.0,111.0120870621496,9187.32389410003,-2.653975486755371,0.05836520344018936,1.5847792625427246,0.0,1000000,100,0.0033689059782773256,0.029653263054788114,0.029857662934809924,4.493672232627869,-4.473925938606262
1021952,103,0.0001007875125250501,0.0,111.01019093026093,9205.929576699971,-3.3285229206085205,0.07040808349847794,1.5764596462249756,0.0,1000000,100,0.0033187721855938435,0.026424216590821743,0.026562779396772384,4.484909348487854,-4.465209670066834
1024000,103,0.0001005859375,0.0,111.00407920375584,9224.88621450006,-7.9244232177734375,0.10523930937051773,1.7041493654251099,0.0,1000000,100,0.0032426025718450546,0.024348839558660983,0.024686678387224673,4.470222487449646,-4.451080412864685
1026048,103,0.00010038516716566866,0.0,111.00200737765105,9243.508511599968,-6.313877582550049,0.12726610898971558,1.5611292123794556,0.0,1000000,100,0.003141693538054824,0.02212638719007373,0.022484047561883925,4.475442876815796,-4.4570065069198606
1028096,103,0.00010018519671314742,0.0,110.99811635125697,9262.28330530005,-4.000102996826172,0.10117236524820328,1.5483286380767822,0.0,1000000,100,0.0030304747633635998,0.01947050204500556,0.01976884067058563,4.469964199066162,-4.452270994186401
1030144,103,9.998602137176939e-05,0.0,110.99885476961882,9280.67232890008,-4.613765716552734,0.06637759506702423,1.5367035865783691,0.0,1000000,100,0.0029432233422994614,0.019505256414413454,0.019863876570016144,4.477900924682618,-4.460619010925293
1032192,103,9.978763640873016e-05,0.0,110.99887265779516,9299.121471100021,-3.8227105140686035,0.0688396543264389,1.3369812965393066,0.0,1000000,100,0.0028598459903150797,0.02217396318912506,0.02242816336452961,4.48213707447052,-4.465334701538086
1034240,103,9.959003712871286e-05,0.0,111.00254515396445,9317.263839000021,-6.77924108505249,0.1539200097322464,1.2955713272094727,0.0,1000000,100,0.0027630520053207874,0.02381117196753621,0.024326583072543144,4.48843710899353,-4.47229220867157
1036288,103,9.939321887351778e-05,0.0,111.00506391898661,9335.502034000005,-4.967107772827148,0.0635005459189415,1.3716336488723755,0.0,1000000,100,0.0027068627532571554,0.02793637715280056,0.02847877172753215,4.480262475013733,-4.464258742332459
1038336,103,9.919717702169626e-05,0.0,111.00328102266637,9354.101882699993,-5.212775230407715,0.07003146409988403,1.5877310037612915,0.0,1000000,100,0.002721391385421157,0.03156819961965084,0.03261047275736928,4.458179388046265,-4.441775302886963
1040384,103,9.900190698818898e-05,0.0,111.00267733362189,9372.602760500042,-9.77765941619873,0.1912512481212616,1.7565295696258545,0.0,1000000,100,0.002817088970914483,0.031060176845639945,0.03174091475084424,4.463065123558044,-4.44576123714447
1042432,103,9.880740422396857e-05,0.0,111.00359530649558,9390.975104200072,-4.087067604064941,0.08848321437835693,1.6418976783752441,0.0,1000000,100,0.002921321662142873,0.034048238024115565,0.034472672659903766,4.48287453174591,-4.464881129264832
1044480,103,9.861366421568628e-05,0.0,110.99919958702219,9409.797583100037,-7.057470321655273,0.10608319938182831,1.567126750946045,0.0,1000000,100,0.002982183126732707,0.03643780957907438,0.037212838530540464,4.4850875091552735,-4.4669181871414185
1046528,103,9.842068248532289e-05,0.0,110.997990183393,9428.350894200034,-5.171375274658203,0.088529571890831,1.5714151859283447,0.0,1000000,100,0.0029841673094779253,0.03629842087626457,0.03696843322366476,4.495800318717957,-4.477913603782654
1048576,103,9.822845458984375e-05,0.0,110.99633030903311,9446.942949200049,-8.240275382995605,0.13928952813148499,1.6475616693496704,0.0,1000000,100,0.0029414065647870302,0.03621045330539346,0.03679816672578454,4.5364219665527346,-4.51898491859436
1050624,103,9.80369761208577e-05,0.0,110.99555511208258,9465.460116300033,-7.112955093383789,0.16071608662605286,1.628421425819397,0.0,1000000,100,0.002846816089004278,0.03505850668996573,0.03678703436627984,4.552545576095581,-4.535866017341614
1052672,103,9.784624270428016e-05,0.0,110.99961957380248,9483.56403420004,-6.103242874145508,0.11999890208244324,1.6180176734924316,0.0,1000000,100,0.0027548850048333406,0.0318559342995286,0.03284734338521957,4.563282208442688,-4.547149991989135
1054720,103,9.765625e-05,0.0,111.00540473024958,9501.519341000007,-6.828237056732178,0.16327695548534393,1.4562532901763916,0.0,1000000,100,0.0026849452406167984,0.028168864361941815,0.02850397929549217,4.573936619758606,-4.558116235733032
1056768,103,9.746699370155038e-05,0.0,111.00425595975655,9520.06741420005,-2.277918577194214,0.0657997652888298,1.4854239225387573,0.0,1000000,100,0.002684895182028413,0.028810235559940337,0.029248029850423338,4.587078223228454,-4.570954923629761
1058816,103,9.727846953578337e-05,0.0,111.0049505252838,9538.457474100054,0.05302557349205017,0.045481473207473755,1.467695951461792,0.0,1000000,100,0.002759728580713272,0.03152474921196699,0.03213885780423879,4.574343938827514,-4.557476754188538
1060864,103,9.709067326254826e-05,0.0,111.00557444155967,9556.853386300034,-3.005898952484131,0.09809645265340805,1.4019193649291992,0.0,1000000,100,0.002849922049790621,0.032585240919142965,0.03288034688681364,4.563368158340454,-4.545899133682251
1062912,103,9.69036006743738e-05,0.0,111.00067573052388,9575.725489999983,-1.104641079902649,0.062427032738924026,1.499584436416626,0.0,1000000,100,0.002969759050756693,0.03594945698976517,0.03580468948930502,4.565182523727417,-4.5468157768249515
1064960,103,9.671724759615384e-05,0.0,110.99519152010576,9594.649870999972,-1.6466549634933472,0.06470691412687302,1.635023593902588,0.0,1000000,100,0.0031128700356930494,0.04131843764334917,0.04256658792495727,4.559357452392578,-4.539955253601074
1067008,103,9.653160988483685e-05,0.0,110.99408749388527,9613.19673950004,-3.412289619445801,0.12845240533351898,1.3153011798858643,0.0,1000000,100,0.0032136747613549232,0.039352467991411684,0.03967149406671524,4.54217791557312,-4.522370023727417
1069056,103,9.634668342911877e-05,0.0,110.99317006911187,9631.727784099989,-4.312043190002441,0.05175095051527023,1.6465346813201904,0.0,1000000,100,0.0032560979016125202,0.03724908672273159,0.03766925744712353,4.533772764205932,-4.514018354415893
1071104,103,9.616246414913958e-05,0.0,110.99221886959646,9650.262071600067,-9.625381469726562,0.1209627315402031,1.8875011205673218,0.0,1000000,100,0.003262244164943695,0.03601658694446087,0.03672794073820114,4.536028118133545,-4.516461291313171
1073152,103,9.59789479961832e-05,0.0,110.99517654894785,9668.45617410005,1.3803589344024658,0.043510619550943375,1.452646017074585,0.0,1000000,100,0.003296868409961462,0.034864893034100536,0.03545829337090254,4.517678360939026,-4.497746500968933
1075200,103,9.579613095238095e-05,0.0,110.9982346986,9686.640539100044,-2.124863624572754,0.07590505480766296,1.4598686695098877,0.0,1000000,100,0.003298675175756216,0.02988055642694235,0.029829193018376828,4.502148065567017,-4.482374720573425
1077248,103,9.561400903041826e-05,0.0,110.99669577601539,9705.22583999997,-2.7853052616119385,0.08719884604215622,1.3946895599365234,0.0,1000000,100,0.0032521486282348633,0.02725610990077257,0.027522972710430624,4.505447964668274,-4.48613787651062
1079296,103,9.543257827324478e-05,0.0,110.99580003611756,9723.755310100038,-2.3101320266723633,0.08373574912548065,1.3898227214813232,0.0,1000000,100,0.0031778477132320404,0.024024120513349772,0.024363915212452413,4.498825778961182,-4.480077891349793
1081344,103,9.525183475378788e-05,0.0,110.99552404679925,9742.230682600057,-3.087642192840576,0.11386196315288544,1.3346694707870483,0.0,1000000,100,0.003032693639397621,0.022157755680382252,0.023179244454950093,4.479882287979126,-4.462374849319458
1083392,103,9.507177457466919e-05,0.0,110.99341317659919,9760.867505499977,-6.18133544921875,0.10668759047985077,1.8011794090270996,0.0,1000000,100,0.0029447716660797596,0.023294312600046396,0.023494187984615566,4.494370288848877,-4.477107257843017
1085440,103,9.489239386792453e-05,0.0,110.99208799517609,9779.435810300056,0.9849945306777954,0.05157823860645294,1.3995096683502197,0.0,1000000,100,0.0029744005296379328,0.0276789091527462,0.027879705261439083,4.474235534667969,-4.456228575706482
1087488,103,9.471368879472693e-05,0.0,110.98770084479006,9798.274869400077,0.9492340087890625,0.04895295947790146,1.3733201026916504,0.0,1000000,100,0.0030629439279437065,0.03357193937525153,0.033573865108191964,4.463453121185303,-4.444694566726684
1089536,105,9.637129934210526e-05,0.0009765625,110.990234251653,9816.503292800044,2.1614022254943848,0.03164129704236984,1.4713788032531738,0.0,1000000,100,0.003201208310201764,0.046261109299957755,0.047030573263764384,4.477979011535645,-4.4581041479110715
1091584,105,9.619049015009381e-05,0.0,110.99274079689945,9834.73326420004,2.3750674724578857,0.034512121230363846,1.4867147207260132,0.0,1000000,100,0.003304544370621443,0.05525893222540617,0.05595075808465481,4.469939017295838,-4.449586181640625
1093632,106,9.69247425093633e-05,0.00048828125,111.00066555894726,9852.481464800076,-7.145729064941406,0.04237081855535507,1.9690303802490234,0.0,1000000,100,0.0032965352293103933,0.2586667811870575,0.17846242040395738,4.611540637016296,-4.591800842285156
1095680,106,9.674357476635513e-05,0.0,111.00476821063886,9870.566982500022,-18.42375946044922,0.21438947319984436,2.5528790950775146,0.0,1000000,100,0.0033383865375071764,0.29243215441703796,0.29176251515746116,4.644110045433044,-4.62379545211792
1097728,106,9.656308302238805e-05,0.0,111.00783039517198,9888.743848900078,-0.6411527991294861,0.06555484235286713,1.4339848756790161,0.0,1000000,100,0.0033944465685635805,0.36189957275986673,0.36576123386621473,4.6604969024658205,-4.639841461181641
1099776,106,9.63832635009311e-05,0.0,111.00834948856098,9907.146670200047,-1.7617156505584717,0.05405182018876076,1.50666344165802,0.0,1000000,100,0.0034031884279102087,0.31683618932962415,0.317275403290987,4.651914477348328,-4.631498713493347
1101824,106,9.62041124535316e-05,0.0,111.00839748940865,9925.591440999997,-3.851914405822754,0.07239793241024017,1.525518536567688,0.0,1000000,100,0.0033899270929396152,0.2742238074541092,0.2767592117190361,4.663048682212829,-4.642760438919067
1103872,106,9.602562615955472e-05,0.0,111.00502204988672,9944.342873999965,-5.900545120239258,0.0905003473162651,1.650534987449646,0.0,1000000,100,0.0033748664427548647,0.1978593983501196,0.19758443787693977,4.59864896774292,-4.578457527160644
1105920,106,9.584780092592593e-05,0.0,110.999992673079,9963.243900900008,-1.3314474821090698,0.06948166340589523,1.568310260772705,0.0,1000000,100,0.003336168359965086,0.051922278068959715,0.051658753640949726,4.500719885826111,-4.480912852287292
1107968,106,9.567063308687616e-05,0.0,110.99593813004724,9982.058971400023,-3.3507320880889893,0.08265089988708496,1.592958927154541,0.0,1000000,100,0.003306642174720764,0.04809091724455357,0.047948396392166616,4.502234797477723,-4.482544870376587
1110016,106,9.549411900369003e-05,0.0,110.99549852860778,10000.549704400008,-4.172079086303711,0.07403680682182312,1.5815564393997192,0.0,1000000,100,0.0032528063748031855,0.044685596562922,0.04438839387148619,4.510035400390625,-4.490747432708741
1112064,106,9.531825506445672e-05,0.0,110.99599443567365,10018.956140300026,-6.431138038635254,0.10503184795379639,1.6043319702148438,0.0,1000000,100,0.0032192973885685205,0.041011468581855295,0.040786392390727996,4.51119514465332,-4.492017669677734
1114112,106,9.514303768382353e-05,0.0,111.00422924375707,10036.662635200075,-5.306323051452637,0.08111631125211716,1.5850193500518799,0.0,1000000,100,0.0032293449621647596,0.03926116492599249,0.03895169980823994,4.493615880012512,-4.474214534759522
1116160,106,9.49684633027523e-05,0.0,111.00457773231706,10055.080815599998,-4.04058837890625,0.08327987790107727,1.5373649597167969,0.0,1000000,100,0.0032230005599558353,0.035273745208978656,0.035007629208266736,4.502989602088928,-4.483695464134216
1118208,106,9.479452838827839e-05,0.0,110.99596676731845,10074.312000400038,-4.062081336975098,0.08122958987951279,1.4716440439224243,0.0,1000000,100,0.003194195916876197,0.0334563035517931,0.03312334883958101,4.509572510719299,-4.490516571998596
1120256,106,9.462122943327239e-05,0.0,110.99883443809395,10092.502373300027,-5.6835618019104,0.14492669701576233,1.3073782920837402,0.0,1000000,100,0.003132103942334652,0.033523846864700314,0.033145675417035815,4.488097381591797,-4.469508590698243
1122304,106,9.444856295620439e-05,0.0,111.0006860908768,10110.784352099989,0.6360269784927368,0.051698192954063416,1.402116298675537,0.0,1000000,100,0.003189862472936511,0.034106113072484734,0.033778251986950635,4.446153750419617,-4.4268361711502076
1124352,106,9.427652550091075e-05,0.0,110.99980916019976,10129.314712399966,-3.6751956939697266,0.08640357851982117,1.5474225282669067,0.0,1000000,100,0.0032826969400048256,0.035775001309812066,0.035422204956412316,4.452861866950989,-4.432891907691956
1126400,106,9.410511363636363e-05,0.0,110.99675057628602,10148.04482249997,-0.7502826452255249,0.06266824901103973,1.3865981101989746,0.0,1000000,100,0.0033805696293711662,0.03758470792323351,0.03742952965199947,4.442660508155822,-4.422043213844299
1128448,106,9.393432395644283e-05,0.0,110.99777612875549,10166.401880800026,-5.548138618469238,0.1230713427066803,1.5997838973999023,0.0,1000000,100,0.0034726494923233986,0.038501506112515925,0.03869664769619703,4.443050670623779,-4.421934690475464
1130496,106,9.376415307971014e-05,0.0,110.99873946364299,10184.764308699989,-1.98567533493042,0.13272106647491455,1.33766508102417,0.0,1000000,100,0.0035265686456114054,0.03955224562436342,0.03979173943400383,4.4298731279373165,-4.408551449775696
1132544,106,9.359459764918626e-05,0.0,111.00270842236186,10202.850147500052,-6.001712799072266,0.2448214888572693,1.2372075319290161,0.0,1000000,100,0.0034478437155485153,0.036189377270638944,0.03637511473149061,4.428654336929322,-4.408207921981812
1134592,106,9.342565433212996e-05,0.0,111.00602367088487,10220.994883700041,-1.9828031063079834,0.09088801592588425,1.3433971405029297,0.0,1000000,100,0.003326262580230832,0.03561663966625929,0.035746498592197896,4.412337861061096,-4.392766733169555
1136640,106,9.325731981981982e-05,0.0,111.00694598429531,10239.359257400036,-1.6558575630187988,0.07302402704954147,1.3632339239120483,0.0,1000000,100,0.00321540841832757,0.03276762714609504,0.033019365537911655,4.393353538513184,-4.374422512054443
1138688,106,9.308959082733813e-05,0.0,111.00686694869319,10257.815856800065,-2.6513075828552246,0.03877519816160202,1.6163208484649658,0.0,1000000,100,0.0031734623480588198,0.03227171700447798,0.032580316606909035,4.391180114746094,-4.372267484664917
1140736,106,9.292246409335727e-05,0.0,111.00322083105027,10276.602709900006,-5.645233154296875,0.06336764991283417,1.7590911388397217,0.0,1000000,100,0.003107937052845955,0.031133539862930774,0.03190441358834505,4.422648453712464,-4.404205393791199
1142784,106,9.275593637992831e-05,0.0,111.00070747842136,10295.285732500022,-3.3624579906463623,0.03930771350860596,1.5077335834503174,0.0,1000000,100,0.0031164507381618023,0.03496816447004676,0.03528604675084353,4.446721000671387,-4.427982864379882
1144832,106,9.259000447227191e-05,0.0,110.9998843659224,10313.812546200003,-2.4398698806762695,0.0503532774746418,1.4684593677520752,0.0,1000000,100,0.003125702030956745,0.03462347358465195,0.03529848091304302,4.443362264633179,-4.424576840400696
1146880,106,9.242466517857143e-05,0.0,110.9976028761289,10332.475389400031,-4.800870895385742,0.04752209037542343,1.5997496843338013,0.0,1000000,100,0.003080309135839343,0.03469986287876964,0.03501289714127779,4.432931413650513,-4.414566221237183
1148928,106,9.225991532976826e-05,0.0,110.99597170208015,10351.078353399993,-9.203068733215332,0.12319344282150269,1.8166611194610596,0.0,1000000,100,0.003170887939631939,0.03532020960003138,0.03513557311147451,4.457155232429504,-4.437924661636353
1150976,106,9.209575177935943e-05,0.0,110.99911397117671,10369.235922900029,-7.824980735778809,0.06562621891498566,1.7457393407821655,0.0,1000000,100,0.003106692573055625,0.036033769957721236,0.03589073494076729,4.47704619884491,-4.458667092323303
1153024,106,9.193217140319716e-05,0.0,111.0033862465189,10387.286721499986,-11.398429870605469,0.11821532249450684,1.9500340223312378,0.0,1000000,100,0.0030837126541882753,0.03187557535246015,0.03158754102885723,4.5114477920532225,-4.493017148971558
1155072,106,9.176917109929078e-05,0.0,111.0053556110048,10405.551999200019,-7.117915153503418,0.10600326210260391,1.6456332206726074,0.0,1000000,100,0.003039591945707798,0.02400260090827942,0.02424631567671895,4.558439140319824,-4.540342564582825
1157120,106,9.160674778761062e-05,0.0,111.00164575406464,10424.349946700037,-5.03311824798584,0.06760451197624207,1.5615007877349854,0.0,1000000,100,0.003020868869498372,0.02392863282933831,0.02401057254523039,4.580881323814392,-4.5628031873703
1159168,106,9.144489840989399e-05,0.0,110.99956164555493,10442.99619580002,-1.945537805557251,0.04246310889720917,1.3946740627288818,0.0,1000000,100,0.0031158579513430595,0.03072207100689411,0.030971365235745906,4.535913004875183,-4.516933698654174
1161216,106,9.128361992945326e-05,0.0,110.99743050752788,10461.647577699972,-4.685299873352051,0.10141092538833618,1.3496308326721191,0.0,1000000,100,0.003147076116874814,0.03258729677647352,0.03268955923616886,4.513608965873718,-4.494657053947448
1163264,106,9.112290933098592e-05,0.0,110.99467786497416,10480.358359300066,-5.022441864013672,0.14385206997394562,1.3495543003082275,0.0,1000000,100,0.0031630895100533962,0.034787620957940815,0.034915170203894376,4.485609803199768,-4.466590743064881
1165312,106,9.096276362038664e-05,0.0,110.99007433673737,10499.245152899995,-1.5375137329101562,0.046466030180454254,1.3782349824905396,0.0,1000000,100,0.0031608249992132187,0.03554044786840677,0.03601249732077122,4.474163713455201,-4.4551946592330935
1167360,106,9.08031798245614e-05,0.0,110.98749493278441,10517.941689800005,-1.2415276765823364,0.05647743120789528,1.3460693359375,0.0,1000000,100,0.0030632915440946817,0.03212654937058687,0.03826349914073944,4.46538969039917,-4.447281613349914
1169408,106,9.064415499124343e-05,0.0,110.98786096813956,10536.359470300027,-12.40659236907959,0.08954925835132599,2.2718725204467773,0.0,1000000,100,0.0029998281970620155,0.030583072938024997,0.0561196137405932,4.517347130775452,-4.499524612426757
1171456,106,9.048568618881119e-05,0.0,110.98918144351693,10554.68636459997,-3.5232396125793457,0.076201893389225,1.3274883031845093,0.0,1000000,100,0.003050499362871051,0.031535845901817086,0.031568888816982506,4.482731308937073,-4.464338274002075
1173504,106,9.032777050610821e-05,0.0,110.99170574045283,10572.898147400003,-5.987028121948242,0.13200561702251434,1.5874278545379639,0.0,1000000,100,0.0031862412579357624,0.03724852159619332,0.03778366945683956,4.489732222557068,-4.470230755805969
1175552,106,9.017040505226481e-05,0.0,110.99238701299662,10591.284966800013,-3.1968021392822266,0.06506271660327911,1.4817531108856201,0.0,1000000,100,0.0032286474015563726,0.03758946765214205,0.03702872894704342,4.4863190078735355,-4.466808443069458
1177600,106,9.001358695652174e-05,0.0,110.9943640617689,10609.5477005,-2.8651156425476074,0.07889332622289658,1.4681742191314697,0.0,1000000,100,0.0031623069662600756,0.036595295872539284,0.03620769737288356,4.495412449836731,-4.476676263809204
1179648,106,8.985731336805556e-05,0.0,110.99442380853507,10627.993366900017,-0.7817018032073975,0.046705495566129684,1.393672227859497,0.0,1000000,100,0.0030404096469283104,0.038666340447962286,0.039636474400758744,4.476800947189331,-4.458974571228027
1181696,106,8.97015814558059e-05,0.0,110.99081896641565,10646.790527399979,-5.665761470794678,0.22073018550872803,1.259570837020874,0.0,1000000,100,0.0029369452968239784,0.03796383529901504,0.03759628191590309,4.4710998582839965,-4.453866753578186
1183744,106,8.95463884083045e-05,0.0,110.98861767822237,10665.454032700043,-6.060114860534668,0.24713918566703796,1.2845585346221924,0.0,1000000,100,0.002833510050550103,0.030206966921687128,0.030209651309996845,4.466829142570496,-4.450230307579041
1185792,106,8.939173143350605e-05,0.0,110.98368977760396,10684.38076239999,-5.052467346191406,0.21772094070911407,1.2914848327636719,0.0,1000000,100,0.0027507226914167404,0.025584905948489903,0.02582975624129176,4.476226119995117,-4.460041103363037
1187840,106,8.923760775862069e-05,0.0,110.981394208949,10703.055304600042,-3.2685060501098633,0.15722611546516418,1.316378116607666,0.0,1000000,100,0.0027124809566885233,0.02169227570295334,0.022003256864845753,4.492125597000122,-4.475986199378967
1189888,106,8.908401462994837e-05,0.0,110.98240515083037,10721.41118569998,2.8045530319213867,0.037862036377191544,1.4095555543899536,0.0,1000000,100,0.002678150311112404,0.026233753096312283,0.03190723208710551,4.509698348045349,-4.493719840049744
1191936,106,8.893094931271477e-05,0.0,110.9821791322016,10739.88643329998,-11.524576187133789,0.12597262859344482,2.076908588409424,0.0,1000000,100,0.0027698748745024204,0.03019122214987874,0.03176645126193762,4.51893837928772,-4.501941204071045
1193984,106,8.87784090909091e-05,0.0,110.98445768127289,10758.118973999983,0.1894524097442627,0.030070383101701736,1.6159889698028564,0.0,1000000,100,0.002931369934231043,0.03650447081774473,0.036735518090426925,4.494610967636109,-4.4761796474456785
1196032,106,8.862639126712329e-05,0.0,110.98315363005995,10776.698632900021,2.2365221977233887,0.03176667541265488,1.4520435333251953,0.0,1000000,100,0.0030889224726706743,0.04239413131028414,0.042473640404641626,4.465878086090088,-4.446373224258423
1198080,106,8.847489316239316e-05,0.0,110.97992012454606,10795.466411000001,3.0120632648468018,0.03515977784991264,1.433206558227539,0.0,1000000,100,0.003209123620763421,0.04352633018046617,0.043836125545203684,4.445634303092956,-4.425572838783264
1200128,106,8.832391211604096e-05,0.0,110.97718652749984,10814.186568900011,2.643752336502075,0.033969055861234665,1.3952720165252686,0.0,1000000,100,0.0033276460599154234,0.04270370930433273,0.042820070758461955,4.424879636764526,-4.404085836410522
1202176,106,8.817344548551959e-05,0.0,110.96060204542158,10834.259888999979,1.1607143878936768,0.04448777809739113,1.5167880058288574,0.0,1000000,100,0.0034002428874373436,0.04278642881661653,0.04300927206873894,4.381449031829834,-4.360535745620727
1204224,106,8.80234906462585e-05,0.0,110.95773729111257,10852.997090599965,-10.91987419128418,0.267068475484848,1.7591562271118164,0.0,1000000,100,0.0034708762541413307,0.043158976919949056,0.04331753809005022,4.393648920059204,-4.372360963821411
1206272,106,8.787404499151104e-05,0.0,110.94829137593275,10872.380142500042,3.9272899627685547,0.03571661189198494,1.4601753950119019,0.0,1000000,100,0.0036069846246391535,0.04196044735610485,0.04163354746997357,4.368304362297058,-4.3456515073776245
