episodes,requested_episodes,successes,total_success_rate,batch_success_rate,endpoint_successes,total_endpoint_success_rate,batch_endpoint_success_rate,legacy_scientific_successes,total_legacy_scientific_success_rate,batch_legacy_scientific_success_rate,episodes_per_second,elapsed_s,mean_episode_reward,median_minimum_tip_distance_m,mean_maximum_uav_displacement_m,numerical_failure_rate,gradient_updates,valid_transitions,policy_loss,value_loss,entropy,approximate_kl,clip_fraction,gradient_norm,epochs_completed
2048,1000000,0,0.0,0.0,1,0.00048828125,0.00048828125,0,0.0,0.0,79.07824971183146,25.898398200049996,-208.64190673828125,1.0280288457870483,61.34187698364258,0.0,100,204800,-0.006493961354717612,477.9526974487305,5.525037298202514,0.006127866144743166,0.073232421875,1.693811757862568,4
4096,1000000,0,0.0,0.0,3,0.000732421875,0.0009765625,0,0.0,0.0,105.12113764939804,38.96457069995813,-191.5080108642578,1.0061758756637573,44.89662170410156,0.0,200,204800,-0.008272553621791303,403.7688690185547,5.542777962684632,0.006990732409394696,0.091416015625,2.697364263534546,4
6144,1000000,1,0.00016276041666666666,0.00048828125,4,0.0006510416666666666,0.00048828125,0,0.0,0.0,117.00603851703003,52.510110400035046,-171.47915649414062,0.9619011282920837,30.90353012084961,0.0,300,204800,-0.009241623601410539,329.7259683227539,5.547356929779053,0.007627190543425968,0.104630126953125,2.7319094735383986,4
8192,1000000,1,0.0001220703125,0.0,4,0.00048828125,0.0,0,0.0,0.0,123.94922618462654,66.09157839999534,-149.80633544921875,0.8874731063842773,20.10803985595703,0.0,400,204800,-0.011168562108650804,257.35218811035156,5.546640415191651,0.008765879808051977,0.125496826171875,2.6825118121504783,4
10240,1000000,1,9.765625e-05,0.0,4,0.000390625,0.0,0,0.0,0.0,128.23246654756275,79.85497179999948,-125.60406494140625,0.7733643651008606,11.757606506347656,0.0,500,204800,-0.011628761569736525,186.3291781616211,5.54288480758667,0.008864055012090831,0.12607421875,2.831851504743099,4
12288,1000000,2,0.00016276041666666666,0.00048828125,5,0.0004069010416666667,0.00048828125,0,0.0,0.0,131.65806404041223,93.33268029999454,-104.33122253417969,0.6727439165115356,7.140917778015137,0.0,600,204800,-0.01143650186713785,134.49158630371093,5.534397926330566,0.00867609636297857,0.12175048828125,3.4998261910676955,4
14336,1000000,2,0.00013950892857142856,0.0,5,0.00034877232142857144,0.0,0,0.0,0.0,134.50754756932298,106.58137969998643,-87.496337890625,0.531471848487854,5.09151554107666,0.0,700,204800,-0.012236494761891663,98.74974975585938,5.513066911697388,0.008384847794441158,0.11770263671875,4.353403821587563,4
16384,1000000,2,0.0001220703125,0.0,5,0.00030517578125,0.0,0,0.0,0.0,136.295935344724,120.20901400002185,-70.41337585449219,0.40249520540237427,3.569281816482544,0.0,800,204800,-0.011780504643684254,68.21173629760742,5.494948506355286,0.007997137163183652,0.110667724609375,4.861860946416855,4
18432,1000000,2,0.00010850694444444444,0.0,6,0.0003255208333333333,0.00048828125,0,0.0,0.0,138.37649221948206,133.2018156000413,-59.74472427368164,0.3293003439903259,2.8390469551086426,0.0,900,204800,-0.011056188407819719,52.91864902496338,5.475248064994812,0.007522520635830005,0.103135986328125,5.848462543487549,4
20480,1000000,5,0.000244140625,0.00146484375,9,0.000439453125,0.00146484375,0,0.0,0.0,140.41405456844979,145.85434530000202,-49.053123474121094,0.2779634892940521,2.257996082305908,0.0,1000,204800,-0.010391352687729522,41.15903400421143,5.45522632598877,0.0071616565955628176,0.0962158203125,5.652147409915925,4
22528,1000000,6,0.00026633522727272725,0.00048828125,11,0.00048828125,0.0009765625,0,0.0,0.0,142.2403637953101,158.37979739997536,-42.05811309814453,0.25596311688423157,1.8758970499038696,0.0,1100,204800,-0.009662615272682161,31.583512439727784,5.434695014953613,0.00689963315759087,0.091180419921875,5.959775282144546,4
24576,1000000,8,0.0003255208333333333,0.0009765625,13,0.0005289713541666666,0.0009765625,0,0.0,0.0,143.23846122265294,171.57402970001567,-35.72630310058594,0.2245091050863266,1.6175880432128906,0.0,1200,204800,-0.008966344534419477,27.193989315032958,5.417501215934753,0.006649814853371936,0.086640625,6.594654157161713,4
26624,1000000,12,0.00045072115384615387,0.001953125,17,0.0006385216346153846,0.001953125,0,0.0,0.0,144.10812421302012,184.7501668999903,-29.609317779541016,0.20911768078804016,1.3881878852844238,0.0,1300,204800,-0.008565609882352873,23.32260690689087,5.401762137413025,0.006770320051582531,0.08763671875,5.612102615833282,4
28672,1000000,15,0.0005231584821428571,0.00146484375,21,0.000732421875,0.001953125,0,0.0,0.0,145.02321212283903,197.7062815000536,-25.082538604736328,0.19797536730766296,1.2281725406646729,0.0,1400,204800,-0.008122510069515556,19.33606477737427,5.38541051864624,0.0067750340197017065,0.08749755859375,5.109490336179733,4
30720,1000000,17,0.0005533854166666667,0.0009765625,23,0.0007486979166666667,0.0009765625,0,0.0,0.0,145.98525771678192,210.4322071999777,-20.791034698486328,0.1895153522491455,1.089015245437622,0.0,1500,204800,-0.0082432099734433,15.96155598640442,5.367623548507691,0.007332242368065636,0.096688232421875,4.147607500553131,4
32768,1000000,18,0.00054931640625,0.00048828125,24,0.000732421875,0.00048828125,0,0.0,0.0,146.85336344019836,223.13414710003417,-16.967792510986328,0.18736779689788818,0.9585863351821899,0.0,1600,204800,-0.007600236652651802,13.03989543914795,5.346226243972779,0.008154146329397918,0.110115966796875,3.2411330699920655,4
34816,1000000,19,0.0005457261029411765,0.00048828125,25,0.0007180606617647059,0.00048828125,0,0.0,0.0,147.65247636981624,235.7969257000368,-13.148147583007812,0.17850017547607422,0.8587889075279236,0.0,1700,204800,-0.007382826973916963,10.80270230293274,5.316033458709717,0.008591933161005727,0.11734375,2.746336773633957,4
36864,1000000,19,0.0005154079861111111,0.0,25,0.0006781684027777778,0.0,0,0.0,0.0,148.43533931939734,248.35056239995174,-10.639141082763672,0.16942057013511658,0.7773795127868652,0.0,1800,204800,-0.00732788453809917,9.062436752319336,5.285028486251831,0.00875020277886506,0.119332275390625,2.7928361248970033,4
38912,1000000,19,0.00048828125,0.0,25,0.0006424753289473685,0.0,0,0.0,0.0,149.01186107532206,261.1335749999853,-9.05660629272461,0.16591037809848785,0.7327402830123901,0.0,1900,204800,-0.007447188253281638,8.159356732368469,5.255228061676026,0.008505528184759897,0.11472900390625,3.8174522376060485,4
40960,1000000,19,0.0004638671875,0.0,25,0.0006103515625,0.0,0,0.0,0.0,149.40178834569426,274.1600381999742,-6.426383018493652,0.1700023114681244,0.663200855255127,0.0,2000,204800,-0.007285927489865571,7.124103918075562,5.226320638656616,0.008171363255369215,0.1098974609375,4.8781148624420165,4
43008,1000000,19,0.0004417782738095238,0.0,25,0.0005812872023809524,0.0,0,0.0,0.0,149.83646675982718,287.03292949998286,-4.47845458984375,0.16525374352931976,0.6124414801597595,0.0,2100,204800,-0.00588067950331606,6.5417944526672365,5.204510111808777,0.007141473903484439,0.09168701171875,5.3204557943344115,4
45056,1000000,19,0.0004216974431818182,0.0,25,0.0005548650568181819,0.0,0,0.0,0.0,150.0909997140754,300.191217900021,-2.7050728797912598,0.17157042026519775,0.5685125589370728,0.0,2200,204800,-0.006338152543175966,5.92545889377594,5.1888265037536625,0.006456297059503413,0.080126953125,7.620749225616455,4
47104,1000000,19,0.00040336277173913044,0.0,25,0.0005307404891304348,0.0,0,0.0,0.0,150.44855573828693,313.09040999994613,-1.3461713790893555,0.16576255857944489,0.5381366014480591,0.0,2300,204800,-0.005375869529088959,5.329987015724182,5.172882957458496,0.00585249527473934,0.069638671875,9.282151803970336,4
49152,1000000,19,0.0003865559895833333,0.0,25,0.0005086263020833334,0.0,0,0.0,0.0,150.9952372196874,325.52020120003726,-0.3786744177341461,0.16712187230587006,0.5150071978569031,0.0,2400,204800,-0.00597002652939409,5.1827994012832646,5.153945918083191,0.0058840068653989875,0.070223388671875,8.321399962902069,4
51200,1000000,19,0.00037109375,0.0,25,0.00048828125,0.0,0,0.0,0.0,151.4106078940575,338.1533217000542,0.664170503616333,0.16728419065475464,0.4935778081417084,0.0,2500,204800,-0.0057401561352889985,4.894549469947815,5.133193368911743,0.0063047381001524625,0.077620849609375,8.330924711227418,4
53248,1000000,19,0.00035682091346153844,0.0,25,0.00046950120192307694,0.0,0,0.0,0.0,146.1469258174727,364.34567269997206,1.5966217517852783,0.17014627158641815,0.46562525629997253,0.0,2600,204800,-0.005605975282378495,4.525692405700684,5.114956340789795,0.006143975001668878,0.075042724609375,9.017901034355164,4
55296,1000000,19,0.0003436053240740741,0.0,25,0.0004521122685185185,0.0,0,0.0,0.0,146.48348892955852,377.4896433999529,2.576685667037964,0.17091988027095795,0.4436025023460388,0.0,2700,204800,-0.005230597540503368,4.206837644577027,5.097198395729065,0.006572895100889582,0.081484375,8.112909169197083,4
57344,1000000,19,0.00033133370535714287,0.0,25,0.0004359654017857143,0.0,0,0.0,0.0,146.94047105376123,390.25327460002154,2.880840301513672,0.1641111969947815,0.43241602182388306,0.0,2800,204800,-0.004541339591378347,4.451596784591675,5.0774666213989255,0.006904571080667665,0.087548828125,8.470655436515809,4
59392,1000000,19,0.0003199084051724138,0.0,25,0.0004209321120689655,0.0,0,0.0,0.0,147.46695723018755,402.7478502000449,3.272793769836426,0.14974373579025269,0.42624014616012573,0.0,2900,204800,-0.004682361292652786,4.4488287353515625,5.056214737892151,0.007747013746738958,0.10044189453125,7.353809292316437,4
61440,1000000,19,0.00030924479166666665,0.0,25,0.0004069010416666667,0.0,0,0.0,0.0,147.9238375850576,415.3488782000495,3.9443321228027344,0.1430555284023285,0.4209466278553009,0.0,3000,204800,-0.004171561263501644,4.227503290176392,5.0393563175201415,0.007707159494802909,0.100675048828125,7.948641393184662,4
63488,1000000,19,0.00029926915322580646,0.0,25,0.0003937752016129032,0.0,0,0.0,0.0,148.29147266067727,428.1298098999541,4.271304130554199,0.13636597990989685,0.41093841195106506,0.0,3100,204800,-0.003973611567635089,4.247159278392791,5.025371966362,0.007635059342646855,0.099241943359375,7.657522773742676,4
65536,1000000,19,0.0002899169921875,0.0,25,0.0003814697265625,0.0,0,0.0,0.0,148.61134547151843,440.9892111000372,4.675176620483398,0.13800975680351257,0.406357079744339,0.0,3200,204800,-0.004532974467147142,4.0317063546180725,5.009102602005005,0.008218111040951045,0.10832275390625,7.7871470808982854,4
67584,1000000,19,0.0002811316287878788,0.0,25,0.0003699100378787879,0.0,0,0.0,0.0,148.9469140446635,453.7455538000213,5.096222877502441,0.13605275750160217,0.39728695154190063,0.0,3300,204800,-0.004527557958499529,3.9296992206573487,4.992692265510559,0.008403665858168097,0.11279907226562501,6.97986536026001,4
69632,1000000,19,0.00027286305147058824,0.0,25,0.00035903033088235297,0.0,0,0.0,0.0,149.2145561511751,466.6568851999473,5.441135883331299,0.12833882868289948,0.38887345790863037,0.0,3400,204800,-0.003055912549607456,3.9670746111869812,4.983267698287964,0.00876922927562191,0.1174365234375,7.534576537609101,4
71680,1000000,19,0.00026506696428571427,0.0,25,0.00034877232142857144,0.0,0,0.0,0.0,149.56778554232298,479.24758490000386,5.329446792602539,0.11950317770242691,0.3863758444786072,0.0,3500,204800,-0.0033791377861052754,4.27518459558487,4.974397864341736,0.010517496629581728,0.1435546875,6.1391809368133545,4
73728,1000000,19,0.00025770399305555556,0.0,25,0.0003390842013888889,0.0,0,0.0,0.0,149.83161550420155,492.07238240004517,5.618887424468994,0.1190425455570221,0.38272348046302795,0.0,3600,204800,-0.0032823408395051957,4.01517083644867,4.965763330459595,0.009583591525479279,0.12976318359375,6.158335411548615,4
75776,1000000,19,0.00025073902027027026,0.0,25,0.0003299197635135135,0.0,0,0.0,0.0,150.12149179429562,504.76450169994496,5.842897891998291,0.12605223059654236,0.3843315541744232,0.0,3700,204800,-0.0021931736147962513,3.641344211101532,4.956543192863465,0.011306882543995016,0.15429443359375,4.999161033630371,4
77824,1000000,19,0.000244140625,0.0,25,0.00032123766447368423,0.0,0,0.0,0.0,150.41354928220377,517.4001968000084,6.069179534912109,0.1194128468632698,0.3818137049674988,0.0,3800,204800,-0.001544219374191016,3.6884904313087463,4.9473505878448485,0.014116136563025065,0.188736572265625,4.426222503185272,4
79872,1000000,19,0.00023788060897435897,0.0,25,0.0003130008012820513,0.0,0,0.0,0.0,150.61823388006812,530.2943603999447,6.321582317352295,0.11548378318548203,0.37198078632354736,0.0,3900,204800,-0.0022205719514749945,3.7122098803520203,4.940828733444214,0.012074603736582503,0.1643994140625,4.501624727249146,4
81920,1000000,19,0.00023193359375,0.0,25,0.00030517578125,0.0,0,0.0,0.0,150.77243505892562,543.3353913000319,6.852565765380859,0.10846911370754242,0.3690040707588196,0.0,4000,204800,-0.001156998007791117,3.4167997574806215,4.933844928741455,0.01233142600233805,0.16793701171875,4.405997111797332,4
83968,1000000,19,0.0002262766768292683,0.0,25,0.0002977324695121951,0.0,0,0.0,0.0,150.99048760070627,556.1145032000495,6.650215148925781,0.10523618757724762,0.370577871799469,0.0,4100,204800,-0.0016064008511602879,3.5830480599403383,4.920887184143067,0.012244500503275049,0.1685498046875,4.028451863527298,4
86016,1000000,19,0.0002208891369047619,0.0,25,0.0002906436011904762,0.0,0,0.0,0.0,151.14193623629077,569.1074373000301,6.963499069213867,0.10458000749349594,0.36454081535339355,0.0,4200,204800,-0.001387725471286103,3.4491473507881167,4.911296992301941,0.012515484464311158,0.1702880859375,3.837385096549988,4
88064,1000000,19,0.00021575218023255814,0.0,25,0.0002838844476744186,0.0,0,0.0,0.0,151.38698452892288,581.7144735000329,7.020162582397461,0.11041265726089478,0.36397868394851685,0.0,4300,204800,-0.0008116789569612593,3.1975774049758914,4.895515398979187,0.014128444007319559,0.19309814453125002,3.1179872727394105,4
90112,1000000,19,0.0002108487215909091,0.0,25,0.00027743252840909093,0.0,0,0.0,0.0,151.61034718215913,594.3657650999958,7.210242748260498,0.10751517862081528,0.36131423711776733,0.0,4400,204800,-0.0005445246433373541,3.143644678592682,4.883937020301819,0.013823837763575285,0.186588134765625,2.9598994886875154,4
92160,1000000,19,0.00020616319444444444,0.0,25,0.0002712673611111111,0.0,0,0.0,0.0,151.85169869420608,606.9079291999806,7.4484357833862305,0.10884470492601395,0.3578963875770569,0.0,4500,204800,-0.001293134285369888,2.9785287976264954,4.871654787063599,0.012920066448514263,0.178505859375,2.8166654217243194,4
94208,1000000,19,0.00020168138586956522,0.0,25,0.0002653702445652174,0.0,0,0.0,0.0,151.953481459771,619.97921400005,7.36872673034668,0.10369906574487686,0.35652047395706177,0.0,4600,204800,-0.0005871294159442187,3.096336789131165,4.8550864028930665,0.01349526640446129,0.18396484375,2.860965107679367,4
96256,1000000,19,0.00019739029255319148,0.0,25,0.00025972406914893617,0.0,0,0.0,0.0,152.13212697861098,632.7131678999867,7.468371391296387,0.10147182643413544,0.3556557297706604,0.0,4700,204800,-0.0011009982903487981,3.0075425839424135,4.840268034934998,0.013558553953571391,0.1845556640625,2.5173048973083496,4
98304,1000000,19,0.00019327799479166666,0.0,25,0.0002543131510416667,0.0,0,0.0,0.0,152.23126632548707,645.7543340000557,7.8010454177856445,0.106843963265419,0.3489399552345276,0.0,4800,204800,-0.001896112896502018,2.6590870666503905,4.830898113250733,0.011437263650914247,0.15834228515625,2.4182635056972503,4
100352,1000000,19,0.00018933354591836734,0.0,25,0.0002491230867346939,0.0,0,0.0,0.0,152.3404780123936,658.7349685999798,7.7383317947387695,0.10380632430315018,0.3483409285545349,0.0,4900,204800,-0.0014522768545430153,2.698757231235504,4.816012473106384,0.012365140087622422,0.16984252929687502,2.2699945080280304,4
102400,1000000,19,0.000185546875,0.0,25,0.000244140625,0.0,0,0.0,0.0,152.3759028204086,672.0222692999523,7.835467338562012,0.10035502165555954,0.35003000497817993,0.0,5000,204800,-0.0012537027522921563,2.560930197238922,4.80561210155487,0.011807987557967864,0.16357421875,2.2621064138412477,4
104448,1000000,19,0.00018190870098039216,0.0,25,0.00023935355392156862,0.0,0,0.0,0.0,149.77431564659375,697.3692354999948,7.913693904876709,0.10237998515367508,0.349872887134552,0.0,5100,204800,-0.0012856473214924336,2.3756743931770323,4.791301102638244,0.012222153549737413,0.16906005859375,2.1347039240598678,4
106496,1000000,19,0.00017841045673076922,0.0,25,0.00023475060096153847,0.0,0,0.0,0.0,150.02236282116502,709.8675023999531,7.948873043060303,0.10032722353935242,0.3449169993400574,0.0,5200,204800,-0.0009893364610616118,2.4412757468223574,4.781135387420655,0.013273730165565212,0.18379638671875,1.7565881454944612,4
108544,1000000,19,0.0001750442216981132,0.0,25,0.00023032134433962264,0.0,0,0.0,0.0,150.25518188427137,722.397714599967,8.140275955200195,0.10205864906311035,0.3419637382030487,0.0,5300,204800,-0.0017723424942232668,2.2020537769794464,4.765380277633667,0.012313233484910598,0.1698974609375,1.8559027194976807,4
110592,1000000,19,0.00017180266203703704,0.0,25,0.00022605613425925926,0.0,0,0.0,0.0,150.43142691841808,735.1655320000136,8.205028533935547,0.10717751085758209,0.33833274245262146,0.0,5400,204800,-0.002377879205159843,2.0775726652145385,4.748540391921997,0.012008971877403383,0.165689697265625,1.8227168118953705,4
112640,1000000,19,0.00016867897727272727,0.0,25,0.00022194602272727272,0.0,0,0.0,0.0,150.58789266639025,748.001701900037,8.435441970825195,0.09772665053606033,0.33653688430786133,0.0,5500,204800,-0.002502293766010553,2.0749367916584016,4.73751305103302,0.012202580630255398,0.169840087890625,1.8288505840301514,4
114688,1000000,19,0.00016566685267857144,0.0,25,0.00021798270089285715,0.0,0,0.0,0.0,150.77387049474166,760.6623059000121,8.473871231079102,0.09386162459850311,0.33528685569763184,0.0,5600,204800,-0.002868214948102832,2.0086757516860962,4.72748619556427,0.01115020641595038,0.154053955078125,1.9143532234430314,4
116736,1000000,19,0.00016276041666666666,0.0,25,0.00021415844298245613,0.0,0,0.0,0.0,151.00052436374077,773.0834080999484,8.812394142150879,0.0931273028254509,0.328946590423584,0.0,5700,204800,-0.0028641052963212133,1.8239948964118957,4.707038826942444,0.0112217900473388,0.155994873046875,1.9583117592334747,4
118784,1000000,19,0.0001599542025862069,0.0,25,0.00021046605603448275,0.0,0,0.0,0.0,151.18472719869814,785.6878284000559,8.663602828979492,0.0888562723994255,0.33415043354034424,0.0,5800,204800,-0.0026135091634932905,1.8172310209274292,4.681741952896118,0.01230009584216532,0.170618896484375,1.8361820197105407,4
120832,1000000,19,0.00015724311440677965,0.0,25,0.0002068988347457627,0.0,0,0.0,0.0,151.33006274900404,798.4665955000091,9.144550323486328,0.08533240109682083,0.3288244307041168,0.0,5900,204800,-0.0026405814127065243,1.5658320116996765,4.667758359909057,0.011775524468212098,0.1649560546875,1.7340079724788666,4
122880,1000000,19,0.00015462239583333333,0.0,25,0.00020345052083333334,0.0,0,0.0,0.0,151.46154948404197,811.2950146000367,9.029187202453613,0.07709657400846481,0.32784587144851685,0.0,6000,204800,-0.0024626087420620024,1.8328788185119629,4.651957135200501,0.011909709989213297,0.1661962890625,2.093257862329483,4
124928,1000000,19,0.0001520876024590164,0.0,25,0.00020011526639344263,0.0,0,0.0,0.0,151.5948489744318,824.0913253000472,9.15438175201416,0.07806722819805145,0.325598806142807,0.0,6100,204800,-0.003204939942806959,1.743427631855011,4.6353130578994755,0.011828756655995675,0.165185546875,1.9881467926502228,4
126976,1000000,19,0.00014963457661290323,0.0,25,0.0001968876008064516,0.0,0,0.0,0.0,151.71692285175968,836.9270718999906,9.408529281616211,0.0789778083562851,0.32063955068588257,0.0,6200,204800,-0.0024288957682438196,1.6384821927547455,4.629409928321839,0.011319664628126702,0.15788208007812501,2.282842034101486,4
129024,1000000,19,0.0001472594246031746,0.0,25,0.00019376240079365078,0.0,0,0.0,0.0,151.82464871837573,849.8224832999986,9.41287612915039,0.07870744913816452,0.32120591402053833,0.0,6300,204800,-0.003195943027967587,1.5973741221427917,4.6132882928848264,0.011007794566112353,0.15367919921875,2.2222509276866913,4
131072,1000000,19,0.00014495849609375,0.0,25,0.00019073486328125,0.0,0,0.0,0.0,151.91452246686282,862.8009874999989,9.494014739990234,0.07627635449171066,0.3172607421875,0.0,6400,204800,-0.0023148604086600244,1.6350814771652222,4.59577751159668,0.011684590684963041,0.160997314453125,2.447612351179123,4
133120,1000000,19,0.0001427283653846154,0.0,25,0.00018780048076923078,0.0,0,0.0,0.0,152.0021252582732,875.7772285999963,9.547555923461914,0.06729032844305038,0.31638818979263306,0.0,6500,204800,-0.0028593497595284134,1.7844102740287782,4.5820490026474,0.011752530342764658,0.163416748046875,2.57952534198761,4
135168,1000000,19,0.0001405658143939394,0.0,25,0.00018495501893939394,0.0,0,0.0,0.0,152.04777454104456,888.9837447999744,9.709983825683594,0.06487832963466644,0.31507813930511475,0.0,6600,204800,-0.0022096310579217972,1.6566445052623748,4.569903492927551,0.012342707053485356,0.172073974609375,2.7986773109436034,4
137216,1000000,19,0.0001384678171641791,0.0,25,0.00018219449626865673,0.0,0,0.0,0.0,152.0077814309471,902.690630099969,10.155182838439941,0.06784813106060028,0.31246909499168396,0.0,6700,204800,-0.0016708494286285713,1.2264705514907837,4.546641955375671,0.012751142981087468,0.175146484375,2.4558529937267304,4
139264,1000000,19,0.00013643152573529412,0.0,25,0.00017951516544117648,0.0,0,0.0,0.0,152.02409474835125,916.0653134000022,10.025375366210938,0.06223191320896149,0.30930179357528687,0.0,6800,204800,-0.0019141299137845635,1.5675990188121796,4.529458184242249,0.013201964488280283,0.180557861328125,2.572930752038956,4
141312,1000000,19,0.0001344542572463768,0.0,25,0.0001769134963768116,0.0,0,0.0,0.0,152.02209347221805,929.5490989000537,10.068705558776855,0.06531555205583572,0.30707693099975586,0.0,6900,204800,-0.003206421451177448,1.4576756048202515,4.517907166481018,0.011895696691981357,0.16676025390625002,2.8517540001869204,4
143360,1000000,19,0.00013253348214285713,0.0,25,0.00017438616071428572,0.0,0,0.0,0.0,152.01541173980087,943.0622748000314,10.3382568359375,0.06495494395494461,0.30732089281082153,0.0,7000,204800,-0.0024582755297888072,1.1666618674993516,4.498009357452393,0.011927983707128078,0.16587646484375002,2.569530566930771,4
145408,1000000,19,0.00013066681338028168,0.0,25,0.0001719300176056338,0.0,0,0.0,0.0,152.115374167682,955.9060075000161,10.331952095031738,0.06381683796644211,0.30868539214134216,0.0,7100,204800,-0.0028250000439584257,1.1155834126472473,4.471535210609436,0.012046180975285098,0.16765625,2.7959581446647643,4
147456,1000000,19,0.00012885199652777778,0.0,25,0.00016954210069444444,0.0,0,0.0,0.0,152.2153967914334,968.7324876999483,10.231511116027832,0.06474264711141586,0.30623579025268555,0.0,7200,204800,-0.0019090685958508403,1.21668314576149,4.44809561252594,0.014704474051450233,0.20497070312500001,2.3416581857204437,4
149504,1000000,19,0.0001270869006849315,0.0,25,0.00016721960616438355,0.0,0,0.0,0.0,152.30323380048173,981.6206541999709,10.413763046264648,0.06382493674755096,0.30637413263320923,0.0,7300,204800,-0.0026467669126577676,1.106694438457489,4.428642616271973,0.013118892411603156,0.181275634765625,2.5537424874305725,4
151552,1000000,19,0.00012536951013513513,0.0,25,0.00016495988175675675,0.0,0,0.0,0.0,152.34353878931307,994.8042510000523,10.59398078918457,0.06082521378993988,0.306158185005188,0.0,7400,204800,-0.002312682429328561,0.9842003786563873,4.406860389709473,0.013228552721429879,0.185328369140625,2.3980906486511233,4
153600,1000000,19,0.00012369791666666668,0.0,25,0.00016276041666666666,0.0,0,0.0,0.0,152.43171136960265,1007.6643411000259,10.531595230102539,0.05836620554327965,0.3063884973526001,0.0,7500,204800,-0.0020568752428516746,1.1046359825134278,4.382289528846741,0.014784903205545562,0.20304565429687502,2.5605287885665895,4
155648,1000000,19,0.0001220703125,0.0,25,0.00016061883223684212,0.0,0,0.0,0.0,150.6206333610096,1033.3776756000007,10.869873046875,0.05975867435336113,0.30356210470199585,0.0,7600,204800,-0.001371201986912638,0.8147458386421204,4.35894847869873,0.014253041137371839,0.19746826171875,2.552837966680527,4
157696,1000000,19,0.00012048498376623377,0.0,25,0.00015853287337662338,0.0,0,0.0,0.0,150.69231167594552,1046.4767462000018,10.942770957946777,0.060376811772584915,0.3002660870552063,0.0,7700,204800,-0.0021429986879229544,0.842053873538971,4.324977641105652,0.014006687330947898,0.19333251953125,2.6283872783184052,4
159744,1000000,19,0.00011894030448717948,0.0,25,0.00015650040064102565,0.0,0,0.0,0.0,150.76803273941428,1059.5349497999996,11.149133682250977,0.05626195669174194,0.29747986793518066,0.0,7800,204800,-0.0011380859289783984,0.8689503860473633,4.29032407283783,0.01566182989281515,0.215087890625,2.4548123824596404,4
161792,1000000,19,0.00011743473101265823,0.0,25,0.00015451938291139242,0.0,0,0.0,0.0,150.83880989318808,1072.615198399988,11.136011123657227,0.05720166862010956,0.298678457736969,0.0,7900,204800,-0.001981036550132558,0.8772605913877487,4.2617236995697025,0.01423092872111738,0.1972119140625,2.5089320659637453,4
163840,1000000,19,0.000115966796875,0.0,25,0.000152587890625,0.0,0,0.0,0.0,150.89455340107935,1085.7913444000296,11.199304580688477,0.05561917647719383,0.29752612113952637,0.0,8000,204800,-0.002241233076201752,0.9281218218803406,4.230722985267639,0.013644346583459992,0.187781982421875,2.7982266199588777,4
165888,1000000,19,0.00011453510802469135,0.0,25,0.00015070408950617283,0.0,0,0.0,0.0,151.01589429342258,1098.480400200002,11.526932716369629,0.05753614753484726,0.29329854249954224,0.0,8100,204800,-0.0018915341899264605,0.6805707204341889,4.1986217689514165,0.01569770180491105,0.214747314453125,2.131095759868622,4
167936,1000000,19,0.00011313833841463415,0.0,25,0.00014886623475609756,0.0,0,0.0,0.0,151.08501069409334,1111.5331642000237,11.441449165344238,0.055679574608802795,0.2923944592475891,0.0,8200,204800,-0.0015053847990930081,0.904129735827446,4.164204788208008,0.016081302321235853,0.22101318359375,2.774467372894287,4
169984,1000000,19,0.00011177522590361445,0.0,25,0.00014707266566265062,0.0,0,0.0,0.0,151.15277575342571,1124.5840452000266,11.747566223144531,0.05652252584695816,0.2918812334537506,0.0,8300,204800,-0.001217910492559895,0.6169977355003357,4.126695237159729,0.015873155601693726,0.216478271484375,2.4541391134262085,4
172032,1000000,19,0.00011044456845238095,0.0,25,0.0001453218005952381,0.0,0,0.0,0.0,151.22987322549275,1137.5530266000424,11.939443588256836,0.05452432483434677,0.2888951897621155,0.0,8400,204800,-0.0012093918782193215,0.5886722719669342,4.082342290878296,0.015829837641658743,0.217364501953125,2.536292827129364,4
174080,1000000,19,0.0001091452205882353,0.0,25,0.00014361213235294118,0.0,0,0.0,0.0,151.34488019977078,1150.2206072000554,12.006301879882812,0.05463498830795288,0.28570282459259033,0.0,8500,204800,-0.0018211892747785896,0.6418681699037552,4.040676536560059,0.01593939565454093,0.220401611328125,2.429458268880844,4
176128,1000000,19,0.00010787609011627907,0.0,25,0.0001419422238372093,0.0,0,0.0,0.0,151.46089123062816,1162.861241400009,12.121830940246582,0.05061101168394089,0.28733813762664795,0.0,8600,204800,-0.0020514226774685086,0.6291965994238854,4.001544864177704,0.015592628260965285,0.214200439453125,2.734604995250702,4
178176,1000000,19,0.00010663613505747127,0.0,25,0.0001403107040229885,0.0,0,0.0,0.0,151.54282961628962,1175.7468198999995,12.343648910522461,0.04808169603347778,0.28342801332473755,0.0,8700,204800,-0.0012612333579454572,0.6314013373851777,3.9699543380737308,0.015466940378628351,0.214586181640625,2.4409423327445983,4
180224,1000000,19,0.00010542436079545455,0.0,25,0.00013871626420454547,0.0,0,0.0,0.0,151.62558695432637,1188.612051700009,12.307567596435547,0.046251386404037476,0.28285056352615356,0.0,8800,204800,-0.0016184133029310034,0.7657173705101014,3.942430386543274,0.016332477337609817,0.22224365234375001,2.2714364326000216,4
182272,1000000,19,0.00010423981741573033,0.0,25,0.00013715765449438203,0.0,0,0.0,0.0,151.69562516359898,1201.5639858000213,12.503120422363281,0.0472366139292717,0.2812057435512543,0.0,8900,204800,-0.001005578812910244,0.6264114698767662,3.914873290061951,0.016534703088718742,0.223673095703125,2.2702110385894776,4
184320,1000000,19,0.00010308159722222222,0.0,25,0.00013563368055555556,0.0,0,0.0,0.0,151.79804803962327,1214.2448626999976,12.464042663574219,0.04711282625794411,0.28128746151924133,0.0,9000,204800,-0.0009794025600422173,0.715184897184372,3.890062203407288,0.01698451340194879,0.2313134765625,2.6181044375896456,4
186368,1000000,19,0.00010194883241758242,0.0,25,0.00013414320054945056,0.0,0,0.0,0.0,151.88564324416214,1227.0284143999452,12.706424713134766,0.04732579365372658,0.2769034802913666,0.0,9100,204800,-0.0019852416031062602,0.6153706392645836,3.8602974939346315,0.014513660837264979,0.201131591796875,3.058324191570282,4
188416,1000000,19,0.00010084069293478261,0.0,25,0.0001326851222826087,0.0,0,0.0,0.0,151.96725774130854,1239.846022099955,12.70738410949707,0.04538527876138687,0.2782362699508667,0.0,9200,204800,-0.0006210470129735768,0.6154561072587967,3.8257795047760013,0.01762383053348458,0.237139892578125,2.4313341331481935,4
190464,1000000,19,9.975638440860216e-05,0.0,25,0.0001312584005376344,0.0,0,0.0,0.0,152.10617050055706,1252.1779976000544,12.861747741699219,0.04388391226530075,0.27248936891555786,0.0,9222,204800,0.005810378278097646,0.70419656959447,3.807442058216442,0.017350036433030753,0.22669011896306818,2.276342126456174,1
192512,1000000,19,9.869514627659574e-05,0.0,25,0.00012986203457446808,0.0,0,0.0,0.0,152.25364140889084,1264.4163924000459,12.619721412658691,0.04042043909430504,0.2768681049346924,0.0,9240,204800,0.004885941650071698,0.9038755430115594,3.7972867488861084,0.01643271622768023,0.21954345703125,2.6335699028438992,1
194560,1000000,19,9.765625e-05,0.0,25,0.00012849506578947368,0.0,0,0.0,0.0,152.37723795902318,1276.8311239000177,12.042940139770508,0.038674503564834595,0.2824801206588745,0.0,9302,204800,0.0006074136077997184,1.368190682703449,3.790084215902513,0.019057474385399766,0.2513033959173387,2.8693788782242806,3
196608,1000000,19,9.663899739583333e-05,0.0,25,0.00012715657552083334,0.0,0,0.0,0.0,152.4884081696832,1289.3307915000478,12.22598648071289,0.0391894206404686,0.27609944343566895,0.0,9402,204800,-0.0014592924690805375,1.3317982840538025,3.7892241144180296,0.016591054354476,0.22443725585937502,3.323253132104874,4
198656,1000000,19,9.564271907216495e-05,0.0,25,0.0001258456829896907,0.0,0,0.0,0.0,152.5476560143211,1302.25534230005,12.579916000366211,0.03900228068232536,0.27364271879196167,0.0,9420,204800,0.003358318586833775,0.9730803602271609,3.7871113353305392,0.016015700840802713,0.2105645073784722,2.4919494456715054,1
200704,1000000,19,9.466677295918367e-05,0.0,25,0.00012456154336734694,0.0,0,0.0,0.0,152.62089434573028,1315.0492981999414,12.646257400512695,0.03914247825741768,0.2779539227485657,0.0,9430,204800,-0.000883279461413622,0.750860869884491,3.779351329803467,0.014278256382749533,0.18895263671875,2.7397704362869266,1
202752,1000000,19,9.371054292929292e-05,0.0,25,0.00012330334595959597,0.0,0,0.0,0.0,152.659599806635,1328.1313475000206,12.725809097290039,0.040727198123931885,0.2746804356575012,0.0,9530,204800,-0.0005639059480745345,0.7785156571865082,3.7650305461883544,0.019247152368279785,0.2573388671875,2.2947658002376556,4
204800,1000000,19,9.27734375e-05,0.0,25,0.0001220703125,0.0,0,0.0,0.0,152.72095458762553,1341.007856799988,12.987846374511719,0.042159464210271835,0.2712074816226959,0.0,9630,204800,-0.0004231107269879431,0.6569397288560868,3.7388725876808167,0.019121569763656227,0.25384399414062503,2.308397698402405,4
206848,1000000,19,9.185488861386139e-05,0.0,25,0.00012086169554455445,0.0,0,0.0,0.0,151.39046276864144,1366.3212081999518,13.212289810180664,0.043131034821271896,0.265995055437088,0.0,9730,204800,-0.0009452589973807335,0.5703163665533066,3.7001977014541625,0.01739663450101034,0.23767578125,2.0797964549064636,4
208896,1000000,19,9.095435049019608e-05,0.0,25,0.00011967677696078431,0.0,0,0.0,0.0,151.46191763098412,1379.1981725000078,13.357339859008789,0.04149129241704941,0.26857730746269226,0.0,9830,204800,-0.0010444881871808321,0.4645665165781975,3.6580256962776185,0.01644817241018245,0.225240478515625,2.3567790389060974,4
210944,1000000,19,9.007129854368932e-05,0.0,25,0.00011851486650485437,0.0,0,0.0,0.0,151.5305253128622,1392.0891488000052,13.503061294555664,0.04262767359614372,0.26709944009780884,0.0,9930,204800,-0.0016201496834401042,0.39425018891692165,3.6012786412239075,0.015425012129435344,0.21528198242187502,2.4622091460227966,4
212992,1000000,19,8.920522836538461e-05,0.0,25,0.00011737530048076923,0.0,0,0.0,0.0,151.63271462354362,1404.657303199987,13.579187393188477,0.042331695556640625,0.26399362087249756,0.0,10030,204800,-0.00047281582606956363,0.4511315912008286,3.5515706086158754,0.017113292262365576,0.23479248046875,2.4283721709251402,4
215040,1000000,19,8.835565476190476e-05,0.0,25,0.00011625744047619047,0.0,0,0.0,0.0,151.7560945753268,1417.0106353999581,13.728294372558594,0.04231415316462517,0.2612929940223694,0.0,10073,204800,0.0032058852402558334,0.44358953348425934,3.523248228915902,0.01870355596785758,0.24221021075581395,2.366104231324307,2
217088,1000000,19,8.75221108490566e-05,0.0,25,0.00011516067216981132,0.0,0,0.0,0.0,151.86384861050507,1429.4909683000296,13.618897438049316,0.03895620256662369,0.264870285987854,0.0,10130,204800,0.0031768529443070292,0.5948558439288223,3.501808363094664,0.02114048157919936,0.2716942502741228,2.188069268276817,3
219136,1000000,19,8.670414719626168e-05,0.0,25,0.00011408440420560748,0.0,0,0.0,0.0,151.9981154985985,1441.7020847999956,13.645721435546875,0.03787664324045181,0.26397281885147095,0.0,10138,204800,0.00423815606336575,0.6666337177157402,3.497112423181534,0.015682651843462736,0.197265625,2.178339034318924,1
221184,1000000,19,8.590133101851852e-05,0.0,25,0.00011302806712962963,0.0,0,0.0,0.0,152.11732722188535,1454.035539799952,13.612089157104492,0.036257751286029816,0.2636120915412903,0.0,10150,204800,0.0051067661261186,0.7395143161217371,3.493408660093943,0.01573813842310301,0.20572916666666666,2.204492519299189,1
223232,1000000,19,8.511324541284404e-05,0.0,25,0.00011199111238532111,0.0,0,0.0,0.0,152.23764604962324,1466.3390153000364,13.218914031982422,0.03481554985046387,0.2662797272205353,0.0,10176,204800,0.0025174605319849574,1.1132717568140764,3.485849380493164,0.016402696756638482,0.21773118239182693,3.3368594142106867,2
225280,1000000,19,8.433948863636364e-05,0.0,25,0.00011097301136363636,0.0,0,0.0,0.0,152.37070248294873,1478.4994512000121,13.808435440063477,0.038275085389614105,0.25775206089019775,0.0,10195,204800,0.0005548586823830478,0.6184611445979068,3.4775385480178027,0.014411625392121525,0.19564658717105263,2.640666491106937,1
227328,1000000,19,8.357967342342342e-05,0.0,25,0.0001099732545045045,0.0,0,0.0,0.0,152.42091869391345,1491.4488243999658,13.797052383422852,0.04113146662712097,0.26078635454177856,0.0,10295,204800,-0.001374175406526774,0.5547757709026336,3.451830716133118,0.01733251922654745,0.23823120117187502,2.854573690891266,4
229376,1000000,19,8.283342633928572e-05,0.0,25,0.00010899135044642858,0.0,0,0.0,0.0,152.47626886947205,1504.339014200028,14.003320693969727,0.039482343941926956,0.25882381200790405,0.0,10395,204800,-0.0004722025780938566,0.41928606390953066,3.4218928050994872,0.017571914637410372,0.238016357421875,2.187315796613693,4
231424,1000000,19,8.21003871681416e-05,0.0,25,0.00010802682522123894,0.0,0,0.0,0.0,152.49631182640996,1517.571128300042,14.126241683959961,0.03901978209614754,0.2583255171775818,0.0,10490,204800,0.00042811186592045584,0.37902372667663975,3.3850933501594946,0.019349677976194805,0.2547633120888158,2.2721739392531544,4
233472,1000000,19,8.138020833333333e-05,0.0,25,0.00010707922149122806,0.0,0,0.0,0.0,152.61536150200197,1529.8066832999466,13.809930801391602,0.03508874401450157,0.2580932676792145,0.0,10530,204800,0.0013593482086434962,0.8138766765594483,3.3619675755500795,0.020716376044538267,0.2701629638671875,2.4386093080043794,2
235520,1000000,19,8.067255434782608e-05,0.0,25,0.00010614809782608695,0.0,0,0.0,0.0,152.7416042440907,1541.9505456000334,14.183923721313477,0.03666728362441063,0.25378429889678955,0.0,10554,204800,0.00523626363913839,0.596703551709652,3.3537880678971606,0.018018941200428646,0.24199422200520831,2.7392509430646896,1
237568,1000000,19,7.997710129310345e-05,0.0,25,0.00010523302801724137,0.0,0,0.0,0.0,152.86798802191683,1554.0729166000383,14.182795524597168,0.038301702588796616,0.2521166205406189,0.0,10575,204800,0.004743379917705343,0.599354509796415,3.341138203938802,0.01701360493877603,0.22709728422619047,2.325941114198594,1
239616,1000000,19,7.929353632478633e-05,0.0,25,0.00010433360042735042,0.0,0,0.0,0.0,152.96319417075847,1566.4944845000282,14.298558235168457,0.03921907767653465,0.2531479001045227,0.0,10598,204800,0.004460686352103949,0.4068385375582653,3.3267919602601426,0.016258107703557154,0.21074643342391303,2.2824206455894136,1
241664,1000000,19,7.862155720338982e-05,0.0,25,0.00010344941737288135,0.0,0,0.0,0.0,153.0689461977727,1578.7918190000346,14.22182846069336,0.03581668436527252,0.25558188557624817,0.0,10618,204800,0.005668589612469077,0.4846832975745201,3.3091127038002015,0.018423304808402464,0.233087158203125,2.4629606246948246,1
243712,1000000,19,7.796087184873949e-05,0.0,25,0.00010258009453781513,0.0,0,0.0,0.0,153.1414721336198,1591.4173776999814,14.542848587036133,0.039460841566324234,0.2508429288864136,0.0,10718,204800,-0.00013244786066934466,0.2846448102593422,3.2707298231124877,0.016778016635325913,0.228875732421875,2.1301135659217834,4
245760,1000000,19,7.731119791666666e-05,0.0,25,0.00010172526041666667,0.0,0,0.0,0.0,153.18275549705112,1604.3581354999915,14.514219284057617,0.03663996234536171,0.25133028626441956,0.0,10818,204800,-0.00018522580387070775,0.3719155125319958,3.228711631298065,0.017799290418106465,0.244619140625,2.151708528995514,4
247808,1000000,19,7.667226239669422e-05,0.0,25,0.00010088455578512397,0.0,0,0.0,0.0,153.26015043271255,1616.9108492999803,14.570755004882812,0.036366336047649384,0.24820604920387268,0.0,10897,204800,0.00037991806063093715,0.4659971881516372,3.195480603206007,0.01807048691425504,0.24278549001186708,2.5993346488928495,4
249856,1000000,19,7.60438012295082e-05,0.0,25,0.00010005763319672131,0.0,0,0.0,0.0,153.349119382618,1629.3279087999836,14.425209045410156,0.03456814959645271,0.25483816862106323,0.0,10917,204800,0.003919670917093754,0.5278665214776993,3.1799129605293275,0.019467823086552018,0.249664306640625,2.081358993053436,1
251904,1000000,19,7.542555894308943e-05,0.0,25,9.924415650406504e-05,0.0,0,0.0,0.0,153.41717638053242,1641.9543492000084,14.600258827209473,0.03558393567800522,0.24925099313259125,0.0,10946,204800,0.005358211575718275,0.4965115477298868,3.167335296499318,0.01972059142557053,0.2580145474137931,2.015775228368825,2
253952,1000000,19,7.481728830645161e-05,0.0,25,9.84438004032258e-05,0.0,0,0.0,0.0,153.4949224389595,1654.4651507999515,14.529391288757324,0.03377277031540871,0.24857409298419952,0.0,10985,204800,0.0018432648637546941,0.6084083624375172,3.146813692190708,0.02003341498901789,0.25681402744391024,2.3850978093269544,2
256000,1000000,19,7.421875e-05,0.0,25,9.765625e-05,0.0,0,0.0,0.0,153.60989471070414,1666.5593091000337,14.806053161621094,0.03921022638678551,0.24575404822826385,0.0,11010,204800,0.005488559980876744,0.32060936629772185,3.1238603305816652,0.01723977281155385,0.22173828125,2.4678227376937865,1
258048,1000000,19,7.36297123015873e-05,0.0,25,9.688120039682539e-05,0.0,0,0.0,0.0,152.48322529260093,1692.3041830000002,14.956408500671387,0.038840435445308685,0.24378567934036255,0.0,11110,204800,-0.0007810440193861723,0.2700774294137955,3.080905659198761,0.016797619738681532,0.229698486328125,2.083457872867584,4
260096,1000000,19,7.304995078740158e-05,0.0,25,9.61183562992126e-05,0.0,0,0.0,0.0,152.54821492795494,1705.0084795999574,14.958075523376465,0.03837982192635536,0.24509797990322113,0.0,11122,204800,0.005212792117769519,0.3104064141710599,3.0600785414377847,0.015236633730031219,0.190887451171875,2.607079853614171,1
262144,1000000,19,7.2479248046875e-05,0.0,25,9.5367431640625e-05,0.0,0,0.0,0.0,152.63134672612202,1717.497785500018,14.953311920166016,0.034614447504282,0.24461033940315247,0.0,11133,204800,0.003904229114678773,0.41778604550795123,3.0482924201271753,0.0173470457704587,0.23176713423295456,2.1637108000842007,1
264192,1000000,19,7.191739341085272e-05,0.0,25,9.462814922480621e-05,0.0,0,0.0,0.0,152.7127871397607,1729.992654499947,15.021713256835938,0.035967808216810226,0.24352243542671204,0.0,11167,204800,0.005597147131886552,0.3835311444366679,3.026097487000858,0.021498144360788608,0.27143411075367646,2.1398260908968307,2
266240,1000000,19,7.13641826923077e-05,0.0,25,9.390024038461539e-05,0.0,0,0.0,0.0,152.7968689563434,1742.444081600057,14.888827323913574,0.033992424607276917,0.24555155634880066,0.0,11239,204800,0.0008423450199188665,0.49112995175851715,2.9951177106963263,0.018888255003073732,0.2542911105685764,2.101845840613047,3
268288,1000000,19,7.08194179389313e-05,0.0,25,9.318344465648856e-05,0.0,0,0.0,0.0,152.84595703615938,1755.2835887999972,15.098234176635742,0.035599011927843094,0.24511471390724182,0.0,11339,204800,-4.109253524802625e-05,0.32083148941397666,2.9577161836624146,0.017209760697105593,0.234407958984375,2.188127125501633,4
270336,1000000,19,7.02829071969697e-05,0.0,25,9.247750946969697e-05,0.0,0,0.0,0.0,152.94875337635958,1767.4939744999865,15.162422180175781,0.03487573564052582,0.242904931306839,0.0,11351,204800,0.005702269069540003,0.38071320205926895,2.937969108422597,0.01859886263506875,0.23099772135416666,2.3034265339374542,1
272384,1000000,19,6.975446428571428e-05,0.0,25,9.178218984962406e-05,0.0,0,0.0,0.0,153.00275048485355,1780.255577999982,15.302377700805664,0.03549555316567421,0.24238605797290802,0.0,11451,204800,0.0008001101901754737,0.2782613655924797,2.903709650039673,0.01935424084663282,0.25798583984375,2.1449453413486483,4
274432,1000000,19,6.923390858208955e-05,0.0,25,9.109724813432836e-05,0.0,0,0.0,0.0,153.08022610246314,1792.7331764999544,15.268999099731445,0.03553420677781105,0.24080494046211243,0.0,11459,204800,0.00512016550055705,0.38816118240356445,2.884054124355316,0.01658018217517565,0.20306396484375,2.104855105280876,1
276480,1000000,19,6.872106481481482e-05,0.0,25,9.04224537037037e-05,0.0,0,0.0,0.0,153.14344950554127,1805.3661511000246,15.34559440612793,0.03317674621939659,0.241599440574646,0.0,11476,204800,0.007531056276467793,0.34559571392395916,2.878138163510491,0.019382626523164456,0.2569795496323529,2.306514676879434,1
278528,1000000,19,6.821576286764706e-05,0.0,25,8.975758272058824e-05,0.0,0,0.0,0.0,153.18227862790226,1818.278214000049,15.273628234863281,0.03414776921272278,0.24586856365203857,0.0,11576,204800,-0.000308404479874298,0.3469242109358311,2.8439178538322447,0.01910287590155349,0.25161865234375,2.1628598880767824,4
280576,1000000,19,6.771783759124087e-05,0.0,25,8.910241788321168e-05,0.0,0,0.0,0.0,153.26469068967018,1830.6630101000192,15.156942367553711,0.030778510496020317,0.24711140990257263,0.0,11589,204800,0.005758625956682059,0.5792111571018512,2.8296236991882324,0.017741448406223544,0.23399939903846156,2.145353931647081,1
282624,1000000,19,6.72271286231884e-05,0.0,25,8.84567481884058e-05,0.0,0,0.0,0.0,153.3456931359649,1843.051436400041,15.111774444580078,0.031177863478660583,0.24521945416927338,0.0,11600,204800,0.0036541891961612487,0.6258719780228355,2.8246101899580522,0.018094927616981626,0.23717151988636365,2.211006359620528,1
284672,1000000,19,6.674348021582734e-05,0.0,25,8.782036870503597e-05,0.0,0,0.0,0.0,153.4421633138408,1855.239745400031,15.308870315551758,0.033446792513132095,0.2410569041967392,0.0,11659,204800,0.001582883388174982,0.4500422240313837,2.8109157045008772,0.01928204648102418,0.2537965936175847,2.2463045483928616,3
286720,1000000,19,6.626674107142857e-05,0.0,25,8.719308035714286e-05,0.0,0,0.0,0.0,153.53012101216953,1867.5162769999588,15.225528717041016,0.030747879296541214,0.24534563720226288,0.0,11686,204800,0.0041432743504022556,0.5235207897645455,2.7981260529270875,0.01782850814251341,0.23391836660879628,2.3680372767978244,2
288768,1000000,19,6.579676418439716e-05,0.0,25,8.657468971631206e-05,0.0,0,0.0,0.0,153.59060133360313,1880.1150427999673,15.333059310913086,0.030795641243457794,0.24481287598609924,0.0,11723,204800,0.0036312651669455544,0.42462113419094605,2.7834170444591626,0.018356482451521074,0.24214461043074326,2.4332090873976013,2
290816,1000000,19,6.533340669014084e-05,0.0,25,8.59650088028169e-05,0.0,0,0.0,0.0,153.66554686685825,1892.525721800048,15.401564598083496,0.03096081130206585,0.24136976897716522,0.0,11747,204800,0.006963823296246119,0.4519098289310932,2.7695451577504473,0.020625266575279966,0.2611083984375,2.12530746559302,1
292864,1000000,19,6.487652972027972e-05,0.0,25,8.536385489510489e-05,0.0,0,0.0,0.0,153.69755921939313,1905.4564138000133,15.49465560913086,0.03570118546485901,0.2405352145433426,0.0,11847,204800,0.0007583935145521537,0.292124175876379,2.7334202194213866,0.017603772734155428,0.23696533203125,2.317254844903946,4
294912,1000000,19,6.442599826388889e-05,0.0,25,8.477105034722222e-05,0.0,0,0.0,0.0,153.78132520247928,1917.7361075000372,15.689290046691895,0.03670905902981758,0.23640096187591553,0.0,11879,204800,0.003906432437361218,0.21259642229415476,2.7015990167856216,0.01592331808177505,0.2132720947265625,2.1703309640288353,2
296960,1000000,19,6.398168103448276e-05,0.0,25,8.418642241379311e-05,0.0,0,0.0,0.0,153.84836089711231,1930.2123094999697,15.883493423461914,0.03485343977808952,0.230028435587883,0.0,11979,204800,-0.0006395322189200669,0.22235390171408653,2.640983159542084,0.01753501008443891,0.23970703125,2.1541382277011873,4
299008,1000000,19,6.354345034246575e-05,0.0,25,8.360980308219178e-05,0.0,0,0.0,0.0,153.90923373666644,1942.7554328000406,15.963895797729492,0.03285914659500122,0.23047462105751038,0.0,12079,204800,0.00031981311622075737,0.27914820581674576,2.5962986278533937,0.017927998788691186,0.24217529296875,2.144854165315628,4
301056,1000000,19,6.311118197278912e-05,0.0,25,8.304102891156462e-05,0.0,0,0.0,0.0,153.9975308998098,1954.9404346999945,16.046451568603516,0.03309957683086395,0.2302563339471817,0.0,12095,204800,0.006258010791498236,0.2907834071666002,2.577725514769554,0.018736160530920642,0.238983154296875,2.1780275255441666,1
303104,1000000,19,6.268475506756756e-05,0.0,25,8.247994087837838e-05,0.0,0,0.0,0.0,154.0495159462794,1967.5751535999589,16.1501407623291,0.034253813326358795,0.22840680181980133,0.0,12195,204800,-0.0007578412035945803,0.2062011994421482,2.536126937866211,0.016294918712701473,0.22434936523437501,2.1398056709766387,4
305152,1000000,19,6.226405201342282e-05,0.0,25,8.192638422818792e-05,0.0,0,0.0,0.0,154.07855914000058,1980.496194300009,16.20441436767578,0.033663880079984665,0.2293083369731903,0.0,12295,204800,0.00039985902607440947,0.2474959620833397,2.4857151675224305,0.019199441342116187,0.255257568359375,2.1449302542209625,4
307200,1000000,19,6.184895833333334e-05,0.0,25,8.138020833333333e-05,0.0,0,0.0,0.0,154.15159559061837,1992.843465700047,16.231632232666016,0.03176240622997284,0.2267186939716339,0.0,12319,204800,0.005879499066698675,0.3642552060385545,2.461129605770111,0.01813262624367932,0.236663818359375,2.367516353726387,1
309248,1000000,19,6.143936258278146e-05,0.0,25,8.08412665562914e-05,0.0,0,0.0,0.0,153.25676192114165,2017.8424502999987,16.45049285888672,0.030948540195822716,0.22541667520999908,0.0,12340,204800,0.006393432783495102,0.21200786460013615,2.4446498212360197,0.016858148972979894,0.2251615978422619,2.4865820975530712,1
311296,1000000,19,6.103515625e-05,0.0,25,8.030941611842106e-05,0.0,0,0.0,0.0,153.29500055805534,2030.6989717000397,16.279993057250977,0.03054112195968628,0.22608262300491333,0.0,12434,204800,0.00035894244904332656,0.32834789093504557,2.4008376370085047,0.020342481634291656,0.2687897377825798,1.9865894850264203,4
313344,1000000,19,6.063623366013072e-05,0.0,25,7.978451797385621e-05,0.0,0,0.0,0.0,153.35082152802207,2043.3147790000075,16.411544799804688,0.030306387692689896,0.22411437332630157,0.0,12534,204800,-0.00020066911412868648,0.33322764411568645,2.364909784793854,0.018932558627493563,0.254354248046875,2.1152114021778106,4
315392,1000000,19,6.024249188311688e-05,0.0,25,7.926643668831169e-05,0.0,0,0.0,0.0,153.4391728480536,2055.485533099971,16.469446182250977,0.030015040189027786,0.22442859411239624,0.0,12552,204800,0.006155567166085044,0.2968171172671848,2.34580029381646,0.01974061427063134,0.2555135091145833,2.216587271955278,1
317440,1000000,19,5.985383064516129e-05,0.0,25,7.875504032258064e-05,0.0,0,0.0,0.0,153.52743857433498,2067.6434319999535,16.56241226196289,0.030695535242557526,0.22359338402748108,0.0,12583,204800,0.0035292941385940196,0.19901497373657842,2.321609804707189,0.018397664177515958,0.2347293976814516,2.1905540497072282,2
319488,1000000,19,5.947015224358974e-05,0.0,25,7.825020032051283e-05,0.0,0,0.0,0.0,153.55078566653793,2080.6666576999705,16.654268264770508,0.03031299263238907,0.2242475003004074,0.0,12683,204800,-0.0007341711490880698,0.17196429647505285,2.2587884855270386,0.01620968217956943,0.226796875,2.0196114134788514,4
321536,1000000,19,5.909136146496815e-05,0.0,25,7.775179140127388e-05,0.0,0,0.0,0.0,153.5911593662405,2093.453824599972,16.732830047607422,0.02996855415403843,0.2245560586452484,0.0,12700,204800,0.0037878697929794296,0.1293039172887802,2.2247537584865795,0.015246690537156504,0.20169605928308823,2.488389442948734,1
323584,1000000,19,5.8717365506329115e-05,0.0,25,7.725969145569621e-05,0.0,0,0.0,0.0,153.6336565397233,2106.2051590000046,16.56707763671875,0.028385039418935776,0.22733493149280548,0.0,12710,204800,0.010048343846574426,0.3240464121103287,2.207231307029724,0.013964767736160866,0.18236083984375,2.293136191368103,1
325632,1000000,19,5.834807389937107e-05,0.0,25,7.677378144654088e-05,0.0,0,0.0,0.0,153.69626277506114,2118.672205299954,16.667217254638672,0.030693436041474342,0.22731329500675201,0.0,12729,204800,0.0067486328219896865,0.16366516406598844,2.190597785146613,0.01748144557108102,0.23457416735197367,2.661282639754446,1
327680,1000000,19,5.79833984375e-05,0.0,25,7.62939453125e-05,0.0,0,0.0,0.0,153.75620324763818,2131.166047799983,16.71462631225586,0.03106250800192356,0.22332406044006348,0.0,12829,204800,0.00015267498558387162,0.18628112673759462,2.1422027158737182,0.018967572312949415,0.254827880859375,2.227750647068024,4
329728,1000000,19,5.762325310559006e-05,0.0,25,7.582006987577639e-05,0.0,0,0.0,0.0,153.81425739937674,2143.6764417999657,16.891481399536133,0.029616765677928925,0.22076952457427979,0.0,12929,204800,0.00024319771328009664,0.15486115358769895,2.078938045501709,0.01740527756361189,0.23647705078125,2.253357219696045,4
331776,1000000,19,5.7267554012345676e-05,0.0,25,7.535204475308642e-05,0.0,0,0.0,0.0,153.88294580494014,2156.0283906999975,16.981138229370117,0.02866215631365776,0.21717901527881622,0.0,12952,204800,0.005508244503289461,0.1993912432504737,2.0454812568166982,0.019761500013294648,0.251884128736413,2.4654372930526733,1
333824,1000000,19,5.691621932515337e-05,0.0,25,7.488976226993865e-05,0.0,0,0.0,0.0,153.95814342153838,2168.277640799992,16.923664093017578,0.029837965965270996,0.21740274131298065,0.0,12965,204800,0.006248323031916069,0.21954295612298527,2.031134917185857,0.01699728585250481,0.20773550180288464,2.2198444604873657,1
335872,1000000,19,5.6569169207317076e-05,0.0,25,7.443311737804878e-05,0.0,0,0.0,0.0,154.0168206709822,2180.748820399982,16.98995590209961,0.02985564060509205,0.217657208442688,0.0,12993,204800,0.0049374113233560425,0.23448594925659041,2.011097465242658,0.01859134128721962,0.24711390904017855,2.244477237973894,2
337920,1000000,19,5.622632575757576e-05,0.0,25,7.398200757575758e-05,0.0,0,0.0,0.0,154.05149107804016,2193.5522832999704,17.13872528076172,0.030639301985502243,0.21421369910240173,0.0,13093,204800,-0.0002378999232314527,0.1584188164025545,1.9628646540641785,0.016497417070486336,0.2281787109375,2.182299956083298,4
339968,1000000,19,5.5887612951807226e-05,0.0,25,7.353633283132531e-05,0.0,0,0.0,0.0,154.0857444840314,2206.3559555000393,17.23383331298828,0.028307907283306122,0.21240004897117615,0.0,13193,204800,0.0009941298444755375,0.19584651209414006,1.9153357172012329,0.017978877595769518,0.24342163085937502,2.381800562143326,4
342016,1000000,19,5.5552956586826345e-05,0.0,25,7.309599550898203e-05,0.0,0,0.0,0.0,154.1107442427865,2219.2871865000343,17.348264694213867,0.02827552519738674,0.21469058096408844,0.0,13293,204800,-0.00019210640457458794,0.12244791001081468,1.8587505745887756,0.015791458762096228,0.2199658203125,2.2396088337898257,4
344064,1000000,19,5.5222284226190477e-05,0.0,25,7.266090029761905e-05,0.0,0,0.0,0.0,154.1451578440877,2232.0778986000223,17.36815643310547,0.028005115687847137,0.2135370671749115,0.0,13393,204800,0.0011282907240092754,0.1743694431334734,1.7981003773212434,0.019350294532923727,0.25854125976562503,2.325560132265091,4
346112,1000000,19,5.4895525147928997e-05,0.0,25,7.223095414201184e-05,0.0,0,0.0,0.0,154.2326553639219,2244.090262099984,17.384681701660156,0.026243943721055984,0.2143905907869339,0.0,13419,204800,0.004816808769157013,0.22259507729456976,1.772644904943613,0.020114547151234338,0.2609440730168269,2.319453555804033,2
348160,1000000,19,5.457261029411765e-05,0.0,25,7.180606617647059e-05,0.0,0,0.0,0.0,154.27593415976324,2256.7356464000186,17.53904151916504,0.027616921812295914,0.21365299820899963,0.0,13519,204800,-0.00010983071988448501,0.083919238448143,1.7094337844848633,0.015018855557564166,0.208994140625,2.6208318769931793,4
350208,1000000,19,5.425347222222222e-05,0.0,25,7.138614766081871e-05,0.0,0,0.0,0.0,154.3421046546057,2269.037349099992,17.620508193969727,0.027650896459817886,0.20948639512062073,0.0,13542,204800,0.006665763227552499,0.12972233314876971,1.6716808754464854,0.018233370739202972,0.23704462466032608,2.7995631383812944,1
352256,1000000,19,5.3938045058139536e-05,0.0,25,7.097111191860466e-05,0.0,0,0.0,0.0,154.3456070829068,2282.254782999982,17.6680908203125,0.02965974435210228,0.21026906371116638,0.0,13642,204800,-0.0004112851223908365,0.09377755887806416,1.6154740822315217,0.015217940778557022,0.206552734375,2.5003479182720185,4
354304,1000000,19,5.362626445086705e-05,0.0,25,7.056087427745665e-05,0.0,0,0.0,0.0,154.37334169444688,2295.111293899943,17.813426971435547,0.028300350531935692,0.20913484692573547,0.0,13742,204800,-0.001217661809641868,0.06373955748975277,1.533463110923767,0.014227521700504439,0.197698974609375,2.8920952475070956,4
356352,1000000,19,5.3318067528735635e-05,0.0,25,7.015535201149425e-05,0.0,0,0.0,0.0,154.4260621284855,2307.58976230002,17.962154388427734,0.027537820860743523,0.20736896991729736,0.0,13842,204800,-0.00044723739847540855,0.07504659451544285,1.4422390425205232,0.015204450278220066,0.20982299804687501,2.6497788226604464,4
358400,1000000,19,5.3013392857142856e-05,0.0,25,6.975446428571428e-05,0.0,0,0.0,0.0,154.47499179122366,2320.116646999959,17.99882698059082,0.028360862284898758,0.20725145936012268,0.0,13942,204800,-0.0004409148206468672,0.08726137965917588,1.357080546617508,0.015378110017400104,0.211949462890625,2.51318350315094,4
360448,1000000,19,5.271218039772727e-05,0.0,25,6.935813210227273e-05,0.0,0,0.0,0.0,153.66969855508003,2345.602310599992,18.108871459960938,0.026715774089097977,0.20797410607337952,0.0,14042,204800,0.0012762446812121199,0.06764452461153268,1.2786242723464967,0.015508878232594725,0.206424560546875,2.815029388666153,4
362496,1000000,19,5.241437146892655e-05,0.0,25,6.896627824858757e-05,0.0,0,0.0,0.0,153.73711841602596,2357.8951117000543,18.225046157836914,0.027590017765760422,0.2066386342048645,0.0,14055,204800,0.003276537638157606,0.0819604265002104,1.2365286900446966,0.013119209506140369,0.17555588942307693,2.866444853635935,1
364544,1000000,19,5.211990870786517e-05,0.0,25,6.857882724719102e-05,0.0,0,0.0,0.0,153.75702834084942,2370.909505299991,18.237361907958984,0.02698851004242897,0.20417392253875732,0.0,14155,204800,0.0005695004388689995,0.05540527511388064,1.1731772589683533,0.015457323626560538,0.21421386718750002,3.113166015148163,4
366592,1000000,19,5.182873603351955e-05,0.0,25,6.819570530726257e-05,0.0,0,0.0,0.0,153.78677139198822,2383.768100999994,18.29905891418457,0.02736755460500717,0.2022044062614441,0.0,14255,204800,0.0006698633369524032,0.08103573475033045,1.1058168292045594,0.01648311782970268,0.225855712890625,2.7331493306159973,4
368640,1000000,19,5.154079861111111e-05,0.0,25,6.781684027777778e-05,0.0,0,0.0,0.0,153.85752091037733,2395.9829706000164,18.3824462890625,0.02670016698539257,0.2020198404788971,0.0,14271,204800,0.006462833429395687,0.08875578991137445,1.074311725795269,0.018175371024710785,0.2285003662109375,3.1089707538485527,1
370688,1000000,19,5.1256042817679556e-05,0.0,25,6.744216160220995e-05,0.0,0,0.0,0.0,153.91255860227727,2408.4324461000506,18.411630630493164,0.026335688307881355,0.2012157440185547,0.0,14288,204800,0.004780346582479337,0.10764240583076197,1.0563964703503776,0.0177918431122367,0.2380083869485294,2.959581564454471,1
372736,1000000,19,5.097441620879121e-05,0.0,25,6.707160027472528e-05,0.0,0,0.0,0.0,153.97211183478802,2420.8020241999766,18.41116714477539,0.026760699227452278,0.20119905471801758,0.0,14311,204800,0.005920276141968434,0.10573680261554926,1.0372204780578613,0.018711758533991877,0.2354789402173913,3.209956469743148,1
374784,1000000,19,5.06958674863388e-05,0.0,25,6.670508879781421e-05,0.0,0,0.0,0.0,154.02800745939638,2433.2198161999695,18.465591430664062,0.026742644608020782,0.20152777433395386,0.0,14341,204800,0.00465450799674727,0.12323639380435149,1.016417404015859,0.020025234394718913,0.2636922200520833,2.695901052157084,2
376832,1000000,19,5.0420346467391305e-05,0.0,25,6.634256114130434e-05,0.0,0,0.0,0.0,154.04814368598355,2446.1963057999965,18.48168182373047,0.02815823256969452,0.20168054103851318,0.0,14441,204800,0.001492694205371663,0.08271693237125874,0.9694189918041229,0.017437147581686078,0.234197998046875,2.918621870279312,4
378880,1000000,19,5.014780405405406e-05,0.0,25,6.59839527027027e-05,0.0,0,0.0,0.0,154.07290484059374,2459.0955845999997,18.635807037353516,0.027646373957395554,0.19887226819992065,0.0,14541,204800,4.837013897486031e-05,0.04264700811356306,0.8949863088130952,0.014522611213485562,0.201632080078125,3.578345346450806,4
380928,1000000,19,4.987819220430108e-05,0.0,25,6.56292002688172e-05,0.0,0,0.0,0.0,154.1088374730363,2471.8115212999983,18.70806121826172,0.025944897904992104,0.1974221169948578,0.0,14563,204800,0.007350283878622577,0.06529991565780206,0.852893506938761,0.015352214531958452,0.19929643110795456,3.2771684906699443,1
382976,1000000,19,4.961146390374332e-05,0.0,25,6.527824197860963e-05,0.0,0,0.0,0.0,154.1547664379913,2484.3604181000264,18.607833862304688,0.025615008547902107,0.19965898990631104,0.0,14580,204800,0.008960371734300518,0.14971475127865286,0.8338164652095121,0.019643400051737606,0.239013671875,2.8732839331907383,1
385024,1000000,19,4.934757313829787e-05,0.0,25,6.493101728723404e-05,0.0,0,0.0,0.0,154.18824199760667,2497.10350810003,18.683929443359375,0.026436610147356987,0.19940915703773499,0.0,14680,204800,0.001385852242819965,0.0944573100283742,0.795053083896637,0.017851141181899947,0.24105712890625,2.9379728877544404,4
387072,1000000,19,4.9086474867724865e-05,0.0,25,6.458746693121693e-05,0.0,0,0.0,0.0,154.23400610562507,2509.6410951999715,18.75790786743164,0.027160050347447395,0.1981404721736908,0.0,14780,204800,0.00012924854294396937,0.07980641197413206,0.73174451649189,0.016206521479534785,0.22186279296875,2.6287624621391297,4
389120,1000000,19,4.8828125e-05,0.0,25,6.424753289473684e-05,0.0,0,0.0,0.0,154.26959233739376,2522.337643499952,18.744922637939453,0.02674633450806141,0.20038048923015594,0.0,14795,204800,0.0051479626446962355,0.10189697543780009,0.7051419218381246,0.01682791205336495,0.22124023437499998,3.4238029797871907,1
391168,1000000,19,4.8572480366492144e-05,0.0,25,6.391115837696335e-05,0.0,0,0.0,0.0,154.32302349168924,2534.7352012000047,18.739391326904297,0.025027839466929436,0.20244041085243225,0.0,14818,204800,0.004781149054432045,0.12148246071908785,0.6921947417051896,0.01740790502821176,0.2284041694972826,2.659444834875024,1
393216,1000000,19,4.8319498697916664e-05,0.0,25,6.357828776041667e-05,0.0,0,0.0,0.0,154.37796579594834,2547.0992442000424,18.807220458984375,0.02556314505636692,0.20113620162010193,0.0,14870,204800,0.0038826138367697312,0.100480281532957,0.6676554588171152,0.01908366448452188,0.25227473332331735,2.664846752698605,3
395264,1000000,19,4.806913860103627e-05,0.0,25,6.324886658031088e-05,0.0,0,0.0,0.0,154.4333282927758,2559.447525799973,18.822383880615234,0.024679092690348625,0.19963738322257996,0.0,14885,204800,0.005605449294671416,0.12506011724472046,0.6475211620330811,0.018663085345360743,0.22770182291666666,2.698417075475057,1
397312,1000000,19,4.7821359536082474e-05,0.0,25,6.292284149484535e-05,0.0,0,0.0,0.0,154.48669072109016,2571.820252900012,18.805227279663086,0.022942248731851578,0.20090478658676147,0.0,14900,204800,0.008213644924884042,0.1037604736785094,0.6358895222345988,0.019817750828102967,0.24623209635416665,3.249939481417338,1
399360,1000000,19,4.7576121794871795e-05,0.0,25,6.260016025641025e-05,0.0,0,0.0,0.0,154.517742662944,2584.557560299989,18.809337615966797,0.02385946922004223,0.20256631076335907,0.0,15000,204800,0.00014575029839761556,0.048417402617633346,0.5788849169015885,0.014383900998709578,0.19945556640625,3.169201526641846,4
401408,1000000,19,4.7333386479591835e-05,0.0,25,6.228077168367347e-05,0.0,0,0.0,0.0,154.5426601325123,2597.39284710004,18.88265609741211,0.023336950689554214,0.20220202207565308,0.0,15008,204800,0.007040427997708321,0.0785297779366374,0.5407020971179008,0.015598199783539712,0.1982421875,3.212541162967682,1
403456,1000000,19,4.70931154822335e-05,0.0,25,6.196462563451776e-05,0.0,0,0.0,0.0,154.58585422990302,2609.9153897999786,18.93438720703125,0.024321433156728745,0.19868552684783936,0.0,15031,204800,0.007276320607279954,0.09745679925317349,0.5280834565991941,0.018476186016018997,0.2331596042798913,3.129113513490428,1
405504,1000000,19,4.685527146464646e-05,0.0,25,6.165167297979798e-05,0.0,0,0.0,0.0,154.61111375595684,2622.735132999951,18.930204391479492,0.025300871580839157,0.19907641410827637,0.0,15131,204800,0.0010149501054547727,0.07198374949395657,0.4762564736604691,0.016714631354152517,0.225860595703125,2.871448495388031,4
407552,1000000,19,4.661981783919598e-05,0.0,25,6.134186557788944e-05,0.0,0,0.0,0.0,154.6509436758213,2635.3023804000113,19.005992889404297,0.025985898450016975,0.19867023825645447,0.0,15231,204800,-3.220911836251617e-05,0.04466848660260439,0.4015366905927658,0.01515928186079691,0.2072216796875,3.18631517291069,4
409600,1000000,19,4.638671875e-05,0.0,25,6.103515625e-05,0.0,0,0.0,0.0,154.69236024690815,2647.835997499991,19.06905746459961,0.025951601564884186,0.1977681964635849,0.0,15331,204800,0.001897111126454547,0.0677821597829461,0.33776874363422393,0.018013407222488242,0.240799560546875,3.030546064376831,4
411648,1000000,19,4.615593905472637e-05,0.0,25,6.073149875621891e-05,0.0,0,0.0,0.0,154.01497771458992,2672.779012199957,19.100658416748047,0.02509092539548874,0.1994614154100418,0.0,15343,204800,0.007174371741712093,0.056880725392450884,0.3064660082260767,0.01754268591874582,0.22151692708333331,3.4309985041618347,1
413696,1000000,19,4.592744430693069e-05,0.0,25,6.043084777227723e-05,0.0,0,0.0,0.0,154.07815486836273,2684.975039800047,19.069265365600586,0.025093859061598778,0.2008126974105835,0.0,15355,204800,0.00535443735619386,0.06416937926163276,0.29503631591796875,0.018560294179072418,0.24446614583333331,3.549742857615153,1
415744,1000000,19,4.5701200738916255e-05,0.0,25,6.0133158866995075e-05,0.0,0,0.0,0.0,154.1114851440857,2697.683430999983,19.186012268066406,0.024971209466457367,0.19662612676620483,0.0,15455,204800,0.0011115165834780782,0.05615434717386961,0.24495444238185884,0.01621113626719307,0.22095458984375,3.0980208849906923,4
417792,1000000,19,4.547717524509804e-05,0.0,25,5.9838388480392154e-05,0.0,0,0.0,0.0,154.14930228846734,2710.3074343999615,19.235595703125,0.025247890502214432,0.19714903831481934,0.0,15555,204800,0.00022101968643255533,0.029738613013178112,0.16726778745651247,0.015318568520215195,0.20801025390625,3.93663231253624,4
419840,1000000,19,4.525533536585366e-05,0.0,25,5.954649390243902e-05,0.0,0,0.0,0.0,154.16497429597396,2723.3163817999884,19.33487892150879,0.025456029921770096,0.1957564651966095,0.0,15655,204800,0.0006887085747439415,0.028250177670270205,0.0823145079612732,0.015056992913232535,0.20966796875000002,4.134349141120911,4
421888,1000000,19,4.503564927184466e-05,0.0,25,5.9257433252427185e-05,0.0,0,0.0,0.0,154.1854306528812,2736.237776899943,19.436113357543945,0.024199355393648148,0.1940969079732895,0.0,15755,204800,0.0011599972343537958,0.027804002817720174,-0.003374284505844116,0.01456531148398426,0.20048339843750002,4.169814276695251,4
423936,1000000,19,4.481808574879227e-05,0.0,25,5.8971165458937196e-05,0.0,0,0.0,0.0,154.1993887793423,2749.271597999963,19.50673484802246,0.023291941732168198,0.1939186155796051,0.0,15855,204800,0.002347169247223064,0.03995300926268101,-0.07677805602550507,0.016633799053624897,0.227998046875,3.804196667671204,4
425984,1000000,19,4.4602614182692305e-05,0.0,25,5.868765024038462e-05,0.0,0,0.0,0.0,154.2147094554794,2762.2786536000203,19.555028915405273,0.02394423633813858,0.19368746876716614,0.0,15955,204800,0.002640578880091198,0.03790212260559201,-0.1482156640291214,0.01678860300769884,0.226181640625,3.671795964241028,4
428032,1000000,19,4.438920454545455e-05,0.0,25,5.84068480861244e-05,0.0,0,0.0,0.0,154.2279631625029,2775.3203195000533,19.64313316345215,0.023671740666031837,0.19298473000526428,0.0,16055,204800,0.0004019581514876336,0.026801693793386223,-0.23747344315052032,0.01453389684324975,0.201988525390625,4.0933458256721496,4
430080,1000000,19,4.417782738095238e-05,0.0,25,5.8128720238095235e-05,0.0,0,0.0,0.0,154.27233120525864,2787.797375199967,19.662479400634766,0.021867595613002777,0.19404755532741547,0.0,16070,204800,0.006094267250349124,0.06521990659336249,-0.27589403788248695,0.016863786066581572,0.22549641927083333,3.6450273195902505,1
432128,1000000,19,4.3968453791469194e-05,0.0,25,5.785322867298578e-05,0.0,0,0.0,0.0,154.32135666683365,2800.182744199992,19.680030822753906,0.022550998255610466,0.19432666897773743,0.0,16093,204800,0.007123189082409701,0.07361397066194078,-0.29099484630253003,0.01850543699749877,0.22987432065217392,3.6695586287457007,1
434176,1000000,19,4.37610554245283e-05,0.0,25,5.758033608490566e-05,0.0,0,0.0,0.0,154.3722788895413,2812.5256887000287,19.67026138305664,0.02287168987095356,0.19710394740104675,0.0,16107,204800,0.006369434363607849,0.03694386700434344,-0.3048626610210963,0.01667451862730169,0.2087489536830357,4.907050950186593,1
436224,1000000,19,4.3555604460093895e-05,0.0,25,5.73100058685446e-05,0.0,0,0.0,0.0,154.42597497702525,2824.8097515000263,19.66954803466797,0.023056017234921455,0.1940525770187378,0.0,16119,204800,0.007290296722203493,0.08000642278542121,-0.31572845578193665,0.020243057214581008,0.25281778971354163,3.6060778498649597,1
438272,1000000,19,4.335207359813084e-05,0.0,25,5.704220210280374e-05,0.0,0,0.0,0.0,154.483419616218,2837.0164324999787,19.69512176513672,0.02285780943930149,0.19521701335906982,0.0,16130,204800,0.011294090739366684,0.047639726237817245,-0.32619241692803125,0.018506469416355354,0.2327547940340909,5.400425629182296,1
440320,1000000,19,4.315043604651163e-05,0.0,25,5.677688953488372e-05,0.0,0,0.0,0.0,154.504112032166,2849.8917874000035,19.666772842407227,0.022919952869415283,0.19710715115070343,0.0,16230,204800,0.0006597800785675645,0.02506072586402297,-0.38268038392066955,0.013427605896149544,0.184176025390625,4.246626381874084,4
442368,1000000,19,4.295066550925926e-05,0.0,25,5.6514033564814815e-05,0.0,0,0.0,0.0,154.55600361663465,2862.185807400034,19.696849822998047,0.022456172853708267,0.19640018045902252,0.0,16244,204800,0.00820247917103448,0.07733353387032237,-0.4172894316060202,0.018592180991423186,0.24312918526785712,3.65779766866139,1
444416,1000000,19,4.2752736175115205e-05,0.0,25,5.625360023041475e-05,0.0,0,0.0,0.0,154.60564645228698,2874.5133842000505,19.675113677978516,0.022607853636145592,0.1967407763004303,0.0,16278,204800,0.005148968111504526,0.03857858090058846,-0.4360920541426715,0.01698630105698505,0.22209616268382354,3.950597685926101,2
446464,1000000,19,4.255662270642202e-05,0.0,25,5.5995556192660554e-05,0.0,0,0.0,0.0,154.59972096071826,2887.870671599987,19.69145393371582,0.02183268778026104,0.1984231173992157,0.0,16329,204800,0.004759850256674576,0.03769973632605637,-0.47547367857951744,0.017798353554526865,0.22740981158088236,4.30777141159656,3
448512,1000000,19,4.23623002283105e-05,0.0,25,5.5739868721461184e-05,0.0,0,0.0,0.0,154.62389313960597,2900.6642562999623,19.77588653564453,0.020817209035158157,0.1947188377380371,0.0,16429,204800,0.0020777242432814093,0.03511057058349252,-0.5359567391872406,0.016555779667341994,0.22505859375,3.748287138938904,4
450560,1000000,19,4.216974431818182e-05,0.0,25,5.548650568181818e-05,0.0,0,0.0,0.0,154.65720754425,2913.2816191000165,19.802316665649414,0.020602820441126823,0.19529353082180023,0.0,16444,204800,0.006265730395292242,0.060114907845854756,-0.5617001811663309,0.016883711681293788,0.20247395833333334,2.970976154009501,1
452608,1000000,19,4.197893099547511e-05,0.0,25,5.523543552036199e-05,0.0,0,0.0,0.0,154.68387331949378,2926.0193081999896,19.838603973388672,0.022474853321909904,0.19236689805984497,0.0,16468,204800,0.007983633879727373,0.04885043863517542,-0.575168361266454,0.01865416314202169,0.238311767578125,3.6300996840000153,1
454656,1000000,19,4.178983671171171e-05,0.0,25,5.498662725225225e-05,0.0,0,0.0,0.0,154.70495131139634,2938.8587511000223,19.808576583862305,0.02178972028195858,0.195560023188591,0.0,16568,204800,0.002666519896592945,0.035664863754063844,-0.6262884509563447,0.017230081662401062,0.2295751953125,4.114370679855346,4
456704,1000000,19,4.160243834080717e-05,0.0,25,5.4740050448430495e-05,0.0,0,0.0,0.0,154.72392523975088,2951.7348354000133,19.904922485351562,0.02098897658288479,0.1950846016407013,0.0,16668,204800,0.002080949905794114,0.03467445194721222,-0.6930499541759491,0.016934114035329913,0.22849731445312502,4.177227182388306,4
458752,1000000,19,4.141671316964286e-05,0.0,25,5.449567522321429e-05,0.0,0,0.0,0.0,154.74855641081658,2964.4993829999585,19.963829040527344,0.021102139726281166,0.19455179572105408,0.0,16768,204800,0.0025180750153958797,0.020993552021682262,-0.7685122185945511,0.01585667988341811,0.216790771484375,4.73042245388031,4
460800,1000000,19,4.123263888888889e-05,0.0,25,5.425347222222222e-05,0.0,0,0.0,0.0,154.75531251791642,2977.6037571999477,20.062908172607422,0.02062426507472992,0.1920246183872223,0.0,16868,204800,0.003063139941659756,0.03284780692309141,-0.8391205728054046,0.016908583915737838,0.21701904296875,4.039246113300323,4
462848,1000000,19,4.10501935840708e-05,0.0,25,5.401341261061947e-05,0.0,0,0.0,0.0,154.1453500940619,3002.6724758000346,20.104778289794922,0.019979024305939674,0.19053903222084045,0.0,16924,204800,0.006547617617928023,0.044742856740153256,-0.8863619097641535,0.01988353243271896,0.2472163609095982,3.946142132793154,3
464896,1000000,19,4.0869355726872246e-05,0.0,25,5.3775468061674007e-05,0.0,0,0.0,0.0,154.17630310844513,3015.3531420000363,20.103931427001953,0.020245790481567383,0.1914079487323761,0.0,17024,204800,0.0032231179112568497,0.032648243568837644,-0.9398894464969635,0.017158251868986556,0.228653564453125,4.304596965312958,4
466944,1000000,19,4.0690104166666664e-05,0.0,25,5.353961074561403e-05,0.0,0,0.0,0.0,154.21782214290576,3027.8212563999696,20.16897201538086,0.020259657874703407,0.1904311180114746,0.0,17124,204800,0.002747402598615736,0.0181244745105505,-1.0113738346099854,0.01491557086326793,0.201788330078125,4.943379924297333,4
468992,1000000,19,4.051241812227074e-05,0.0,25,5.3305813318777295e-05,0.0,0,0.0,0.0,154.27958025336005,3039.8838214999996,20.16046714782715,0.020019356161355972,0.19161462783813477,0.0,17147,204800,0.008666979007260954,0.043148750682239945,-1.0505462781242703,0.018350149480402648,0.22738514775815216,4.466407765512881,1
471040,1000000,19,4.033627717391304e-05,0.0,25,5.307404891304348e-05,0.0,0,0.0,0.0,154.28888906260673,3052.9742152000545,20.102378845214844,0.0213813167065382,0.19301365315914154,0.0,17247,204800,0.0028733511181781067,0.018415398988872768,-1.1036514496803285,0.01631208171173057,0.218758544921875,5.258223557472229,4
473088,1000000,19,4.016166125541126e-05,0.0,25,5.2844291125541125e-05,0.0,0,0.0,0.0,154.29564985755653,3066.1136619000463,20.150236129760742,0.021129906177520752,0.19191695749759674,0.0,17347,204800,0.0029038983024656773,0.017702064998447894,-1.169130643606186,0.015960025840704474,0.21716064453125,5.3162209725379945,4
475136,1000000,19,3.998855064655172e-05,0.0,25,5.2616514008620686e-05,0.0,0,0.0,0.0,154.32435008001067,3078.814197200001,20.210208892822266,0.020205993205308914,0.1895667016506195,0.0,17420,204800,0.004696382480762797,0.01688493858410479,-1.2306394691336644,0.016924929335626275,0.2209673319777397,5.568742859853457,3
477184,1000000,19,3.9816925965665234e-05,0.0,25,5.239069206008584e-05,0.0,0,0.0,0.0,154.3635534939432,3091.2996571999975,20.18023681640625,0.019567864015698433,0.19228413701057434,0.0,17461,204800,0.006233269343061782,0.016973172791483925,-1.2842327559866558,0.016561446977304026,0.21749059165396342,5.451515284980216,2
479232,1000000,19,3.9646768162393164e-05,0.0,25,5.216680021367521e-05,0.0,0,0.0,0.0,154.38477055094106,3104.140377899981,20.27727508544922,0.01879466325044632,0.18959444761276245,0.0,17561,204800,0.0028600832249503585,0.016741524301469326,-1.352115124464035,0.015747259850768386,0.213712158203125,5.570671830177307,4
481280,1000000,19,3.94780585106383e-05,0.0,25,5.1944813829787234e-05,0.0,0,0.0,0.0,154.4358812780624,3116.3742261000443,20.29743194580078,0.018086234107613564,0.1900779902935028,0.0,17568,204800,0.008221986504005534,0.045139262452721596,-1.3787374666758945,0.014747976469412345,0.17100306919642858,4.847592762538365,1
483328,1000000,19,3.931077860169491e-05,0.0,25,5.1724708686440676e-05,0.0,0,0.0,0.0,154.4692691802785,3128.958935100003,20.278104782104492,0.018048347905278206,0.19212687015533447,0.0,17584,204800,0.008044533162319567,0.03207973588723689,-1.3858891278505325,0.01681837942533093,0.2092437744140625,4.478566020727158,1
485376,1000000,19,3.9144910337552746e-05,0.0,25,5.1506460970464136e-05,0.0,0,0.0,0.0,154.5106545879664,3141.3755983000156,20.237014770507812,0.01807384006679058,0.19130122661590576,0.0,17587,204800,-0.0017198631539940834,0.03699298948049545,-1.3932616313298543,0.022538230139616644,0.2369384765625,3.829572240511576,1
487424,1000000,19,3.8980435924369745e-05,0.0,25,5.1290047268907564e-05,0.0,0,0.0,0.0,154.55811849839574,3153.661578799947,20.30832290649414,0.018690967932343483,0.19057631492614746,0.0,17597,204800,0.008952538971789182,0.04306247793138027,-1.3983527541160585,0.015881233649270143,0.20338134765625002,4.332331037521363,1
489472,1000000,19,3.8817337866108786e-05,0.0,25,5.1075444560669454e-05,0.0,0,0.0,0.0,154.57596876409016,3166.5465461000567,20.409997940063477,0.020584726706147194,0.18745490908622742,0.0,17685,204800,0.00428922509838065,0.01752474559047683,-1.4413105588067663,0.015749087340323473,0.2124508944424716,5.502171649174257,4
491520,1000000,19,3.865559895833333e-05,0.0,25,5.0862630208333336e-05,0.0,0,0.0,0.0,154.59568493440844,3179.3901634999784,20.456134796142578,0.019441332668066025,0.18682900071144104,0.0,17785,204800,0.004689040157245472,0.01725860983133316,-1.505054463148117,0.01612135356204817,0.21569091796875,6.137295718193054,4
493568,1000000,19,3.8495202282157675e-05,0.0,25,5.065158195020747e-05,0.0,0,0.0,0.0,154.64254940662036,3191.6700927000493,20.464269638061523,0.018738672137260437,0.18612414598464966,0.0,17792,204800,0.01683387200215033,0.04142184369266033,-1.5333383083343506,0.01751489453454269,0.23207310267857142,5.3090857437678745,1
495616,1000000,19,3.833613119834711e-05,0.0,25,5.0442277892561985e-05,0.0,0,0.0,0.0,154.66678875286877,3204.4112636999926,20.479095458984375,0.018346665427088737,0.18674324452877045,0.0,17892,204800,0.005135044628987089,0.01754438609816134,-1.5701984524726869,0.017469250153990288,0.23426513671875002,5.945258460044861,4
497664,1000000,19,3.817836934156379e-05,0.0,25,5.0234696502057615e-05,0.0,0,0.0,0.0,154.71731871311687,3216.6017621000065,20.521644592285156,0.01873759739100933,0.1855732500553131,0.0,17940,204800,0.007265572620478148,0.01647575779740388,-1.6102123906215031,0.016398942114278725,0.21753692626953125,5.724905505776405,2
499712,1000000,19,3.80219006147541e-05,0.0,25,5.002881659836066e-05,0.0,0,0.0,0.0,154.77970610762523,3228.536948199966,20.482894897460938,0.01796102151274681,0.18535538017749786,0.0,17954,204800,0.006583007717771189,0.052344850929720056,-1.6323584062712533,0.020169167671156174,0.24230085100446427,4.433554649353027,1
501760,1000000,19,3.786670918367347e-05,0.0,25,4.982461734693878e-05,0.0,0,0.0,0.0,154.79804404208537,3241.384625399951,20.44367027282715,0.018318288028240204,0.18784378468990326,0.0,18054,204800,0.0043184934329474345,0.030420185113325716,-1.6635135555267335,0.01811948852846399,0.2352587890625,4.564731023311615,4
503808,1000000,19,3.771277947154472e-05,0.0,25,4.962207825203252e-05,0.0,0,0.0,0.0,154.7881984581367,3254.8217824000167,20.48737907409668,0.018369456753134727,0.18982678651809692,0.0,18154,204800,0.002870760376099497,0.016496731201186776,-1.7266179382801057,0.01583970898860571,0.216376953125,5.416410117149353,4
505856,1000000,19,3.7560096153846156e-05,0.0,25,4.942117914979757e-05,0.0,0,0.0,0.0,154.817321900138,3267.4379959000507,20.509218215942383,0.0184249896556139,0.19057011604309082,0.0,18158,204800,0.013833521632477641,0.048857045359909534,-1.752709835767746,0.015596070896208403,0.16815185546875,4.4445419907569885,1
507904,1000000,19,3.740864415322581e-05,0.0,25,4.92219002016129e-05,0.0,0,0.0,0.0,154.8698779721679,3279.5531749000074,20.532394409179688,0.01887853629887104,0.19097045063972473,0.0,18161,204800,0.01715803984552622,0.014863265367845694,-1.7546268304189045,0.021318688832858847,0.20930989583333331,6.860536893208821,1
509952,1000000,19,3.7258408634538155e-05,0.0,25,4.90242218875502e-05,0.0,0,0.0,0.0,154.91665306395288,3291.7829679000424,20.546432495117188,0.018160684034228325,0.1898374855518341,0.0,18171,204800,0.004291127831675112,0.016534632071852684,-1.7601039409637451,0.01774139119170286,0.21724853515625,6.01083037853241,1
512000,1000000,19,3.7109375e-05,0.0,25,4.8828125e-05,0.0,0,0.0,0.0,154.96993064741037,3303.86674279999,20.51617431640625,0.01812751591205597,0.1910821497440338,0.0,18178,204800,0.007547311651121292,0.04569166632635253,-1.7677305425916399,0.021269120759305742,0.23388671875,5.607189280646188,1
514048,1000000,19,3.696152888446215e-05,0.0,25,4.86335906374502e-05,0.0,0,0.0,0.0,154.41943949992464,3328.9073037999915,20.567840576171875,0.01788363605737686,0.19114531576633453,0.0,18278,204800,0.004160671050194651,0.014990276889875531,-1.8078118121623994,0.015885899352470007,0.21494995117187501,5.751550025939942,4
516096,1000000,19,3.681485615079365e-05,0.0,25,4.8440600198412696e-05,0.0,0,0.0,0.0,154.46916047966607,3341.0940953999525,20.53854751586914,0.01791270636022091,0.1908360868692398,0.0,18281,204800,0.0022969242806235948,0.05567675456404686,-1.8325715462366738,0.01564138969418612,0.19694010416666666,3.5097581942876177,1
518144,1000000,19,3.666934288537549e-05,0.0,25,4.824913537549407e-05,0.0,0,0.0,0.0,154.50505397228656,3353.5731465000426,20.571704864501953,0.01791154406964779,0.1905139535665512,0.0,18288,204800,0.01062230546293514,0.05411622593445437,-1.833817992891584,0.01874210813366517,0.19145856584821427,3.85476929800851,1
520192,1000000,19,3.652497539370079e-05,0.0,25,4.80591781496063e-05,0.0,0,0.0,0.0,154.54841479892394,3365.8837632000213,20.586078643798828,0.018284732475876808,0.18944191932678223,0.0,18291,204800,-0.0009747762233018875,0.030302367483576138,-1.8353418906529744,0.01765179848916887,0.22526041666666666,5.227676550547281,1
522240,1000000,19,3.638174019607843e-05,0.0,25,4.7870710784313725e-05,0.0,0,0.0,0.0,154.5595610967049,3378.8915825999575,20.584882736206055,0.01773006096482277,0.19226248562335968,0.0,18391,204800,0.004934279640438035,0.014999418491497636,-1.8687236654758455,0.016577021219527525,0.219132080078125,6.215455591678619,4
524288,1000000,19,3.62396240234375e-05,0.0,25,4.76837158203125e-05,0.0,0,0.0,0.0,154.57055715656276,3391.900822800002,20.604843139648438,0.01766814850270748,0.19508972764015198,0.0,18491,204800,0.003829538266872987,0.01453647498972714,-1.929534009695053,0.016771298691346602,0.22404296875000002,6.001278448104858,4
526336,1000000,19,3.609861381322957e-05,0.0,25,4.749817607003891e-05,0.0,0,0.0,0.0,154.6196143074141,3404.070061599952,20.644237518310547,0.01799069717526436,0.1943361461162567,0.0,18520,204800,0.00880988124468974,0.01507339828872475,-1.9676376868938577,0.017244154200194192,0.2248030037715517,6.44509978952079,2
528384,1000000,19,3.595869670542636e-05,0.0,25,4.7314074612403104e-05,0.0,0,0.0,0.0,154.64821586607016,3416.683451800025,20.65488052368164,0.017488325014710426,0.19337770342826843,0.0,18620,204800,0.004664544184925035,0.02846851944923401,-2.008643225431442,0.019847111206490808,0.25650390625,4.756660814285278,4
530432,1000000,19,3.581986003861004e-05,0.0,25,4.713139478764479e-05,0.0,0,0.0,0.0,154.69805795331308,3428.821324700024,20.690872192382812,0.017721453681588173,0.19165757298469543,0.0,18623,204800,0.015431611953924099,0.060519007345040635,-2.0244194666544595,0.01664956258779663,0.19620768229166666,4.5872375170389805,1
532480,1000000,19,3.568209134615385e-05,0.0,25,4.6950120192307695e-05,0.0,0,0.0,0.0,154.73726369905808,3441.1879031000426,20.70580291748047,0.018673431128263474,0.19123974442481995,0.0,18631,204800,0.008788182429270819,0.02801798516884446,-2.026261627674103,0.015711892289345997,0.192474365234375,5.349486887454987,1
534528,1000000,19,3.554537835249042e-05,0.0,25,4.6770234674329504e-05,0.0,0,0.0,0.0,154.74560750550887,3454.236980400048,20.77611541748047,0.01818872056901455,0.18928316235542297,0.0,18731,204800,0.0046694173489231616,0.015100658014416695,-2.0657707619667054,0.016552595157336328,0.224490966796875,5.767606692314148,4
536576,1000000,19,3.540970896946565e-05,0.0,25,4.659172232824428e-05,0.0,0,0.0,0.0,154.7599924539664,3467.149303199956,20.779199600219727,0.018420467153191566,0.18955136835575104,0.0,18831,204800,0.004666883678874001,0.014594264952465892,-2.124137144088745,0.016627637732599395,0.22309326171875,5.802113552093506,4
538624,1000000,19,3.527507129277566e-05,0.0,25,4.6414567490494294e-05,0.0,0,0.0,0.0,154.80627182805222,3479.3422361999983,20.811683654785156,0.01824050210416317,0.19110845029354095,0.0,18851,204800,0.009706980921328068,0.015020117210224272,-2.157663679122925,0.017819946621784766,0.2306396484375,6.62259875535965,1
540672,1000000,19,3.514145359848485e-05,0.0,25,4.6238754734848484e-05,0.0,0,0.0,0.0,154.8398771047498,3491.813672999968,20.8245906829834,0.018000179901719093,0.19003506004810333,0.0,18951,204800,0.004872692584176548,0.014592955801635981,-2.2084980726242067,0.01709740665388381,0.22992919921875,6.732196559906006,4
542720,1000000,19,3.500884433962264e-05,0.0,25,4.606426886792453e-05,0.0,0,0.0,0.0,154.86222160858793,3504.5345105000306,20.836585998535156,0.017808135598897934,0.19179627299308777,0.0,18970,204800,0.005716678821236679,0.025122285967594696,-2.2396312136399117,0.018747530030707008,0.21788265830592105,4.5119528331254655,1
544768,1000000,19,3.487723214285714e-05,0.0,25,4.589109492481203e-05,0.0,0,0.0,0.0,154.8962414165421,3516.986564800027,20.891036987304688,0.017836568877100945,0.1896551102399826,0.0,18975,204800,0.007984218932688237,0.015310476906597615,-2.2487122058868407,0.015287834322953131,0.17197265625000002,6.551014137268067,1
546816,1000000,19,3.474660580524344e-05,0.0,25,4.571921816479401e-05,0.0,0,0.0,0.0,154.92380727011226,3529.580182899954,20.90340232849121,0.01894872635602951,0.18992015719413757,0.0,18996,204800,0.010425169187198791,0.015927103924609366,-2.261143616267613,0.017293404736154202,0.22027297247023808,6.222503911881219,1
548864,1000000,19,3.4616954291044774e-05,0.0,25,4.554862406716418e-05,0.0,0,0.0,0.0,154.95778660343814,3542.0227148999693,20.90459442138672,0.01912175491452217,0.19202660024166107,0.0,19005,204800,0.01078912294987175,0.027447460840145745,-2.274102316962348,0.019537706772098318,0.20042588975694442,4.6447775099012585,1
550912,1000000,19,3.448826672862454e-05,0.0,25,4.5379298327137543e-05,0.0,0,0.0,0.0,154.98933135664555,3554.5156248999992,20.865562438964844,0.01864049769937992,0.1943122148513794,0.0,19011,204800,0.008116884312282005,0.05469424898425738,-2.279433767000834,0.02049638510834484,0.21087646484375,4.827622056007385,1
552960,1000000,19,3.436053240740741e-05,0.0,25,4.521122685185185e-05,0.0,0,0.0,0.0,155.02912140880807,3566.8137377999956,20.8558406829834,0.01819983310997486,0.19486811757087708,0.0,19016,204800,0.010269043315201998,0.044235944747924805,-2.2826679706573487,0.024807939198581153,0.25539550781250003,6.253444480895997,1
555008,1000000,19,3.4233740774907746e-05,0.0,25,4.5044395756457564e-05,0.0,0,0.0,0.0,155.05836253983284,3579.349032899947,20.863353729248047,0.019070034846663475,0.19910681247711182,0.0,19025,204800,0.00670344956840078,0.04046013723644945,-2.286379814147949,0.016952530341061194,0.20804850260416666,4.60020637512207,1
557056,1000000,19,3.410788143382353e-05,0.0,25,4.487879136029412e-05,0.0,0,0.0,0.0,155.08028128071342,3592.0491979999933,20.863073348999023,0.019796384498476982,0.20103533565998077,0.0,19040,204800,0.011221264721825719,0.01825894887248675,-2.293913189570109,0.01873534597895438,0.23672688802083333,5.616795301437378,1
559104,1000000,19,3.398294413919414e-05,0.0,25,4.471440018315018e-05,0.0,0,0.0,0.0,155.09530619117933,3604.906000899966,20.84857749938965,0.01964537240564823,0.20438537001609802,0.0,19120,204800,0.0067807045939844105,0.019774951064027848,-2.3234660595655443,0.020779713890215136,0.26881256103515627,6.576369833946228,4
561152,1000000,19,3.385891879562044e-05,0.0,25,4.455120894160584e-05,0.0,0,0.0,0.0,155.13677233692897,3617.1437083999626,20.92743492126465,0.020633863285183907,0.2026171088218689,0.0,19129,204800,0.007577212605004509,0.04553174165387948,-2.3418283462524414,0.01965710122789864,0.2445339626736111,4.679329474767049,1
563200,1000000,19,3.3735795454545455e-05,0.0,25,4.438920454545455e-05,0.0,0,0.0,0.0,155.16555893833424,3629.6714544999413,21.050029754638672,0.020371247082948685,0.2057044506072998,0.0,19202,204800,0.006223759129133126,0.024138486650708602,-2.365084168029158,0.019581986524739577,0.2551286253210616,5.963391744927184,3
565248,1000000,19,3.36135643115942e-05,0.0,25,4.42283740942029e-05,0.0,0,0.0,0.0,154.64129986355218,3655.2201804999495,21.169204711914062,0.020990513265132904,0.20897644758224487,0.0,19260,204800,0.005805689203231756,0.029669088504180825,-2.3961010143674653,0.01771388309002916,0.23266812028556033,5.536996845541329,3
567296,1000000,19,3.349221570397112e-05,0.0,25,4.406870487364621e-05,0.0,0,0.0,0.0,154.67511209632323,3667.6617996999994,21.310855865478516,0.020277364179491997,0.2133476734161377,0.0,19288,204800,0.008790052500054506,0.03496295127219387,-2.4125780803816657,0.019000830111638476,0.23504202706473212,5.343833599771772,2
569344,1000000,19,3.337174010791367e-05,0.0,25,4.3910184352517984e-05,0.0,0,0.0,0.0,154.72120296577427,3679.805928900023,21.368040084838867,0.021000197157263756,0.21196332573890686,0.0,19314,204800,0.01019202253351418,0.04177683964371681,-2.4289767742156982,0.01900588279806051,0.2420935997596154,5.573140657865085,2
571392,1000000,19,3.325212813620072e-05,0.0,25,4.375280017921147e-05,0.0,0,0.0,0.0,154.76560210082164,3691.983181299991,21.540449142456055,0.020460832864046097,0.21471485495567322,0.0,19331,204800,0.0089460485477877,0.06155389591174967,-2.4422931110157684,0.01895788800817065,0.23853975183823528,5.628137770821066,1
573440,1000000,19,3.313337053571428e-05,0.0,25,4.359654017857143e-05,0.0,0,0.0,0.0,154.8032977361542,3704.3138511000434,21.714427947998047,0.019619233906269073,0.21571534872055054,0.0,19343,204800,0.00626862400289004,0.08511881281932195,-2.4486477971076965,0.020555747919691687,0.24178059895833331,5.658632318178812,1
575488,1000000,19,3.301545818505338e-05,0.0,25,4.344139234875445e-05,0.0,0,0.0,0.0,154.85147733038355,3716.386888399953,21.76441192626953,0.019441233947873116,0.2217646837234497,0.0,19347,204800,0.008323664078488946,0.13516741059720516,-2.4523105025291443,0.016987790292660065,0.1962890625,4.858407080173492,1
577536,1000000,19,3.289838209219858e-05,0.0,25,4.328734485815603e-05,0.0,0,0.0,0.0,154.8808187263379,3728.9059080999577,21.913646697998047,0.01972964219748974,0.22246894240379333,0.0,19356,204800,0.008398668633566963,0.07720376220014359,-2.4546408918168807,0.01699741161953878,0.21405707465277776,5.077411810557047,1
579584,1000000,19,3.278213339222615e-05,0.0,25,4.313438604240283e-05,0.0,0,0.0,0.0,154.90487687627865,3741.5477916999953,22.157665252685547,0.021284835413098335,0.2262798547744751,0.0,19378,204800,0.009880610519427468,0.10424172708934004,-2.461811802603982,0.019677203288789646,0.2556485262784091,5.230456634001299,1
581632,1000000,19,3.266670334507042e-05,0.0,25,4.298250440140845e-05,0.0,0,0.0,0.0,154.9312221175603,3754.1303298999555,22.395851135253906,0.022624069824814796,0.2313966155052185,0.0,19403,204800,0.011742729162797332,0.1577501803636551,-2.4667381858825683,0.0212237435465795,0.2618603515625,5.764784049987793,1
583680,1000000,19,3.255208333333333e-05,0.0,25,4.2831688596491226e-05,0.0,0,0.0,0.0,154.97152433964462,3766.369353899965,22.53781509399414,0.02084222622215748,0.23918746411800385,0.0,19420,204800,0.013246699085678248,0.23487395924680374,-2.4654541296117447,0.021920294219051034,0.2529153262867647,4.731082565644208,1
585728,1000000,19,3.243826486013986e-05,0.0,25,4.2681927447552446e-05,0.0,0,0.0,0.0,155.01423023450815,3778.5434222000185,22.659461975097656,0.02010194957256317,0.23781581223011017,0.0,19433,204800,0.011968893894495873,0.1940765495483692,-2.4661497519566464,0.01961727627209397,0.2383563701923077,4.9465008698976956,1
587776,1000000,19,3.2325239547038326e-05,0.0,25,4.253320993031359e-05,0.0,0,0.0,0.0,155.05261628662234,3790.816395599977,22.834171295166016,0.019407596439123154,0.24236707389354706,0.0,19437,204800,0.010252059786580503,0.27918312326073647,-2.4673537015914917,0.015990341487849946,0.200286865234375,5.662155032157898,1
589824,1000000,19,3.2212999131944445e-05,0.0,25,4.238552517361111e-05,0.0,0,0.0,0.0,155.0846285782013,3803.239595100051,23.094451904296875,0.021678434684872627,0.2515951991081238,0.0,19456,204800,0.012245691650988239,0.23141979622213463,-2.471310665732936,0.019790437614095647,0.2441342002467105,5.209107951114052,1
591872,1000000,19,3.2101535467128025e-05,0.0,25,4.22388624567474e-05,0.0,0,0.0,0.0,155.12822299123076,3815.372783800005,23.118061065673828,0.023506661877036095,0.2482491135597229,0.0,19462,204800,0.006872103859980901,0.22763715436061221,-2.4752903779347735,0.016265850778230135,0.21525065104166666,6.5341315269470215,1
593920,1000000,19,3.199084051724138e-05,0.0,25,4.2093211206896555e-05,0.0,0,0.0,0.0,155.16143272738276,3827.755322700017,23.274747848510742,0.02285587042570114,0.2533532977104187,0.0,19492,204800,0.009135904217449328,0.20518514066934584,-2.479761330286662,0.01863615104460526,0.23806966145833333,6.282673597335815,2
595968,1000000,19,3.188090635738832e-05,0.0,25,4.1948560996563574e-05,0.0,0,0.0,0.0,155.18381537069808,3840.4004862,23.619457244873047,0.021508561447262764,0.2578192353248596,0.0,19520,204800,0.01156288874335587,0.2746832956160818,-2.4850072945867265,0.020132531488473302,0.2491455078125,5.6066277623176575,2
598016,1000000,19,3.1771725171232875e-05,0.0,25,4.180490154109589e-05,0.0,0,0.0,0.0,155.20691628927725,3853.024171199999,23.682418823242188,0.020453033968806267,0.25878411531448364,0.0,19528,204800,0.013467949072946794,0.46482283249497414,-2.4849692285060883,0.02194424663434802,0.2533721923828125,5.459160208702087,1
600064,1000000,19,3.1663289249146754e-05,0.0,25,4.166222269624574e-05,0.0,0,0.0,0.0,155.23842764260328,3865.434667899972,24.090818405151367,0.020291315391659737,0.26800090074539185,0.0,19564,204800,0.008632851033730226,0.39834513763586676,-2.4803312884436712,0.02060597765383439,0.25165812174479163,5.532491948869493,2
602112,1000000,19,3.155559098639456e-05,0.0,25,4.152051445578231e-05,0.0,0,0.0,0.0,155.27179237163418,3877.793840099941,24.24082374572754,0.021415971219539642,0.2696365416049957,0.0,19587,204800,0.011263871545215015,0.5418064373990764,-2.4774808469025986,0.023143941120076266,0.282051418138587,5.661890776261039,1
604160,1000000,19,3.144862288135593e-05,0.0,25,4.137976694915254e-05,0.0,0,0.0,0.0,155.31321106548197,3889.9459734000266,24.273696899414062,0.022796202450990677,0.27147865295410156,0.0,19616,204800,0.011659550079112423,0.3780213902736532,-2.4765522480010986,0.02036700796351993,0.2458538186961207,5.373746337561772,2
606208,1000000,19,3.134237753378378e-05,0.0,25,4.123997043918919e-05,0.0,0,0.0,0.0,155.3286000400386,3902.7455332999816,24.71660804748535,0.02240774966776371,0.2761461138725281,0.0,19656,204800,0.011878483556210996,0.37693085223436357,-2.4788807928562164,0.019558339363993583,0.24461669921875,5.797602838277817,2
608256,1000000,19,3.123684764309764e-05,0.0,25,4.110111531986532e-05,0.0,0,0.0,0.0,155.34762014798224,3915.45103440003,24.829803466796875,0.02349662221968174,0.27811869978904724,0.0,19682,204800,0.010818172998439807,0.4301704214169429,-2.4814002880683312,0.019326704268818364,0.24558199368990385,5.708668286983784,2
610304,1000000,19,3.113202600671141e-05,0.0,25,4.096319211409396e-05,0.0,0,0.0,0.0,155.3822132795491,3927.759729500045,24.712148666381836,0.023570168763399124,0.27712130546569824,0.0,19717,204800,0.010905334074050187,0.32990528770855493,-2.4856167452675955,0.020341176958546772,0.25472237723214286,5.028002963747297,2
612352,1000000,19,3.102790551839465e-05,0.0,25,4.0826191471571906e-05,0.0,0,0.0,0.0,155.41723061798578,3940.0521908999654,25.06153106689453,0.022901983931660652,0.2785925269126892,0.0,19736,204800,0.010373152522860389,0.3809778266831448,-2.487273806019833,0.016673952291679787,0.20839329769736842,5.153876969688817,1
614400,1000000,19,3.092447916666667e-05,0.0,25,4.0690104166666664e-05,0.0,0,0.0,0.0,155.44547960141438,3952.5112056999933,25.25061798095703,0.02097122184932232,0.2857396900653839,0.0,19765,204800,0.010216266422628843,0.5074731522593005,-2.4937044258775383,0.019536690712466852,0.24126565867456895,5.198239507346318,2
616448,1000000,19,3.082174003322259e-05,0.0,25,4.0554921096345516e-05,0.0,0,0.0,0.0,154.94613778187625,3978.466380800004,25.66472816467285,0.020993376150727272,0.28624197840690613,0.0,19858,204800,0.00828503499869057,0.4829292188408555,-2.4940150578816733,0.020844779295325144,0.259479481686828,5.552153656559606,4
618496,1000000,19,3.071968129139073e-05,0.0,25,4.04206332781457e-05,0.0,0,0.0,0.0,154.98300124085117,3990.7344356999965,25.826114654541016,0.022996099665760994,0.2916377782821655,0.0,19887,204800,0.012528996790181202,0.42927082037103587,-2.4941556453704834,0.01961628713264684,0.25126700565732757,5.759517719005716,2
620544,1000000,19,3.061829620462046e-05,0.0,25,4.028723184818482e-05,0.0,0,0.0,0.0,155.03013487410666,4002.7314722000156,25.875743865966797,0.022312818095088005,0.2932978868484497,0.0,19900,204800,0.008570513661162784,0.5638786577261412,-2.496174793977004,0.01618919575664152,0.20192307692307693,5.819067808297965,1
622592,1000000,19,3.0517578125e-05,0.0,25,4.015470805921053e-05,0.0,0,0.0,0.0,155.07604922858525,4014.752781599993,26.05416488647461,0.0218573659658432,0.2986484169960022,0.0,19915,204800,0.008245898503810167,0.6639523228009542,-2.4983071804046633,0.01810721132302812,0.22694498697916665,5.597469647725423,1
624640,1000000,19,3.041752049180328e-05,0.0,25,4.002305327868852e-05,0.0,0,0.0,0.0,155.1045730144665,4027.2184621000197,26.209184646606445,0.021343251690268517,0.29804477095603943,0.0,19931,204800,0.00536105569335632,0.7006825469434261,-2.495617151260376,0.019243000446749647,0.2365570068359375,6.0713416039943695,1
626688,1000000,19,3.031811683006536e-05,0.0,25,3.9892258986928105e-05,0.0,0,0.0,0.0,155.12384078104026,4039.920600499958,26.412864685058594,0.021521471440792084,0.30525168776512146,0.0,19937,204800,0.014863604058821995,0.6576351523399353,-2.4919952551523843,0.019107267429111136,0.2222900390625,5.995682756106058,1
628736,1000000,19,3.0219360749185668e-05,0.0,25,3.97623167752443e-05,0.0,0,0.0,0.0,155.1458077658854,4052.5490766000003,26.338794708251953,0.021886909380555153,0.29808729887008667,0.0,19955,204800,0.008960679949571688,0.6124125636286205,-2.4906336334016586,0.01894074145841134,0.22843424479166666,5.276931868659125,1
630784,1000000,19,3.012124594155844e-05,0.0,25,3.9633218344155844e-05,0.0,0,0.0,0.0,155.1766138084865,4064.9424195999745,26.740570068359375,0.02332887426018715,0.3044007420539856,0.0,19990,204800,0.011786313368273632,0.5965845474175044,-2.4906176226479664,0.021818824086533694,0.2727783203125,5.387364169529506,2
632832,1000000,19,3.0023766181229773e-05,0.0,25,3.950495550161812e-05,0.0,0,0.0,0.0,155.2149186724721,4077.1338568000356,26.58024024963379,0.024115899577736855,0.30430203676223755,0.0,20000,204800,0.012133738305419684,0.6570246458053589,-2.4882737398147583,0.019699203467826013,0.23311767578125,5.353827643394471,1
634880,1000000,19,2.9926915322580644e-05,0.0,25,3.937752016129032e-05,0.0,0,0.0,0.0,155.24711732796138,4089.480119999964,26.798009872436523,0.02509060502052307,0.31203699111938477,0.0,20020,204800,0.011578621843364091,0.6685682892799378,-2.487915515899658,0.019046150126177965,0.23931884765625,6.055184435844422,1
636928,1000000,19,2.983068729903537e-05,0.0,25,3.9250904340836014e-05,0.0,0,0.0,0.0,155.27605643981718,4101.907368100015,26.94341278076172,0.023978078737854958,0.3154509365558624,0.0,20030,204800,0.009447340318001807,0.5781554400920869,-2.491576075553894,0.01999180932361924,0.24068603515625,6.690218114852906,1
638976,1000000,19,2.973507612179487e-05,0.0,25,3.9125100160256414e-05,0.0,0,0.0,0.0,155.30455410843015,4114.341679599951,26.895626068115234,0.02358512580394745,0.3228795528411865,0.0,20077,204800,0.009607012745270387,0.537396177332452,-2.495722882291104,0.021914306472915104,0.27028185255984044,5.578917346102126,2
641024,1000000,19,2.9640075878594248e-05,0.0,25,3.900009984025559e-05,0.0,0,0.0,0.0,155.33067753110618,4126.834506800049,27.217945098876953,0.02317599579691887,0.3244069814682007,0.0,20099,204800,0.011382221572355114,0.5682849084789103,-2.4922134442762895,0.02075922993100738,0.2614524147727273,6.023999040777033,1
643072,1000000,19,2.9545680732484077e-05,0.0,25,3.887589570063694e-05,0.0,0,0.0,0.0,155.35927100841056,4139.257321599987,27.005977630615234,0.0261367280036211,0.33813267946243286,0.0,20118,204800,0.011981068681435364,0.613168296061064,-2.4934653984872917,0.019242642940394274,0.24100534539473684,6.212938358909205,1
645120,1000000,19,2.945188492063492e-05,0.0,25,3.8752480158730157e-05,0.0,0,0.0,0.0,155.3765766430049,4151.977176600019,27.429733276367188,0.024313338100910187,0.33111727237701416,0.0,20185,204800,0.010572644240751083,0.5259444882620626,-2.496896395042761,0.022362788903171633,0.27524669134794777,5.959096901452363,3
647168,1000000,19,2.9358682753164558e-05,0.0,25,3.8629845727848104e-05,0.0,0,0.0,0.0,155.39279013400127,4164.723469099961,27.271970748901367,0.023583779111504555,0.3201598823070526,0.0,20232,204800,0.008244617044569013,0.5631916694184567,-2.4973645108811398,0.019086840633346893,0.24662098986037234,5.900824633050472,2
649216,1000000,19,2.9266068611987383e-05,0.0,26,4.004830441640379e-05,0.00048828125,0,0.0,0.0,155.41779666257565,4177.230754400021,27.586013793945312,0.023641318082809448,0.3225102424621582,0.0,20246,204800,0.012451324162871709,0.5755585261753627,-2.494630251611982,0.021217380872258218,0.2605765206473214,6.320078917912074,1
651264,1000000,19,2.9174036949685535e-05,0.0,26,3.9922366352201256e-05,0.0,0,0.0,0.0,155.42831353828015,4190.124599399976,27.941787719726562,0.025079429149627686,0.33535733819007874,0.0,20346,204800,0.006929140957072377,0.49635696709156035,-2.498998332023621,0.019246847234917368,0.2449951171875,6.055626163482666,4
653312,1000000,19,2.9082582288401253e-05,0.0,27,4.1327880094043886e-05,0.00048828125,0,0.0,0.0,155.4681604339597,4202.223774799961,28.26978302001953,0.023852648213505745,0.341022253036499,0.0,20363,204800,0.006444295320440741,0.5948581415064195,-2.502046360689051,0.01757015751376029,0.2210693359375,6.016074124504538,1
655360,1000000,19,2.899169921875e-05,0.0,27,4.119873046875e-05,0.0,0,0.0,0.0,155.50430747568635,4214.417019300046,28.472326278686523,0.022250870242714882,0.3418971002101898,0.0,20390,204800,0.010948361518482367,0.6947043626396744,-2.5035867072917797,0.0199356232234196,0.2518581814236111,5.77614038961905,2
657408,1000000,19,2.8901382398753894e-05,0.0,27,4.107038551401869e-05,0.0,0,0.0,0.0,155.52324060405994,4227.072413400048,28.37480354309082,0.02278606966137886,0.34598395228385925,0.0,20410,204800,0.011146537377499044,0.6446061119437219,-2.502530145645142,0.01855361322177487,0.231103515625,5.736965012550354,1
659456,1000000,19,2.881162655279503e-05,0.0,28,4.245923913043478e-05,0.00048828125,0,0.0,0.0,155.53748723716143,4239.852473599953,28.424617767333984,0.02409089356660843,0.3420569598674774,0.0,20423,204800,0.013735844288021326,0.7304830276049101,-2.503064302297739,0.018358248817513904,0.22734187199519232,5.245440134635339,1
661504,1000000,19,2.8722426470588235e-05,0.0,28,4.232778637770898e-05,0.0,0,0.0,0.0,155.54428220157877,4252.8339238000335,28.595836639404297,0.02337431162595749,0.3501204550266266,0.0,20469,204800,0.009411182983413986,0.7048344132692917,-2.5030868986378545,0.020641615341960656,0.26028840438179346,7.003432247949683,2
663552,1000000,19,2.8633777006172838e-05,0.0,29,4.370418595679012e-05,0.00048828125,0,0.0,0.0,155.5794389484063,4265.036591500044,28.50342559814453,0.023077504709362984,0.3495017886161804,0.0,20485,204800,0.009239544917363673,0.931923147290945,-2.5014869421720505,0.021248538314011967,0.25920867919921875,6.096042737364769,1
665600,1000000,19,2.8545673076923076e-05,0.0,30,4.507211538461539e-05,0.00048828125,0,0.0,0.0,155.61774904363307,4277.147074099979,28.58795928955078,0.02354787290096283,0.34239324927330017,0.0,20488,204800,0.0057387618192782,0.9455439448356628,-2.499478499094645,0.01842525348123066,0.16060384114583331,5.215405464172363,1
667648,1000000,19,2.8458109662576685e-05,0.0,31,4.6431652607361966e-05,0.00048828125,0,0.0,0.0,155.19996392627343,4301.856670000008,28.488475799560547,0.023673828691244125,0.3439374566078186,0.0,20516,204800,0.010666881654677647,0.8264574663979666,-2.494991430214473,0.02305873769286596,0.27245657784598215,5.350686499050685,2
669696,1000000,19,2.8371081804281346e-05,0.0,31,4.628965978593272e-05,0.0,0,0.0,0.0,155.21909030606142,4314.520840700017,28.571861267089844,0.02395213581621647,0.3498319983482361,0.0,20534,204800,0.011807181807752283,0.8261928094757928,-2.4898089170455933,0.019395920579982986,0.23848470052083331,6.297310087415907,1
671744,1000000,20,2.977324695121951e-05,0.00048828125,32,4.763719512195122e-05,0.00048828125,1,1.4886623475609757e-06,0.00048828125,155.24319506449532,4327.043125599972,28.742290496826172,0.025103017687797546,0.36113959550857544,0.0,20544,204800,0.010316610778681935,1.096772027015686,-2.4871254920959474,0.017454203032684745,0.20718994140625002,5.512072515487671,1
673792,1000000,21,3.116688829787234e-05,0.00048828125,33,4.897653875379939e-05,0.00048828125,2,2.968275075987842e-06,0.00048828125,155.2806495653579,4339.188442899962,29.112659454345703,0.02511996403336525,0.3653334975242615,0.0,20555,204800,0.003270312529903921,1.037433223290877,-2.483425097032027,0.01741559821278894,0.21254660866477273,5.104082974520597,1
675840,1000000,23,3.403172348484849e-05,0.0009765625,36,5.326704545454545e-05,0.00146484375,4,5.918560606060606e-06,0.0009765625,155.3142105379833,4351.436984800035,29.21074676513672,0.023545322939753532,0.37660783529281616,0.0,20563,204800,0.00645450537558645,1.8443597704172134,-2.478554129600525,0.018604806641405958,0.2331085205078125,6.0240795612335205,1
677888,1000000,23,3.3928908610271905e-05,0.0,39,5.7531627643504534e-05,0.00146484375,4,5.900679758308157e-06,0.0,155.34522222073767,4363.751844499959,29.153099060058594,0.024745287373661995,0.3835808038711548,0.0,20604,204800,0.008744122119756734,0.6358130603301816,-2.4763559829897996,0.020047364341202988,0.25435582602896345,6.598123306181373,2
679936,1000000,29,4.2651073042168676e-05,0.0029296875,49,7.20656061746988e-05,0.0048828125,10,1.470726656626506e-05,0.0029296875,155.38080552614574,4375.933035599999,29.756248474121094,0.023581402376294136,0.38606399297714233,0.0,20623,204800,0.006660511741708767,3.586237694087781,-2.4715519453349866,0.018760975209500572,0.2274105674342105,6.400232214676706,1
681984,1000000,30,4.39893018018018e-05,0.00048828125,51,7.478181306306306e-05,0.0009765625,11,1.612941066066066e-05,0.00048828125,155.41405965533573,4388.174413000001,29.071277618408203,0.02240295335650444,0.3854811191558838,0.0,20644,204800,0.006054825925578673,1.5099192091396876,-2.46410854657491,0.018597840860041157,0.223388671875,6.719981681732904,1
684032,1000000,33,4.8243357035928145e-05,0.00146484375,56,8.186751497005988e-05,0.00244140625,14,2.046687874251497e-05,0.00146484375,155.44658856373553,4400.431082600029,29.498620986938477,0.02220803312957287,0.3777400553226471,0.0,20665,204800,0.005476061798011263,2.3551621720904397,-2.4567541508447555,0.019241545297388387,0.24068777901785712,6.137946957633608,1
686080,1000000,34,4.9556902985074624e-05,0.00048828125,59,8.599580223880596e-05,0.00146484375,15,2.1863339552238805e-05,0.00048828125,155.47779035410738,4412.7202890999615,29.543827056884766,0.021381571888923645,0.3687027096748352,0.0,20688,204800,0.009711352895702357,1.2585438645404319,-2.4490665249202563,0.02065646781936622,0.24294115149456522,5.091249383014182,1
688128,1000000,37,5.3769066220238094e-05,0.00146484375,66,9.591238839285714e-05,0.00341796875,18,2.6157924107142856e-05,0.00146484375,155.50780594668697,4425.038317600032,29.92762565612793,0.022455547004938126,0.37511640787124634,0.0,20692,204800,0.010843768250197172,1.8540309369564056,-2.4443746209144592,0.018420277599034307,0.207366943359375,5.15092408657074,1
690176,1000000,38,5.5058419881305635e-05,0.00048828125,72,0.00010432121661721068,0.0029296875,19,2.7529209940652817e-05,0.00048828125,155.52253866148772,4437.787641200004,29.506834030151367,0.022846313193440437,0.37749773263931274,0.0,20703,204800,0.006994764193553817,1.497118061239069,-2.440986763347279,0.0186458876145149,0.2271728515625,5.174410559914329,1
692224,1000000,41,5.92293823964497e-05,0.00146484375,82,0.0001184587647928994,0.0048828125,22,3.178161982248521e-05,0.00146484375,155.5428084416914,4450.376117900014,29.53944969177246,0.021251710131764412,0.38774752616882324,0.0,20706,204800,0.004504864724973837,2.9001379013061523,-2.437255859375,0.014933762790557617,0.18339029947916666,5.60025135676066,1
694272,1000000,43,6.193537979351033e-05,0.0009765625,90,0.00012963219026548674,0.00390625,24,3.456858407079646e-05,0.0009765625,155.5762336732219,4462.583928199951,29.639965057373047,0.02157708629965782,0.37730488181114197,0.0,20712,204800,0.0023190755552301803,1.8208428025245667,-2.4347946643829346,0.015949603151663418,0.20052083333333331,5.279134591420491,1
696320,1000000,53,7.611443014705882e-05,0.0048828125,125,0.00017951516544117648,0.01708984375,34,4.8828125e-05,0.0048828125,155.6142299276698,4474.655051299953,30.660287857055664,0.022537730634212494,0.3971758484840393,0.0,20715,204800,-0.005907419137656689,7.802919705708821,-2.432368199030558,0.01567375193553744,0.1744384765625,5.974322319030762,1
698368,1000000,69,9.880177785923753e-05,0.0078125,162,0.00023196939149560118,0.01806640625,50,7.159549120234605e-05,0.0078125,155.6435372254619,4486.97075670003,30.772554397583008,0.02414216473698616,0.4071984589099884,0.0,20723,204800,0.0071689899486955255,8.631479620933533,-2.4289145171642303,0.018442243539084302,0.2014617919921875,6.076560437679291,1
700416,1000000,102,0.00014562774122807017,0.01611328125,244,0.0003483644005847953,0.0400390625,81,0.00011564555921052631,0.01513671875,155.6733260471498,4499.267907900037,32.31119918823242,0.023386061191558838,0.4155855178833008,0.0,20726,204800,0.012002681071559588,14.18481699625651,-2.424583117167155,0.014089932624604746,0.15909830729166666,7.09826389948527,1
702464,1000000,139,0.0001978749088921283,0.01806640625,344,0.0004897048104956269,0.048828125,115,0.00016370945699708454,0.0166015625,155.694142863775,4511.820336199948,32.25347137451172,0.023320384323596954,0.4234106242656708,0.0,20738,204800,0.0049323333078064024,19.226096868515015,-2.417694608370463,0.016638361866777508,0.19679768880208331,11.445235967636108,1
704512,1000000,179,0.00025407658066860467,0.01953125,443,0.0006288040515988372,0.04833984375,153,0.00021717160247093024,0.0185546875,155.730134974474,4523.928526200005,32.56938171386719,0.023572267964482307,0.42901307344436646,0.0,20760,204800,0.003233415804888037,20.060901945287533,-2.4073520248586484,0.015925539554783343,0.18983598188920456,9.633389342914928,1
706560,1000000,238,0.00033684329710144926,0.02880859375,547,0.0007741734601449275,0.05078125,200,0.00028306159420289856,0.02294921875,155.76300663170377,4536.121992500033,33.51763153076172,0.026368655264377594,0.427564799785614,0.0,20781,204800,0.0037111600617035514,29.5753360021682,-2.3956724348522367,0.019437616113940574,0.23199172247023808,12.018556095304943,1
708608,1000000,316,0.000445944725433526,0.0380859375,697,0.0009836185874277457,0.0732421875,267,0.0003767950686416185,0.03271484375,155.77719659461016,4548.855772800045,35.09575653076172,0.027228262275457382,0.4246799647808075,0.0,20829,204800,0.003356751653579219,38.29537363847096,-2.3820027112960815,0.016709686884496477,0.20758819580078125,12.58423971136411,2
710656,1000000,418,0.0005881889409221902,0.0498046875,854,0.0012017065922190202,0.07666015625,360,0.0005065742074927954,0.04541015625,155.77947599671506,4561.936002500006,36.641021728515625,0.028330467641353607,0.4189372658729553,0.0,20929,204800,0.0017211432626936586,49.54965847015381,-2.3564756655693055,0.017838674671947958,0.221240234375,14.571608576774597,4
712704,1000000,559,0.0007843368354885057,0.06884765625,1051,0.0014746654992816091,0.09619140625,486,0.0006819100215517241,0.0615234375,155.78570514762762,4574.899855699972,39.272098541259766,0.027754083275794983,0.43060067296028137,0.0,21004,204800,0.0010551851134126386,67.57212448120117,-2.332775033315023,0.013425328289789226,0.1758740234375,16.05182239532471,3
714752,1000000,746,0.0010437186604584528,0.09130859375,1292,0.0018076199856733525,0.11767578125,637,0.0008912182127507163,0.07373046875,155.788978471147,4587.949719000026,42.75495910644531,0.03006596677005291,0.4400123357772827,0.0,21104,204800,0.0007917419786099345,88.84908981323242,-2.3158571243286135,0.01234867021197715,0.159090576171875,22.106143364906313,4
716800,1000000,935,0.001304408482142857,0.09228515625,1543,0.0021526227678571428,0.12255859375,779,0.0010867745535714285,0.0693359375,155.80189080433334,4600.714383500046,42.7724609375,0.029632406309247017,0.44943904876708984,0.0,21204,204800,0.00038641828461550177,89.77859649658204,-2.300623097419739,0.011838395019512973,0.154334716796875,18.631410036087036,4
718848,1000000,1152,0.0016025641025641025,0.10595703125,1815,0.0025248731303418805,0.1328125,947,0.0013173855947293447,0.08203125,155.39690766007453,4625.883557299967,44.76715850830078,0.030480816960334778,0.44934356212615967,0.0,21229,204800,0.005280959419906139,102.4034799194336,-2.293501672744751,0.012422508552408545,0.159091796875,20.88486001968384,1
720896,1000000,1348,0.0018698952414772727,0.095703125,2085,0.0028922341086647725,0.1318359375,1100,0.00152587890625,0.07470703125,155.39594954206385,4639.091315599973,43.58522033691406,0.03050488978624344,0.44871068000793457,0.0,21329,204800,0.001157028116285801,92.1756234741211,-2.280773482322693,0.012916630846357293,0.16753662109375,18.980709857940674,4
722944,1000000,1595,0.0022062566395184137,0.12060546875,2378,0.003289328080736544,0.14306640625,1289,0.0017829873406515582,0.09228515625,155.41044060902558,4651.836756699951,47.085472106933594,0.031098641455173492,0.4545033276081085,0.0,21429,204800,0.0019075696240179242,115.42037384033203,-2.266315038204193,0.013310115308049717,0.17350341796875,21.580568737983704,4
724992,1000000,1869,0.0025779594809322032,0.1337890625,2704,0.0037296963276836157,0.1591796875,1496,0.00206347104519774,0.10107421875,155.42973449600763,4664.435684400029,49.111717224121094,0.0314255990087986,0.458144873380661,0.0,21529,204800,-6.508689024485648e-05,127.60147468566895,-2.251928689479828,0.010660526935771486,0.138922119140625,23.208751516342165,4
727040,1000000,2136,0.0029379401408450704,0.13037109375,3023,0.004157955545774648,0.15576171875,1691,0.0023258692781690142,0.09521484375,155.44798403066068,4677.062906499952,48.63612747192383,0.03157198801636696,0.4549024701118469,0.0,21629,204800,0.0008402131963521243,123.7956266784668,-2.2370110535621643,0.010913042765532737,0.14069946289062502,22.273898181915282,4
729088,1000000,2439,0.0033452751931179773,0.14794921875,3359,0.004607125614466292,0.1640625,1908,0.002616968047752809,0.10595703125,155.45398777329433,4690.056591299945,51.36390686035156,0.032952409237623215,0.459419310092926,0.0,21729,204800,0.002144834029022604,139.94111282348632,-2.2180517530441284,0.013273680897000303,0.17384033203125002,27.11524401664734,4
731136,1000000,2770,0.003788624824929972,0.16162109375,3740,0.005115327380952381,0.18603515625,2133,0.0029173778886554622,0.10986328125,155.46385541133444,4702.932383000036,53.241668701171875,0.033184271305799484,0.4690796136856079,0.0,21829,204800,0.0015067969809751957,152.33769355773927,-2.2078867149353028,0.010288668630291795,0.13248046875,25.16974672317505,4
733184,1000000,3117,0.004251320268854749,0.16943359375,4130,0.005632965258379888,0.1904296875,2357,0.0032147455481843575,0.109375,155.47226856883591,4715.85065779998,54.507911682128906,0.033248674124479294,0.4693678617477417,0.0,21929,204800,0.00087030504248105,158.5118295288086,-2.199341371059418,0.010484204818058061,0.1385546875,23.9463018989563,4
735232,1000000,3457,0.0047019172179665735,0.166015625,4499,0.00611915694637883,0.18017578125,2571,0.003496855414345404,0.1044921875,155.4787540096001,4728.826164599974,54.33925247192383,0.03254189342260361,0.4734994173049927,0.0,22013,204800,0.003950795678455116,154.68503770374116,-2.1905977584066845,0.01394467151656153,0.18082682291666666,26.352264710835048,4
737280,1000000,3790,0.005140516493055556,0.16259765625,4875,0.006612141927083333,0.18359375,2778,0.0037679036458333334,0.10107421875,155.49106922876985,4741.622806099942,53.65108108520508,0.03133963420987129,0.4750100374221802,0.0,22113,204800,0.0012390225077979268,150.8138469696045,-2.1764454102516173,0.011573178248181649,0.151619873046875,26.539301805496216,4
739328,1000000,4140,0.005599679709141274,0.1708984375,5263,0.007118626644736842,0.189453125,2997,0.004053681180747923,0.10693359375,155.5066739796192,4754.316847500042,54.949005126953125,0.03208393231034279,0.47144219279289246,0.0,22213,204800,0.0015526632440742106,157.9761474609375,-2.160217001438141,0.011039399716828484,0.145174560546875,25.75818292617798,4
741376,1000000,4485,0.006049561895718232,0.16845703125,5657,0.007630406163674033,0.1923828125,3206,0.004324391401933702,0.10205078125,155.52054816588264,4767.061386700021,54.49137878417969,0.03153684362769127,0.47140073776245117,0.0,22313,204800,0.0010692721162922682,155.75920791625978,-2.143331413269043,0.01081878540233447,0.143336181640625,28.179181737899782,4
743424,1000000,4821,0.006484859245867769,0.1640625,6025,0.008104392648071626,0.1796875,3427,0.004609751635674931,0.10791015625,155.5239441691644,4780.12568399997,54.01203536987305,0.03361935913562775,0.47310781478881836,0.0,22413,204800,0.0015822446253150701,151.22136795043946,-2.132404489517212,0.011993852851401244,0.155992431640625,28.725387697219848,4
745472,1000000,5213,0.006992885044642857,0.19140625,6459,0.00866430932348901,0.2119140625,3670,0.004923055460164835,0.11865234375,155.54356675809706,4792.68937659997,57.687644958496094,0.032330963760614395,0.4723493158817291,0.0,22513,204800,0.0020219135127263143,176.37783569335937,-2.1204670596122743,0.01091286793765903,0.14400390625,32.1489723110199,4
747520,1000000,5582,0.007467358732876712,0.18017578125,6860,0.00917701198630137,0.19580078125,3890,0.005203874143835617,0.107421875,155.56391581559626,4805.2274595999625,56.07014465332031,0.03314699977636337,0.4803558588027954,0.0,22613,204800,0.0019339949637651444,166.08887481689453,-2.107674131393433,0.011482792060014617,0.15086669921875,32.841696615219114,4
749568,1000000,5947,0.007933903261612021,0.17822265625,7242,0.00966156506147541,0.1865234375,4113,0.005487160604508197,0.10888671875,155.5664384127209,4818.314333399991,56.24618148803711,0.034413013607263565,0.4794633090496063,0.0,22713,204800,0.0028528666240163147,163.1814370727539,-2.090326762199402,0.013175913654613396,0.168702392578125,34.9029939365387,4
751616,1000000,6300,0.008381939713896457,0.17236328125,7603,0.010115537721389645,0.17626953125,4280,0.005694397138964578,0.08154296875,155.566963754491,4831.462810999947,55.46589660644531,0.04075296223163605,0.4837382435798645,0.0,22813,204800,0.002235896292841062,157.1838037109375,-2.0779737973213197,0.013254626498164725,0.1732275390625,28.88059889793396,4
753664,1000000,6642,0.00881294582201087,0.1669921875,7955,0.010555101477581522,0.171875,4465,0.005924390709918478,0.09033203125,155.57997460271636,4844.222413099953,54.729209899902344,0.04187771677970886,0.48360908031463623,0.0,22913,204800,0.0030311081476975233,152.34011489868163,-2.060574479103088,0.014774752922348852,0.192906494140625,29.86300389289856,4
755712,1000000,7030,0.00930248560298103,0.189453125,8357,0.011058445545392953,0.1962890625,4700,0.006219300474254743,0.11474609375,155.5863133317729,4857.188166599954,57.818359375,0.041488341987133026,0.48472267389297485,0.0,23013,204800,0.002374121834291145,172.0757014465332,-2.0485615611076353,0.012171638653380796,0.15888793945312502,31.980582876205446,4
757760,1000000,7444,0.009823690878378378,0.2021484375,8786,0.011594700168918918,0.20947265625,4938,0.006516575168918919,0.1162109375,155.59925132817227,4869.946311000036,59.59748840332031,0.040346406400203705,0.4772246479988098,0.0,23113,204800,0.002511424574768171,183.3935366821289,-2.039816324710846,0.012374791353468027,0.162320556640625,37.12757170677185,4
759808,1000000,7800,0.010265751347708895,0.173828125,9160,0.012055677223719677,0.1826171875,5164,0.006796453840970351,0.1103515625,155.6105340033843,4882.754274099949,55.669342041015625,0.037127383053302765,0.47175830602645874,0.0,23213,204800,0.0021598784299567343,157.43313568115235,-2.0311099886894226,0.012187330203669262,0.15616943359375,36.417964448928835,4
761856,1000000,8166,0.010718560987903226,0.1787109375,9543,0.012525989163306451,0.18701171875,5380,0.007061701948924731,0.10546875,155.61582477016793,4895.7488810999785,56.54551696777344,0.03809526935219765,0.4764513075351715,0.0,23313,204800,0.0026257305569015446,161.32382202148438,-2.0222216534614565,0.013298887933233345,0.17169921875,36.332034568786625,4
763904,1000000,8544,0.011184651474530832,0.1845703125,9933,0.013002942778150135,0.1904296875,5609,0.007342545660187667,0.11181640625,155.62230726958197,4908.705014099949,57.597740173339844,0.03660069778561592,0.4803994297981262,0.0,23413,204800,0.002018771646544337,166.02352554321288,-2.0108761191368103,0.012005018617073801,0.159923095703125,34.71527370452881,4
765952,1000000,8933,0.011662610711898396,0.18994140625,10330,0.013486484792780749,0.19384765625,5814,0.007590553977272727,0.10009765625,155.64631830961457,4921.10580140003,58.38576889038086,0.03612557426095009,0.48395901918411255,0.0,23452,204800,0.004487844148220924,170.19105725410657,-2.0056600754077616,0.012786915345620797,0.16387469951923075,44.711705330090645,2
768000,1000000,9327,0.01214453125,0.1923828125,10728,0.01396875,0.1943359375,6000,0.0078125,0.0908203125,155.65056218839143,4934.129303500056,58.9073600769043,0.04006350412964821,0.4975002110004425,0.0,23552,204800,0.0038290526764467358,170.99279174804687,-1.9928105330467225,0.014238457877909241,0.182838134765625,34.678980083465575,4
770048,1000000,9740,0.012648562167553192,0.20166015625,11152,0.014482214095744681,0.20703125,6174,0.00801768201462766,0.0849609375,155.24511868378602,4960.207486900035,59.93855285644531,0.03897235170006752,0.49823683500289917,0.0,23652,204800,0.002091748198727146,179.74538619995118,-1.9805838108062745,0.01193111988957753,0.159600830078125,38.610544261932375,4
772096,1000000,10140,0.013133081896551725,0.1953125,11557,0.014968345905172414,0.19775390625,6320,0.008185510610079575,0.0712890625,155.26083990794223,4972.895937300054,58.79465103149414,0.038056112825870514,0.5026082396507263,0.0,23738,204800,0.0038953194662733654,173.46100740654524,-1.9698781495870545,0.013296245325046733,0.17269968432049418,38.35474850410639,4
774144,1000000,10519,0.013587911292989419,0.18505859375,11950,0.015436404596560847,0.19189453125,6455,0.008338241980820105,0.06591796875,155.27266391526268,4985.70695240004,57.64394760131836,0.033393219113349915,0.4974888861179352,0.0,23838,204800,0.0024268947471864522,164.47705352783203,-1.9521990621089935,0.012507929360872368,0.161539306640625,39.97413059234619,4
776192,1000000,10977,0.014142119475593667,0.2236328125,12418,0.015998618898416885,0.228515625,6613,0.008519799224934036,0.0771484375,155.28906803080199,4998.368589899968,63.33702087402344,0.03412770479917526,0.5054329633712769,0.0,23938,204800,0.002750658371951431,196.56583969116213,-1.9406655359268188,0.012391969865147985,0.15948974609375,46.72692348480225,4
778240,1000000,11417,0.01467028166118421,0.21484375,12874,0.016542454769736842,0.22265625,6727,0.008643863075657895,0.0556640625,155.29204335802262,5011.460878300015,62.20561981201172,0.032733041793107986,0.5111212134361267,0.0,24038,204800,0.0020713121560402216,188.70407745361328,-1.929782441854477,0.012213678202024313,0.16192626953125,41.00844661712647,4
780288,1000000,11886,0.015232837106299213,0.22900390625,13353,0.017112912155511813,0.23388671875,6857,0.00878778092191601,0.0634765625,155.29641746724005,5024.507407999947,64.29988098144531,0.03380501642823219,0.5173978805541992,0.0,24138,204800,0.0013918338296934963,200.32166107177736,-1.9169785428047181,0.009847066768161312,0.127784423828125,50.4563134765625,4
782336,1000000,12334,0.01576560454842932,0.21875,13808,0.0176497054973822,0.22216796875,7004,0.008952675065445026,0.07177734375,155.3022530015705,5037.5057984000305,62.70176696777344,0.03505794331431389,0.5165375471115112,0.0,24238,204800,0.002793065948644653,191.23290634155273,-1.9007114744186402,0.01266674609396432,0.163447265625,40.271437339782715,4
784384,1000000,12815,0.016337661145561358,0.23486328125,14301,0.018232141400130547,0.24072265625,7178,0.009151130058746737,0.0849609375,155.31433997636537,5050.299927999964,64.95147705078125,0.034540191292762756,0.5109964609146118,0.0,24338,204800,0.003522984000155702,204.91584274291992,-1.8810769081115724,0.013402901478893909,0.17580322265625,41.82272332191467,4
786432,1000000,13310,0.016924540201822918,0.24169921875,14803,0.018822987874348957,0.2451171875,7372,0.009373982747395834,0.0947265625,155.32827376886462,5063.031867400045,65.70143127441406,0.0348767451941967,0.5083537101745605,0.0,24413,204800,0.004032689124966661,209.94664489746094,-1.8654897260665895,0.013095460428812659,0.16928059895833333,42.588839009602864,3
788480,1000000,13840,0.01755275974025974,0.2587890625,15340,0.01945515422077922,0.26220703125,7565,0.009594409496753246,0.09423828125,155.34188666725146,5075.772007899941,68.80634307861328,0.03442465513944626,0.5137373208999634,0.0,24504,204800,0.0047113341176984735,222.75275060632728,-1.8499832611817582,0.013496991724513374,0.17948896806318682,39.838584103427095,4
790528,1000000,14286,0.018071466159326425,0.2177734375,15792,0.01997652202072539,0.220703125,7748,0.009801044365284974,0.08935546875,155.34985073157722,5088.69494419999,62.488525390625,0.035742875188589096,0.49959737062454224,0.0,24604,204800,0.0030812878138385714,188.9648991394043,-1.8363240110874177,0.012858687658299459,0.168656005859375,43.63680295944214,4
792576,1000000,14735,0.01859127705103359,0.21923828125,16245,0.020496457122093022,0.22119140625,7988,0.010078528746770026,0.1171875,155.36617407164152,5101.342069700011,62.52198791503906,0.035670243203639984,0.490150511264801,0.0,24675,204800,0.003701466679225453,190.59953823895523,-1.8153734794804748,0.013590458955022,0.17975971060739437,44.56756261368872,3
794624,1000000,15196,0.019123509987113402,0.22509765625,16711,0.021030072084407218,0.2275390625,8206,0.010326896746134021,0.1064453125,155.37408720267035,5114.263351800037,63.14933776855469,0.03702685236930847,0.49492716789245605,0.0,24775,204800,0.002833337226184085,194.98920516967775,-1.7931847977638244,0.012335817804214458,0.16326416015625,47.39877811431885,4
796672,1000000,15646,0.019639199068123392,0.2197265625,17164,0.021544625642673523,0.22119140625,8423,0.01057273256748072,0.10595703125,155.3859291907573,5127.053679500008,62.73491287231445,0.036993224173784256,0.49136999249458313,0.0,24875,204800,0.0036806975724175575,189.09619033813476,-1.7733697021007537,0.013715754605691473,0.181187744140625,46.6034441947937,4
798720,1000000,16070,0.020119691506410256,0.20703125,17590,0.022022736378205128,0.2080078125,8629,0.010803535657051283,0.1005859375,155.40184534005192,5139.707306899945,61.02806091308594,0.041231799870729446,0.48599278926849365,0.0,24949,204800,0.003525572913900219,178.19163203883815,-1.7599197448910895,0.012633668743915593,0.16252342430320946,44.5279861914145,3
800768,1000000,16449,0.020541530131074168,0.18505859375,17971,0.022442205482736573,0.18603515625,8839,0.011038153372762148,0.1025390625,155.41840077843705,5152.33714920003,57.17977523803711,0.0423910990357399,0.47956305742263794,0.0,25042,204800,0.0020916913385673236,160.49024889546058,-1.7486132883256482,0.011704872710935732,0.15428506174395162,50.58540713402533,4
802816,1000000,16903,0.021054637675382654,0.2216796875,18429,0.022955446827168366,0.2236328125,9068,0.01129524075255102,0.11181640625,155.43308263730268,5165.026559200021,63.011688232421875,0.03729502856731415,0.48963576555252075,0.0,25142,204800,0.001780161107890308,190.05615539550783,-1.7386363136768341,0.011681311006977921,0.15539306640625,52.70438837051392,4
804864,1000000,17382,0.021596195133587785,0.23388671875,18914,0.02349962229643766,0.23681640625,9303,0.011558474475190839,0.11474609375,155.45242135237297,5177.558464500005,64.40419006347656,0.03861787170171738,0.49511682987213135,0.0,25242,204800,0.0012623758986592293,199.655059967041,-1.723766974210739,0.011260624429487507,0.1498828125,48.992195224761964,4
806912,1000000,17813,0.0220755175285533,0.21044921875,19355,0.023986506583121826,0.21533203125,9527,0.011806739768401015,0.109375,155.48333261356936,5189.70095660002,61.02597427368164,0.037499040365219116,0.4893983006477356,0.0,25267,204800,0.006634524576365948,180.07962280273438,-1.713196678161621,0.011542973167088348,0.14021484375,47.42500537872314,1
808960,1000000,18281,0.022598150712025318,0.228515625,19830,0.02451295490506329,0.23193359375,9670,0.011953619462025316,0.06982421875,155.49741095874492,5202.401731400052,64.76460266113281,0.03853326290845871,0.5116536617279053,0.0,25367,204800,0.003026173079852015,193.21602432250978,-1.7005899488925935,0.014025734638980793,0.18702392578125002,47.01060041427613,4
811008,1000000,18737,0.023103347932449496,0.22265625,20288,0.025015782828282828,0.2236328125,9794,0.012076329703282828,0.060546875,155.50633320110245,5215.27312300005,63.72035217285156,0.039637062698602676,0.5187996625900269,0.0,25467,204800,0.003724370418349281,188.047608795166,-1.6861499166488647,0.014129945597651386,0.185399169921875,42.68267324447632,4
813056,1000000,19155,0.023559262830604534,0.2041015625,20710,0.02547180022040302,0.2060546875,9942,0.012227940018891688,0.072265625,155.51613705666793,5228.113399600028,60.90882110595703,0.042809706181287766,0.5054346323013306,0.0,25567,204800,0.002863652602536604,172.8385124206543,-1.6636506378650666,0.014679427158152975,0.192890625,49.971810245513915,4
815104,1000000,19609,0.024057052842336682,0.2216796875,21169,0.025970919048366833,0.22412109375,10058,0.01233952967964824,0.056640625,155.53728469889427,5240.569819499971,63.400978088378906,0.0404198132455349,0.5229817628860474,0.0,25638,204800,0.004162869127598447,187.6265849798498,-1.6540038820723413,0.013683407543512787,0.17669247909330987,47.27797320191289,3
817152,1000000,20068,0.024558466478696743,0.22412109375,21629,0.02646875979010025,0.224609375,10173,0.012449336231203008,0.05615234375,155.5520176793199,5253.239476999966,63.78807067871094,0.044057946652173996,0.5208563804626465,0.0,25738,204800,0.0024050998222082853,189.59147552490234,-1.6385742115974427,0.012702578151220223,0.1691259765625,51.60761787414551,4
819200,1000000,20599,0.025145263671875,0.25927734375,22164,0.0270556640625,0.26123046875,10291,0.012562255859375,0.0576171875,155.5690215449027,5265.829866799992,69.29345703125,0.04289354011416435,0.5303370952606201,0.0,25816,204800,0.004285746509245095,217.13373683049127,-1.6337845722834268,0.014452352600388761,0.18598507612179488,54.620915730794266,4
821248,1000000,21011,0.02558423277743142,0.201171875,22577,0.02749108673628429,0.20166015625,10408,0.01267339463840399,0.05712890625,155.23323527931603,5290.4134769999655,60.22374725341797,0.05356118083000183,0.5218034982681274,0.0,25841,204800,0.007444544089958072,170.48686584472657,-1.6285383796691895,0.015408866559591844,0.18998046875,55.788309478759764,1
823296,1000000,21510,0.026126690764925374,0.24365234375,23077,0.028030015935945275,0.244140625,10526,0.012785195118159204,0.0576171875,155.2371984934845,5303.471126700053,66.60557556152344,0.04862923547625542,0.5236904621124268,0.0,25941,204800,0.0036798975756391883,203.89004058837892,-1.6171101224422455,0.014906947753934219,0.198677978515625,51.91203489303589,4
825344,1000000,22037,0.026700381901364763,0.25732421875,23604,0.02859898418114144,0.25732421875,10671,0.012929154388957816,0.07080078125,155.25754850674252,5315.966971899965,68.61286163330078,0.04870181530714035,0.5213066339492798,0.0,25970,204800,0.006176378184544115,212.52526381920123,-1.6100085028286637,0.011268838156583711,0.14853431438577586,49.53157720894649,2
827392,1000000,22539,0.027241017558787127,0.2451171875,24108,0.029137337561881187,0.24609375,10851,0.013114702583539604,0.087890625,155.25830029246117,5329.132152299979,65.88676452636719,0.051148898899555206,0.509670615196228,0.0,26070,204800,0.002571162901585922,204.98295959472657,-1.592438726425171,0.01257125759313567,0.168603515625,61.84828779220581,4
829440,1000000,23013,0.027745225694444445,0.2314453125,24584,0.029639274691358023,0.232421875,11017,0.01328245563271605,0.0810546875,155.267562827925,5342.004375500022,64.12237548828125,0.050375327467918396,0.5114437341690063,0.0,26161,204800,0.004150567049222006,192.88048545082847,-1.5832321604529582,0.014541196109428632,0.19161551339285715,51.72364652025831,4
831488,1000000,23520,0.028286637931034482,0.24755859375,25095,0.030180832435344827,0.24951171875,11170,0.0134337476908867,0.07470703125,155.27962198704083,5354.7786204,66.25251770019531,0.048920415341854095,0.5144957304000854,0.0,26261,204800,0.004786149798892438,206.20109634399415,-1.568826984167099,0.01502024661550422,0.19921630859375,54.29067960739136,4
833536,1000000,24088,0.02889857186732187,0.27734375,25666,0.030791711455773956,0.27880859375,11335,0.013598692797911548,0.08056640625,155.2980654646138,5367.33022080001,71.19192504882812,0.047542959451675415,0.5236978530883789,0.0,26361,204800,0.0040839113795664165,227.32540634155274,-1.5480190575122834,0.014237373079013196,0.186856689453125,62.43683629989624,4
835584,1000000,24595,0.0294345032935049,0.24755859375,26173,0.03132300283394608,0.24755859375,11479,0.013737697227328432,0.0703125,155.32640221398717,5379.536177300033,66.38948059082031,0.049178771674633026,0.525776207447052,0.0,26386,204800,0.005406506513245404,204.9412890625,-1.533990845680237,0.011337470709622722,0.1468408203125,59.83729988098145,1
837632,1000000,25169,0.030047801421149146,0.2802734375,26747,0.03193168360330073,0.2802734375,11599,0.01384736972799511,0.05859375,155.33653372662897,5392.369585599983,71.94821166992188,0.04752441495656967,0.5382129549980164,0.0,26483,204800,0.003573745130273254,228.0972732072024,-1.5200164600745918,0.01304841518473959,0.17008924975837628,66.727311596428,4
839680,1000000,25746,0.030661680640243903,0.28173828125,27326,0.03254334984756098,0.28271484375,11693,0.01392554306402439,0.0458984375,155.33797570775994,5405.503684299998,72.10777282714844,0.04757215827703476,0.545905590057373,0.0,26583,204800,0.004223072264576331,229.11532028198243,-1.5039066708087923,0.014241039620537776,0.188011474609375,60.95682956695557,4
841728,1000000,26303,0.031248811967761556,0.27197265625,27887,0.03313065503345499,0.27392578125,11799,0.014017592381386862,0.0517578125,155.3497201015004,5418.2781883999705,70.1876220703125,0.04584459587931633,0.54603111743927,0.0,26645,204800,0.004881216703178061,222.62427791472405,-1.4891963831840023,0.01391001709036514,0.18106177545362903,62.84695397653887,3
843776,1000000,26876,0.03185205552184466,0.27978515625,28461,0.033730516155946605,0.2802734375,11918,0.014124601790048544,0.05810546875,155.37021201527324,5430.744986800011,71.39065551757812,0.04575743526220322,0.5465323328971863,0.0,26745,204800,0.004181815360207111,227.94484771728517,-1.4667207825183868,0.013946296667691059,0.18870361328125002,55.82804698944092,4
845824,1000000,27457,0.032461836032082324,0.28369140625,29045,0.03433929517251816,0.28515625,12009,0.014197989179782083,0.04443359375,155.38579653854646,5443.380404399941,72.03923034667969,0.04464360699057579,0.5457594394683838,0.0,26845,204800,0.0023150182003155353,230.35067504882812,-1.4457930064201354,0.01170294195007955,0.1558203125,66.9392508506775,4
847872,1000000,28018,0.03304508227657005,0.27392578125,29608,0.03492036533816425,0.27490234375,12092,0.014261586654589372,0.04052734375,155.38617015125593,5456.547382400022,70.3857421875,0.044598184525966644,0.5512221455574036,0.0,26945,204800,0.005367831587791443,222.69867752075197,-1.4207903933525086,0.01577614232830456,0.204566650390625,59.105147495269776,4
849920,1000000,28583,0.033630224021084336,0.27587890625,30176,0.03550451807228916,0.27734375,12209,0.01436488140060241,0.05712890625,155.39637742746953,5469.368167200009,70.45718383789062,0.04395506903529167,0.5397849082946777,0.0,27045,204800,0.003240713510895148,224.4975341796875,-1.3938399136066437,0.013423870191854804,0.17984375,66.9445817565918,4
851968,1000000,29194,0.03426654522235577,0.29833984375,30791,0.03614102877103365,0.30029296875,12295,0.014431293194110576,0.0419921875,155.40661170567802,5482.186315299943,73.7054214477539,0.04210224002599716,0.5506893992424011,0.0,27145,204800,0.003907046342501417,240.7268898010254,-1.3707498919963836,0.014273040662828862,0.1876220703125,71.0398560333252,4
854016,1000000,29781,0.03487171200539568,0.28662109375,31382,0.03674638414268585,0.28857421875,12360,0.014472796762589928,0.03173828125,155.4167636409523,5495.005686599994,72.03636169433594,0.04017799720168114,0.5564871430397034,0.0,27245,204800,0.0024680921720573678,231.33052337646484,-1.3540147793293,0.012362527642544592,0.164361572265625,73.17352569580078,4
856064,1000000,30363,0.035468142568779906,0.2841796875,31975,0.037351179351076555,0.28955078125,12430,0.014519942434210526,0.0341796875,155.44422596253185,5507.210027899942,71.65420532226562,0.04280826449394226,0.5684051513671875,0.0,27257,204800,0.01014116661584315,225.30299377441406,-1.3463876446088154,0.009983605171479818,0.117706298828125,74.83486620585123,1
858112,1000000,30937,0.03605240341587112,0.2802734375,32556,0.0379391035202864,0.28369140625,12502,0.014569193764916468,0.03515625,155.45561863962203,5519.980606100056,70.46781921386719,0.04189976677298546,0.5608490705490112,0.0,27357,204800,0.004226010863203555,228.99791168212892,-1.330891206264496,0.015612708673870657,0.20532470703125,64.2543172454834,4
860160,1000000,31494,0.036614118303571426,0.27197265625,33124,0.03850911458333333,0.27734375,12572,0.014615885416666667,0.0341796875,155.47097072145394,5532.60840919998,69.40655517578125,0.04126141592860222,0.5660873055458069,0.0,27441,204800,0.003264278106923614,220.96266319638207,-1.3067318059149242,0.012142858931578562,0.1609642392113095,76.86404784520467,4
862208,1000000,31980,0.03709081799287411,0.2373046875,33616,0.03898827197149644,0.240234375,12633,0.014651916938836105,0.02978515625,155.48605939001837,5545.243112999946,64.04985046386719,0.04122864827513695,0.556357741355896,0.0,27541,204800,0.0025729872286319733,196.4645979309082,-1.2776886558532714,0.013453768256913464,0.17844848632812502,77.54458150863648,4
864256,1000000,32502,0.037606912766587675,0.2548828125,34147,0.03951028398992891,0.25927734375,12681,0.014672735856042654,0.0234375,155.4999110272487,5557.919578799978,66.832763671875,0.040896084159612656,0.5600392818450928,0.0,27641,204800,0.0035135799529962242,208.03711822509766,-1.2540349876880645,0.014509303942886617,0.191239013671875,78.07851238250733,4
866304,1000000,33059,0.03816096889775414,0.27197265625,34714,0.04007138371749409,0.27685546875,12743,0.014709616947399527,0.0302734375,155.51797541260493,5570.442887400044,70.00979614257812,0.04171735793352127,0.5601576566696167,0.0,27694,204800,0.004397906369599953,219.15664788012234,-1.2391852297872867,0.011558793035359451,0.14742869251179244,80.99264799873784,3
868352,1000000,33530,0.038613373378537735,0.22998046875,35190,0.0405250405365566,0.232421875,12821,0.01476474977889151,0.0380859375,155.52467466407597,5583.371268099989,62.9874267578125,0.03891030326485634,0.5510127544403076,0.0,27746,204800,0.006845591659209906,190.62332945603592,-1.2160883706349594,0.016973908093405043,0.21944016676682693,74.16370472541223,3
870400,1000000,34080,0.03915441176470588,0.2685546875,35741,0.041062729779411763,0.26904296875,12916,0.014839154411764706,0.04638671875,155.5242296526267,5596.555610300042,69.11624145507812,0.03902783244848251,0.5523730516433716,0.0,27846,204800,0.0021372643136419356,216.66054016113281,-1.1898843371868133,0.011598800271076471,0.1551904296875,94.25044872283935,4
872448,1000000,34651,0.03971698026701878,0.27880859375,36316,0.04162540346244131,0.28076171875,12968,0.014863923122065728,0.025390625,155.18701807868794,5621.913551799953,70.7387924194336,0.03771094232797623,0.5671823620796204,0.0,27946,204800,0.001364999496145174,223.33038513183595,-1.172792466878891,0.010715426514198044,0.14376953125,110.27812812805176,4
874496,1000000,35258,0.040318080357142856,0.29638671875,36927,0.04222660824063232,0.29833984375,13021,0.014889719335480094,0.02587890625,155.1988371614693,5634.6813931999495,73.5015869140625,0.03989553824067116,0.5637722015380859,0.0,28046,204800,0.001345308752497658,235.12876220703126,-1.1580931067466735,0.010415894037105317,0.13773193359375,109.25930114746095,4
876544,1000000,35817,0.04086161105432243,0.27294921875,37493,0.042773665668808414,0.2763671875,13075,0.014916535849883178,0.0263671875,155.20993106678327,5647.4736763000255,69.90571594238281,0.04086962714791298,0.5661131143569946,0.0,28146,204800,0.002055613106349483,219.31064697265626,-1.1435484611988067,0.011386962345259235,0.152628173828125,100.32025718688965,4
878592,1000000,36382,0.041409436917249416,0.27587890625,38066,0.043326140005827504,0.27978515625,13119,0.014931845498251748,0.021484375,155.2208345482881,5660.271074800054,70.15355682373047,0.04081549122929573,0.5826612710952759,0.0,28246,204800,0.0014862859202548861,220.9728890991211,-1.1263927340507507,0.01180087512198952,0.159547119140625,101.06375495910645,4
880640,1000000,36943,0.04195017260174418,0.27392578125,38641,0.043878315770348834,0.28076171875,13169,0.014953897165697675,0.0244140625,155.22545331484272,5673.296364699956,69.66942596435547,0.040332309901714325,0.5744740962982178,0.0,28346,204800,0.0031061002099886537,219.76882675170899,-1.1067311763763428,0.012704709453009855,0.16781982421875,111.53772583007813,4
882688,1000000,37540,0.042529183584686776,0.29150390625,39246,0.04446191632830626,0.29541015625,13208,0.014963384570765662,0.01904296875,155.23234833683665,5686.237497900031,72.70050811767578,0.04299549385905266,0.5831575989723206,0.0,28446,204800,0.0016615589102730154,231.63587158203126,-1.0846523118019105,0.011662738574650576,0.153896484375,107.7996633529663,4
884736,1000000,38113,0.04307838722511574,0.27978515625,39822,0.04501003689236111,0.28125,13246,0.014971697771990741,0.0185546875,155.23467355544585,5699.345254100044,70.86325073242188,0.04620968922972679,0.5902236700057983,0.0,28533,204800,0.0035054230816319756,222.99021823926904,-1.0667182015276504,0.013140793720783127,0.17386741199712644,101.67282992395862,4
886784,1000000,38679,0.04361716043591224,0.2763671875,40401,0.045559008732678985,0.28271484375,13311,0.015010419673787528,0.03173828125,155.24023670409622,5712.333469899953,70.12804412841797,0.04611457139253616,0.5618300437927246,0.0,28633,204800,0.003110837460262701,222.21048171997072,-1.054709165096283,0.01513266115971419,0.20012939453125,111.50733333587647,4
888832,1000000,39254,0.04416357646889401,0.28076171875,40984,0.04610995103686636,0.28466796875,13360,0.01503096198156682,0.02392578125,155.25117208429083,5725.122638799949,70.16828918457031,0.04642411693930626,0.5658736824989319,0.0,28733,204800,0.0020524975087028,227.66262100219728,-1.0414341747760774,0.013376057537316228,0.1820263671875,124.01747131347656,4
890880,1000000,39853,0.04473441989942529,0.29248046875,41598,0.04669315732758621,0.2998046875,13401,0.015042429956896551,0.02001953125,155.26953689207878,5737.635455299984,71.70713806152344,0.04556797817349434,0.5675265789031982,0.0,28817,204800,0.002665053002558471,236.79563831147692,-1.0298977976753598,0.014740654411276581,0.19607107979910712,103.04845128740583,4
892928,1000000,40414,0.04526008815940367,0.27392578125,42177,0.04723449147075688,0.28271484375,13440,0.015051605504587156,0.01904296875,155.28770877784387,5750.152455899981,68.9194564819336,0.048761069774627686,0.573112428188324,0.0,28917,204800,0.00021137820556759834,222.31972167968752,-1.0154242038726806,0.011143767931007461,0.151353759765625,148.067960357666,4
894976,1000000,41039,0.045854860912471394,0.30517578125,42815,0.047839271667620135,0.3115234375,13466,0.015046213529748284,0.0126953125,155.29374086108783,5763.117013199953,73.56619262695312,0.0487271212041378,0.584680438041687,0.0,29017,204800,0.0007465300790499896,245.2954069519043,-1.0080961406230926,0.011065716073990189,0.15046875,145.49359695434572,4
897024,1000000,41702,0.04648928010844749,0.32373046875,43495,0.04848811180079909,0.33203125,13485,0.015033042594178082,0.00927734375,155.3098997069282,5775.703942200053,75.91095733642578,0.0513332225382328,0.5953347086906433,0.0,29046,204800,0.006160191918626942,261.79206164129846,-0.9994830509711956,0.013205470139492435,0.16192416487068964,152.00533478835533,2
899072,1000000,42337,0.04708966578872437,0.31005859375,44153,0.049109526267084286,0.3212890625,13524,0.015042176822323462,0.01904296875,155.31439229441202,5788.723032800015,73.3603744506836,0.04884372651576996,0.5846601128578186,0.0,29146,204800,-0.00011499177897349,253.36118255615236,-0.9903233122825623,0.009713483253362938,0.13032470703125001,182.63105476379394,4
901120,1000000,43030,0.04775168678977273,0.33837890625,44878,0.04980246803977273,0.35400390625,13553,0.015040172230113636,0.01416015625,155.33103814303178,5801.287435999955,77.70632934570312,0.04809108376502991,0.5899999141693115,0.0,29246,204800,-0.0007018729858100414,276.7147250366211,-0.9888857614994049,0.009680931597031303,0.129970703125,198.25933197021484,4
903168,1000000,43724,0.048411812641723354,0.3388671875,45597,0.05048562393707483,0.35107421875,13570,0.015024890164399092,0.00830078125,155.3514408389436,5813.708550899988,77.488525390625,0.04934070259332657,0.6059571504592896,0.0,29346,204800,0.0004456182837020606,279.00483978271484,-0.9878180825710297,0.010963651417278016,0.147857666015625,177.1177297973633,4
905216,1000000,44463,0.049118663390837106,0.36083984375,46377,0.051233075862556564,0.380859375,13585,0.015007467830882353,0.00732421875,155.36462378691644,5826.397142000031,80.48924255371094,0.048093974590301514,0.6035376191139221,0.0,29446,204800,-0.0013350713963154704,300.22815704345703,-0.9880242764949799,0.008477989929087926,0.1120703125,215.75140396118164,4
907264,1000000,45250,0.04987522926072235,0.38427734375,47220,0.05204659283295711,0.41162109375,13611,0.015002248518623024,0.0126953125,155.3670695203378,5839.487111399998,84.0272216796875,0.045883435755968094,0.5985937118530273,0.0,29546,204800,-0.0016980284079909326,313.8179138183594,-0.9891001951694489,0.007209095748221444,0.092022705078125,253.69113174438476,4
909312,1000000,46086,0.05068227407094594,0.408203125,48127,0.052926828195382886,0.44287109375,13622,0.014980556728603604,0.00537109375,155.37756835743787,5852.273334000027,87.70310974121094,0.0455799400806427,0.6084207892417908,0.0,29646,204800,-0.00032252918696030976,333.0734973144531,-0.9868006622791291,0.009471196580925607,0.12798583984375,221.34730361938477,4
911360,1000000,46866,0.05142424508426966,0.380859375,48945,0.053705451193820225,0.3994140625,13631,0.01495676790730337,0.00439453125,155.3833034859039,5865.237638500053,83.32491302490234,0.04721648618578911,0.6072731018066406,0.0,29746,204800,-0.0004689834360033274,313.523196105957,-0.981320607662201,0.010145167932860204,0.1376416015625,233.7480995941162,4
913408,1000000,47627,0.05214208765414798,0.37158203125,49749,0.05446525539517937,0.392578125,13644,0.014937464966367713,0.00634765625,155.39172369106734,5878.099414200056,82.16453552246094,0.04682799056172371,0.6037923097610474,0.0,29846,204800,-0.0012764156353659928,304.30505798339846,-0.9753984570503235,0.008515935930117848,0.113204345703125,261.88904190063477,4
915456,1000000,48424,0.052896043064876955,0.38916015625,50602,0.055275185262863534,0.41650390625,13653,0.014913878984899329,0.00439453125,155.40131594550485,5890.91536600003,84.38154602050781,0.04566706717014313,0.6121905446052551,0.0,29946,204800,-0.000902710648952052,318.05032714843753,-0.9705798447132111,0.008902796452530311,0.1193017578125,249.03448699951173,4
917504,1000000,49290,0.053721836635044644,0.4228515625,51534,0.0561676025390625,0.455078125,13660,0.014888218470982142,0.00341796875,155.41352688903214,5903.630258999998,89.04808044433594,0.045032236725091934,0.6205441355705261,0.0,30046,204800,-0.0004901137913111597,348.9282650756836,-0.969011687040329,0.008864980711368844,0.11832275390625001,286.3660285949707,4
919552,1000000,50182,0.05457222647550111,0.435546875,52506,0.05709954412583519,0.474609375,13665,0.014860497285634744,0.00244140625,155.4236302470223,5916.423381299945,90.8868408203125,0.043036311864852905,0.6202481389045715,0.0,30146,204800,-0.000757224268745631,357.7503341674805,-0.9659707021713257,0.008130599699179585,0.10726806640625,293.3427478027344,4
921600,1000000,51056,0.055399305555555556,0.4267578125,53460,0.0580078125,0.4658203125,13669,0.01483181423611111,0.001953125,155.43867616783666,5929.026306199958,89.30335998535156,0.04338110610842705,0.6228955388069153,0.0,30246,204800,0.000827169589465484,355.41113433837893,-0.9592263054847717,0.010501146160904681,0.139803466796875,281.044274520874,4
923648,1000000,51956,0.0562508661308204,0.439453125,54430,0.058929375692904656,0.4736328125,13674,0.01480434104767184,0.00244140625,155.12848418711093,5954.083834700054,91.47714233398438,0.04293344169855118,0.6252234578132629,0.0,30346,204800,-0.0009779393998906017,364.8396640014648,-0.9507631528377534,0.008825869323009102,0.11884033203125,302.7624684143066,4
925696,1000000,52895,0.05714078920077434,0.45849609375,55429,0.05987818895188053,0.48779296875,13678,0.014775909153761061,0.001953125,155.13977378735268,5966.8515520000365,94.71583557128906,0.043711625039577484,0.6280842423439026,0.0,30446,204800,-0.0004856339655816555,379.1830926513672,-0.9466869044303894,0.00934237233355816,0.123746337890625,302.61331802368164,4
927744,1000000,53850,0.05804402938741722,0.46630859375,56482,0.060881018901766004,0.51416015625,13680,0.01474544701986755,0.0009765625,155.1523162191445,5979.569126700051,95.29671478271484,0.042147502303123474,0.6326706409454346,0.0,30546,204800,0.0010529778571799397,384.88077636718754,-0.9443800044059754,0.01052059106517845,0.136739501953125,328.4623648834229,4
929792,1000000,54792,0.058929308920704845,0.4599609375,57520,0.06186329845814978,0.5068359375,13683,0.01471619458975771,0.00146484375,155.16478751473494,5992.287392599974,94.10760498046875,0.0429450087249279,0.6371509432792664,0.0,30646,204800,-0.0009513472532853485,381.39541595458985,-0.9444994783401489,0.008493581886723405,0.112904052734375,339.4760711669922,4
931840,1000000,55766,0.059845037774725274,0.4755859375,58598,0.06288418612637363,0.5263671875,13685,0.014685997596153846,0.0009765625,155.17683538106402,6005.020000000019,96.2691650390625,0.04212995991110802,0.639907956123352,0.0,30746,204800,-0.0010314029292203485,395.42787200927734,-0.9457605862617493,0.00881546220333803,0.1181005859375,339.23138298034667,4
933888,1000000,56761,0.06077923691063596,0.48583984375,59711,0.0639380739446272,0.54345703125,13685,0.014653791461074562,0.0,155.18500339306436,6017.901083100005,97.84793090820312,0.041035495698451996,0.6434966325759888,0.0,30846,204800,-0.0007385489228181541,402.9542077636719,-0.942576698064804,0.008165496699421055,0.1071630859375,373.6330676269531,4
935936,1000000,57826,0.06178413908643326,0.52001953125,60884,0.06505145650984683,0.57275390625,13685,0.014621726271881838,0.0,155.196394687173,6030.65555669996,102.68141174316406,0.04074142500758171,0.6577258110046387,0.0,30946,204800,-0.0006013276008889079,430.75773742675784,-0.9419015657901764,0.008265681699722336,0.10782592773437501,393.8825758361817,4
937984,1000000,58925,0.06282090099617904,0.53662109375,62097,0.06620262179312227,0.59228515625,13685,0.014589801105349345,0.0,155.20040679666883,6043.695499000023,105.05732727050781,0.040035929530858994,0.6586366891860962,0.0,31046,204800,-0.001159525252878666,442.06542022705077,-0.9452374172210694,0.007835264069435653,0.102261962890625,416.99019454956056,4
940032,1000000,60037,0.0638669747412854,0.54296875,63316,0.06735515386710239,0.59521484375,13685,0.014558015046296295,0.0,155.20640824955635,6056.6571354999905,106.23680877685547,0.040556423366069794,0.6618170738220215,0.0,31146,204800,-2.855722326785326e-05,448.65768951416015,-0.9463402450084687,0.00893681039358853,0.11580810546875,425.81908096313475,4
942080,1000000,61135,0.06489363960597826,0.5361328125,64539,0.06850692085597826,0.59716796875,13685,0.0145263671875,0.0,155.2152188004295,6069.507921200013,105.09188079833984,0.03996466100215912,0.6583184599876404,0.0,31246,204800,-0.00022337465779855847,443.3425051879883,-0.9449478614330292,0.008688424874908379,0.1149560546875,421.80350448608397,4
944128,1000000,62301,0.06598787452548807,0.5693359375,65855,0.06975219461767895,0.642578125,13685,0.014494856629609544,0.0,155.22583650503654,6082.286436700029,109.88982391357422,0.038463834673166275,0.6603645086288452,0.0,31346,204800,-0.0009277972445124761,470.5501370239258,-0.9442932319641113,0.008108857903280295,0.10712646484375,442.9373260498047,4
946176,1000000,63422,0.06702981263528139,0.54736328125,67166,0.0709867931547619,0.64013671875,13685,0.014463482481060606,0.0,155.23521197346795,6095.1119786000345,105.65872955322266,0.03916870802640915,0.6584086418151855,0.0,31446,204800,-0.00042907732771709563,454.78629638671873,-0.9408417975902558,0.008529689985407459,0.112994384765625,481.14955795288085,4
948224,1000000,64523,0.06804615786987041,0.53759765625,68452,0.07218969357451403,0.6279296875,13685,0.014432243857991361,0.0,155.24428431561847,6107.94789760001,103.6509017944336,0.038610465824604034,0.6580840349197388,0.0,31546,204800,-0.00028180667315609755,449.37450286865237,-0.9393515074253083,0.008903166911295557,0.11902099609375,456.2023066711426,4
950272,1000000,65628,0.06906233162715517,0.53955078125,69747,0.07339688005118535,0.63232421875,13685,0.014401139884159482,0.0,155.24727387170785,6121.022136499989,104.06626892089844,0.03786327317357063,0.6610762476921082,0.0,31646,204800,-7.793223368935287e-05,448.81697235107424,-0.9357095289230347,0.008984065705117245,0.119534912109375,464.01970703125,4
952320,1000000,66843,0.07018964213709677,0.59326171875,71133,0.07469443044354838,0.6767578125,13685,0.014370169690860215,0.0,155.25401673180775,6133.947578600026,112.78070068359375,0.03768174722790718,0.6637674570083618,0.0,31746,204800,-0.0007586263259872795,489.4164770507813,-0.9288210940361024,0.008431646451172128,0.1115380859375,504.4659652709961,4
954368,1000000,68008,0.07125972371244635,0.56884765625,72480,0.07594554721030043,0.65771484375,13685,0.014339332416845494,0.0,155.25591268558205,6147.063796099974,109.16312408447266,0.037898603826761246,0.6599862575531006,0.0,31846,204800,0.0016651628189720215,471.09703369140624,-0.9204236292839051,0.010755168357536605,0.143043212890625,492.204479675293,4
956416,1000000,69231,0.07238586556477516,0.59716796875,73901,0.07726867806477516,0.69384765625,13686,0.014309672778372591,0.00048828125,155.25949838702616,6160.112649700022,113.3505859375,0.036031365394592285,0.6639414429664612,0.0,31946,204800,-0.0010947633697651327,491.40746215820315,-0.9186747646331788,0.007573681479425431,0.098231201171875,532.4471490478516,4
958464,1000000,70473,0.07352701822916667,0.6064453125,75321,0.07858511117788461,0.693359375,13686,0.01427909655448718,0.0,155.26492639827674,6173.08765240002,115.13863372802734,0.03670152649283409,0.6698414087295532,0.0,32046,204800,-0.0009812265692744405,499.98743927001954,-0.920478583574295,0.007663491012735904,0.09990600585937501,579.8955645751953,4
960512,1000000,71724,0.07467267457356076,0.61083984375,76755,0.07991050606343283,0.7001953125,13686,0.014248650719616205,0.0,155.2828787455358,6185.562811300042,115.34564971923828,0.03603372722864151,0.6685603857040405,0.0,32146,204800,-0.0011983656138181687,499.3719787597656,-0.9220328283309936,0.007535915742882935,0.09698974609375,573.253196105957,4
962560,1000000,73013,0.07585293384308511,0.62939453125,78228,0.08127077792553192,0.71923828125,13687,0.014219373337765958,0.00048828125,155.29486000445868,6198.273400499951,118.58201599121094,0.03709947317838669,0.67655348777771,0.0,32246,204800,0.0003125039977021515,513.5284301757813,-0.9203426909446717,0.008810547220855369,0.115634765625,533.3620083618164,4
964608,1000000,74321,0.07704787851645435,0.638671875,79720,0.08264497080679406,0.728515625,13687,0.014189183585456476,0.0,155.30184225400913,6211.181953800027,119.67316436767578,0.035288870334625244,0.6794682741165161,0.0,32346,204800,0.0008230817271396518,522.0529791259765,-0.9151119732856751,0.009161920140086295,0.11974243164062501,577.8847538757325,4
966656,1000000,75621,0.0782294839115466,0.634765625,81216,0.08401747881355932,0.73046875,13687,0.014159121755826272,0.0,155.30880524582565,6224.0901182000525,119.09883117675781,0.03567563742399216,0.6777704954147339,0.0,32446,204800,0.0007574944244697691,521.6882162475586,-0.9084827899932861,0.009240717470820527,0.1223486328125,632.7942500305176,4
968704,1000000,76965,0.07945151460095137,0.65625,82745,0.08541824953752643,0.74658203125,13687,0.014129187037526428,0.0,155.31667997270128,6236.960513000027,122.32054138183594,0.03583337739109993,0.6829628944396973,0.0,32546,204800,-0.0011817417782731354,537.2270080566407,-0.9040682899951935,0.006815656131348078,0.084794921875,656.8639196777344,4
970752,1000000,78283,0.08064160568301688,0.6435546875,84222,0.08675954311708861,0.72119140625,13687,0.014099378626054853,0.0,155.32381518347074,6249.859358999995,120.75350952148438,0.03742604702711105,0.687031626701355,0.0,32646,204800,-0.0007999859715346247,526.3669497680664,-0.9044258129596711,0.007477120613493753,0.0961865234375,648.0763427734375,4
972800,1000000,79692,0.0819202302631579,0.68798828125,85793,0.08819181743421052,0.76708984375,13687,0.01406969572368421,0.0,155.33822177176245,6262.463860500022,127.99081420898438,0.0357789508998394,0.6868684887886047,0.0,32746,204800,-5.432607140392065e-06,556.509945678711,-0.9059279906749725,0.008055907214966282,0.10609130859375,688.9984872436523,4
974848,1000000,81065,0.08315655363707983,0.67041015625,87330,0.08958319655987394,0.75048828125,13688,0.014041163340336135,0.00048828125,155.05123974263032,6287.263498299988,124.99118041992188,0.036090973764657974,0.683086633682251,0.0,32846,204800,-0.00024196697515435517,542.7638638305664,-0.9116603136062622,0.008640959160784405,0.114140625,660.2157891845703,4
976896,1000000,82408,0.08435698375262055,0.65576171875,88836,0.09093700864779874,0.7353515625,13689,0.014012750589622642,0.00048828125,155.06381590981448,6299.961046800017,122.9959487915039,0.036219365894794464,0.6893086433410645,0.0,32946,204800,0.0002898521209135652,533.1661660766601,-0.9124071300029755,0.009167495618057728,0.121417236328125,672.7534103393555,4
978944,1000000,83806,0.08560857413702928,0.6826171875,90364,0.09230762944560669,0.74609375,13689,0.013983435211820083,0.0,155.08070328597142,6312.481045400025,127.19602966308594,0.0363384410738945,0.6888254880905151,0.0,33046,204800,0.0004711104952730239,550.3520922851562,-0.9099536180496216,0.009081310524834407,0.119549560546875,687.1412609863281,4
980992,1000000,85205,0.0868559580506263,0.68310546875,91919,0.09370005056106472,0.75927734375,13689,0.013954242236430063,0.0,155.0875693123867,6325.4070222999435,126.64555358886719,0.03618309646844864,0.6994061470031738,0.0,33146,204800,7.500045350752771e-05,551.7204931640625,-0.9070250940322876,0.007934026629973232,0.102969970703125,721.0508966064453,4
983040,1000000,86611,0.08810526529947917,0.6865234375,93497,0.09511006673177083,0.7705078125,13689,0.0139251708984375,0.0,155.08712468829705,6338.630637299968,127.26651763916016,0.03544078394770622,0.6937772035598755,0.0,33246,204800,0.0007721556525211781,553.2271725463868,-0.9040954947471619,0.008514787268723012,0.109173583984375,760.6977754211426,4
985088,1000000,88070,0.08940318022349272,0.71240234375,95093,0.09653249252858628,0.779296875,13689,0.01389622043918919,0.0,155.08580281859517,6351.890257499996,131.29212951660156,0.035532429814338684,0.6933850646018982,0.0,33346,204800,0.00033124387497082355,575.4892761230469,-0.9048335909843445,0.008907574807763012,0.11412841796875,776.7289633178711,4
987136,1000000,89524,0.09069064445020747,0.7099609375,96721,0.09798143315612033,0.794921875,13689,0.013867390106327801,0.0,155.09219182017515,6364.833641299978,130.56423950195312,0.03492455929517746,0.704967737197876,0.0,33446,204800,0.0003753324592253193,573.7316748046875,-0.9029130029678345,0.008811039815973346,0.115045166015625,798.7587451171876,4
989184,1000000,91004,0.09199906185300206,0.72265625,98346,0.09942134122670808,0.79345703125,13689,0.013838679153726708,0.0,155.10777566136105,6377.397882099962,132.74459838867188,0.03434663265943527,0.7035928964614868,0.0,33546,204800,-0.00012598870787769556,576.4908203125,-0.9029512870311738,0.00820393918749687,0.10675537109375,742.8996395874024,4
991232,1000000,92459,0.09327685143336777,0.71044921875,99950,0.1008341135072314,0.783203125,13689,0.01381008684142562,0.0,155.12071975769493,6390.068338699988,130.92453002929688,0.03499744459986687,0.7098269462585449,0.0,33646,204800,-0.00042144929931964726,568.132357788086,-0.9083408701419831,0.008283455266355304,0.109263916015625,814.9889901733399,4
993280,1000000,93960,0.09459568298969072,0.73291015625,101595,0.10228233730670103,0.80322265625,13689,0.01378161243556701,0.0,155.12994548116828,6402.890150699997,134.40968322753906,0.0348375104367733,0.7156941890716553,0.0,33746,204800,-5.032331682741642e-06,587.4964343261719,-0.9098253297805786,0.008227952302586345,0.1078466796875,831.272885131836,4
995328,1000000,95411,0.09585885255915638,0.70849609375,103206,0.10369044174382716,0.78662109375,13689,0.013753255208333334,0.0,155.13852192546923,6415.7372884999495,130.02786254882812,0.035071827471256256,0.7117376327514648,0.0,33846,204800,-0.0004257910011801869,567.6163293457031,-0.909989756345749,0.007561192247694635,0.097750244140625,823.6235510253906,4
997376,1000000,96925,0.09718000032084188,0.7392578125,104876,0.10515191863449692,0.8154296875,13689,0.01372501443788501,0.0,155.145410494325,6428.652944499976,135.51429748535156,0.033791832625865936,0.7088954448699951,0.0,33946,204800,-0.00019380158511921763,589.8704193115235,-0.9131277298927307,0.007580669308517827,0.096051025390625,886.349303894043,4
999424,1000000,98506,0.09856277215676229,0.77197265625,106588,0.10664943007172131,0.8359375,13689,0.01369688940829918,0.0,155.15110012184098,6441.617231299984,140.721435546875,0.033506978303194046,0.7007679343223572,0.0,34046,204800,-0.00019123656442388893,610.4140124511719,-0.9123750913143158,0.007467739759249525,0.09505126953125,917.9615789794922,4
1001472,1000000,100051,0.09990394139826175,0.75439453125,108316,0.108156793200409,0.84375,13689,0.013668879409509203,0.0,155.1549615612646,6454.656621500035,137.6769561767578,0.03317474573850632,0.7017906308174133,0.0,34146,204800,-0.0008563498267903924,599.9002435302734,-0.9152313268184662,0.006835356387182401,0.0848583984375,1022.0405068969727,4
