[W909 12:40:48.000000000 Context.cpp:448] Warning: torch.backends.cuda.preferred_linalg_library is an experimental feature. If you see any error or unexpected behavior when this flag is set please file an issue on GitHub. (function operator ())
{"stage": "MPPI lookahead optimization", "iteration": 1, "window_iteration": 1, "command_step": 0, "maneuver_time_s": 0.0, "lookahead_s": 0.4}
{"stage": "MPPI lookahead optimization", "iteration": 2, "window_iteration": 2, "command_step": 0, "maneuver_time_s": 0.0, "lookahead_s": 0.4}
{"stage": "MPPI lookahead optimization", "iteration": 3, "window_iteration": 3, "command_step": 0, "maneuver_time_s": 0.0, "lookahead_s": 0.4}
{"stage": "MPPI lookahead optimization", "iteration": 4, "window_iteration": 4, "command_step": 0, "maneuver_time_s": 0.0, "lookahead_s": 0.4}
{"stage": "MPPI lookahead optimization", "iteration": 5, "window_iteration": 5, "command_step": 0, "maneuver_time_s": 0.0, "lookahead_s": 0.4}
{"stage": "MPPI lookahead optimization", "iteration": 6, "window_iteration": 6, "command_step": 0, "maneuver_time_s": 0.0, "lookahead_s": 0.4}
{"stage": "MPPI lookahead optimization", "iteration": 7, "window_iteration": 7, "command_step": 0, "maneuver_time_s": 0.0, "lookahead_s": 0.4}
{"stage": "MPPI lookahead optimization", "iteration": 8, "window_iteration": 8, "command_step": 0, "maneuver_time_s": 0.0, "lookahead_s": 0.4}
{"stage": "MPPI lookahead optimization", "iteration": 9, "window_iteration": 9, "command_step": 0, "maneuver_time_s": 0.0, "lookahead_s": 0.4}
{"stage": "MPPI lookahead optimization", "iteration": 10, "window_iteration": 10, "command_step": 0, "maneuver_time_s": 0.0, "lookahead_s": 0.4}
{"stage": "MPPI lookahead optimization", "iteration": 11, "window_iteration": 11, "command_step": 0, "maneuver_time_s": 0.0, "lookahead_s": 0.4}
{"stage": "MPPI lookahead optimization", "iteration": 12, "window_iteration": 12, "command_step": 0, "maneuver_time_s": 0.0, "lookahead_s": 0.4}
{"stage": "MPPI lookahead optimization", "iteration": 13, "window_iteration": 13, "command_step": 0, "maneuver_time_s": 0.0, "lookahead_s": 0.4}
{"stage": "Committing next 30 Hz command", "iteration": 13, "command_step": 0}
{"stage": "MPPI command committed", "iteration": 13, "command_step": 1, "time_s": 0.03333333333333333, "iterations": 13, "stop_reason": "reward_plateau", "actual_reward": -0.3313915393667657, "actual_success": false, "actual_failed": false, "actual_minimum_tip_distance_m": 1.3090152012878358, "lookahead_score": -100.58838256482963, "predicted_hit": false, "predicted_failed": false, "predicted_distance_m": 1.1149669613491764}
{"stage": "MPPI lookahead optimization", "iteration": 14, "window_iteration": 1, "command_step": 1, "maneuver_time_s": 0.03333333333333333, "lookahead_s": 0.4}
{"stage": "MPPI lookahead optimization", "iteration": 15, "window_iteration": 2, "command_step": 1, "maneuver_time_s": 0.03333333333333333, "lookahead_s": 0.4}
{"stage": "MPPI lookahead optimization", "iteration": 16, "window_iteration": 3, "command_step": 1, "maneuver_time_s": 0.03333333333333333, "lookahead_s": 0.4}
{"stage": "MPPI lookahead optimization", "iteration": 17, "window_iteration": 4, "command_step": 1, "maneuver_time_s": 0.03333333333333333, "lookahead_s": 0.4}
{"stage": "Committing next 30 Hz command", "iteration": 17, "command_step": 1}
{"stage": "MPPI command committed", "iteration": 17, "command_step": 2, "time_s": 0.06666666666666667, "iterations": 4, "stop_reason": "reward_plateau", "actual_reward": -0.6587134644110954, "actual_success": false, "actual_failed": false, "actual_minimum_tip_distance_m": 1.3088749092753398, "lookahead_score": -93.39836505219647, "predicted_hit": false, "predicted_failed": false, "predicted_distance_m": 1.0935701054269438}
{"stage": "MPPI lookahead optimization", "iteration": 18, "window_iteration": 1, "command_step": 2, "maneuver_time_s": 0.06666666666666667, "lookahead_s": 0.4}
{"stage": "MPPI lookahead optimization", "iteration": 19, "window_iteration": 2, "command_step": 2, "maneuver_time_s": 0.06666666666666667, "lookahead_s": 0.4}
{"stage": "MPPI lookahead optimization", "iteration": 20, "window_iteration": 3, "command_step": 2, "maneuver_time_s": 0.06666666666666667, "lookahead_s": 0.4}
{"stage": "MPPI lookahead optimization", "iteration": 21, "window_iteration": 4, "command_step": 2, "maneuver_time_s": 0.06666666666666667, "lookahead_s": 0.4}
{"stage": "Committing next 30 Hz command", "iteration": 21, "command_step": 2}
{"stage": "MPPI command committed", "iteration": 21, "command_step": 3, "time_s": 0.1, "iterations": 4, "stop_reason": "reward_plateau", "actual_reward": -0.9442695703873838, "actual_success": false, "actual_failed": false, "actual_minimum_tip_distance_m": 1.3078215979039762, "lookahead_score": -86.78100309843589, "predicted_hit": false, "predicted_failed": false, "predicted_distance_m": 1.0737041707472994}
{"stage": "MPPI lookahead optimization", "iteration": 22, "window_iteration": 1, "command_step": 3, "maneuver_time_s": 0.1, "lookahead_s": 0.4}
{"stage": "MPPI lookahead optimization", "iteration": 23, "window_iteration": 2, "command_step": 3, "maneuver_time_s": 0.1, "lookahead_s": 0.4}
{"stage": "MPPI lookahead optimization", "iteration": 24, "window_iteration": 3, "command_step": 3, "maneuver_time_s": 0.1, "lookahead_s": 0.4}
{"stage": "MPPI lookahead optimization", "iteration": 25, "window_iteration": 4, "command_step": 3, "maneuver_time_s": 0.1, "lookahead_s": 0.4}
{"stage": "Committing next 30 Hz command", "iteration": 25, "command_step": 3}
{"stage": "MPPI command committed", "iteration": 25, "command_step": 4, "time_s": 0.13333333333333333, "iterations": 4, "stop_reason": "reward_plateau", "actual_reward": -1.0744283295684476, "actual_success": false, "actual_failed": false, "actual_minimum_tip_distance_m": 1.3033826920944063, "lookahead_score": -80.6970811013948, "predicted_hit": false, "predicted_failed": false, "predicted_distance_m": 1.060564762106611}
{"stage": "MPPI lookahead optimization", "iteration": 26, "window_iteration": 1, "command_step": 4, "maneuver_time_s": 0.13333333333333333, "lookahead_s": 0.4}
{"stage": "MPPI lookahead optimization", "iteration": 27, "window_iteration": 2, "command_step": 4, "maneuver_time_s": 0.13333333333333333, "lookahead_s": 0.4}
{"stage": "MPPI lookahead optimization", "iteration": 28, "window_iteration": 3, "command_step": 4, "maneuver_time_s": 0.13333333333333333, "lookahead_s": 0.4}
{"stage": "MPPI lookahead optimization", "iteration": 29, "window_iteration": 4, "command_step": 4, "maneuver_time_s": 0.13333333333333333, "lookahead_s": 0.4}
{"stage": "Committing next 30 Hz command", "iteration": 29, "command_step": 4}
{"stage": "MPPI command committed", "iteration": 29, "command_step": 5, "time_s": 0.16666666666666666, "iterations": 4, "stop_reason": "reward_plateau", "actual_reward": -0.9468492871029824, "actual_success": false, "actual_failed": false, "actual_minimum_tip_distance_m": 1.293318463728979, "lookahead_score": -75.09261983211393, "predicted_hit": false, "predicted_failed": false, "predicted_distance_m": 1.0438996248263197}
{"stage": "MPPI lookahead optimization", "iteration": 30, "window_iteration": 1, "command_step": 5, "maneuver_time_s": 0.16666666666666666, "lookahead_s": 0.4}
{"stage": "MPPI lookahead optimization", "iteration": 31, "window_iteration": 2, "command_step": 5, "maneuver_time_s": 0.16666666666666666, "lookahead_s": 0.4}
{"stage": "MPPI lookahead optimization", "iteration": 32, "window_iteration": 3, "command_step": 5, "maneuver_time_s": 0.16666666666666666, "lookahead_s": 0.4}
{"stage": "MPPI lookahead optimization", "iteration": 33, "window_iteration": 4, "command_step": 5, "maneuver_time_s": 0.16666666666666666, "lookahead_s": 0.4}
{"stage": "Committing next 30 Hz command", "iteration": 33, "command_step": 5}
{"stage": "MPPI command committed", "iteration": 33, "command_step": 6, "time_s": 0.2, "iterations": 4, "stop_reason": "reward_plateau", "actual_reward": -0.48628413430967293, "actual_success": false, "actual_failed": false, "actual_minimum_tip_distance_m": 1.275981619425214, "lookahead_score": -70.37845246626071, "predicted_hit": false, "predicted_failed": false, "predicted_distance_m": 1.0291150743749315}
{"stage": "MPPI lookahead optimization", "iteration": 34, "window_iteration": 1, "command_step": 6, "maneuver_time_s": 0.2, "lookahead_s": 0.4}
{"stage": "MPPI lookahead optimization", "iteration": 35, "window_iteration": 2, "command_step": 6, "maneuver_time_s": 0.2, "lookahead_s": 0.4}
{"stage": "MPPI lookahead optimization", "iteration": 36, "window_iteration": 3, "command_step": 6, "maneuver_time_s": 0.2, "lookahead_s": 0.4}
{"stage": "MPPI lookahead optimization", "iteration": 37, "window_iteration": 4, "command_step": 6, "maneuver_time_s": 0.2, "lookahead_s": 0.4}
{"stage": "Committing next 30 Hz command", "iteration": 37, "command_step": 6}
{"stage": "MPPI command committed", "iteration": 37, "command_step": 7, "time_s": 0.23333333333333334, "iterations": 4, "stop_reason": "reward_plateau", "actual_reward": 0.2993953513970469, "actual_success": false, "actual_failed": false, "actual_minimum_tip_distance_m": 1.2515384868335877, "lookahead_score": -66.35187360204097, "predicted_hit": false, "predicted_failed": false, "predicted_distance_m": 1.0188672743267548}
{"stage": "MPPI lookahead optimization", "iteration": 38, "window_iteration": 1, "command_step": 7, "maneuver_time_s": 0.23333333333333334, "lookahead_s": 0.4}
{"stage": "MPPI lookahead optimization", "iteration": 39, "window_iteration": 2, "command_step": 7, "maneuver_time_s": 0.23333333333333334, "lookahead_s": 0.4}
{"stage": "MPPI lookahead optimization", "iteration": 40, "window_iteration": 3, "command_step": 7, "maneuver_time_s": 0.23333333333333334, "lookahead_s": 0.4}
{"stage": "MPPI lookahead optimization", "iteration": 41, "window_iteration": 4, "command_step": 7, "maneuver_time_s": 0.23333333333333334, "lookahead_s": 0.4}
{"stage": "Committing next 30 Hz command", "iteration": 41, "command_step": 7}
{"stage": "MPPI command committed", "iteration": 41, "command_step": 8, "time_s": 0.26666666666666666, "iterations": 4, "stop_reason": "reward_plateau", "actual_reward": 1.3038474966550042, "actual_success": false, "actual_failed": false, "actual_minimum_tip_distance_m": 1.2222852754714884, "lookahead_score": -59.89238702178236, "predicted_hit": false, "predicted_failed": false, "predicted_distance_m": 0.9862058667579783}
{"stage": "MPPI lookahead optimization", "iteration": 42, "window_iteration": 1, "command_step": 8, "maneuver_time_s": 0.26666666666666666, "lookahead_s": 0.4}
{"stage": "MPPI lookahead optimization", "iteration": 43, "window_iteration": 2, "command_step": 8, "maneuver_time_s": 0.26666666666666666, "lookahead_s": 0.4}
{"stage": "MPPI lookahead optimization", "iteration": 44, "window_iteration": 3, "command_step": 8, "maneuver_time_s": 0.26666666666666666, "lookahead_s": 0.4}
{"stage": "MPPI lookahead optimization", "iteration": 45, "window_iteration": 4, "command_step": 8, "maneuver_time_s": 0.26666666666666666, "lookahead_s": 0.4}
{"stage": "MPPI lookahead optimization", "iteration": 46, "window_iteration": 5, "command_step": 8, "maneuver_time_s": 0.26666666666666666, "lookahead_s": 0.4}
{"stage": "Committing next 30 Hz command", "iteration": 46, "command_step": 8}
{"stage": "MPPI command committed", "iteration": 46, "command_step": 9, "time_s": 0.3, "iterations": 5, "stop_reason": "reward_plateau", "actual_reward": 2.413560239460116, "actual_success": false, "actual_failed": false, "actual_minimum_tip_distance_m": 1.1906773441731184, "lookahead_score": -47.43472069565809, "predicted_hit": false, "predicted_failed": false, "predicted_distance_m": 0.9534580125437033}
{"stage": "MPPI lookahead optimization", "iteration": 47, "window_iteration": 1, "command_step": 9, "maneuver_time_s": 0.3, "lookahead_s": 0.4}
{"stage": "MPPI lookahead optimization", "iteration": 48, "window_iteration": 2, "command_step": 9, "maneuver_time_s": 0.3, "lookahead_s": 0.4}
{"stage": "MPPI lookahead optimization", "iteration": 49, "window_iteration": 3, "command_step": 9, "maneuver_time_s": 0.3, "lookahead_s": 0.4}
{"stage": "MPPI lookahead optimization", "iteration": 50, "window_iteration": 4, "command_step": 9, "maneuver_time_s": 0.3, "lookahead_s": 0.4}
{"stage": "MPPI lookahead optimization", "iteration": 51, "window_iteration": 5, "command_step": 9, "maneuver_time_s": 0.3, "lookahead_s": 0.4}
{"stage": "MPPI lookahead optimization", "iteration": 52, "window_iteration": 6, "command_step": 9, "maneuver_time_s": 0.3, "lookahead_s": 0.4}
{"stage": "MPPI lookahead optimization", "iteration": 53, "window_iteration": 7, "command_step": 9, "maneuver_time_s": 0.3, "lookahead_s": 0.4}
{"stage": "Committing next 30 Hz command", "iteration": 53, "command_step": 9}
{"stage": "MPPI command committed", "iteration": 53, "command_step": 10, "time_s": 0.3333333333333333, "iterations": 7, "stop_reason": "reward_plateau", "actual_reward": 3.528080950856748, "actual_success": false, "actual_failed": false, "actual_minimum_tip_distance_m": 1.1588638028914913, "lookahead_score": -33.94713210995228, "predicted_hit": false, "predicted_failed": false, "predicted_distance_m": 0.912571897390711}
{"stage": "MPPI lookahead optimization", "iteration": 54, "window_iteration": 1, "command_step": 10, "maneuver_time_s": 0.3333333333333333, "lookahead_s": 0.4}
{"stage": "MPPI lookahead optimization", "iteration": 55, "window_iteration": 2, "command_step": 10, "maneuver_time_s": 0.3333333333333333, "lookahead_s": 0.4}
{"stage": "MPPI lookahead optimization", "iteration": 56, "window_iteration": 3, "command_step": 10, "maneuver_time_s": 0.3333333333333333, "lookahead_s": 0.4}
{"stage": "MPPI lookahead optimization", "iteration": 57, "window_iteration": 4, "command_step": 10, "maneuver_time_s": 0.3333333333333333, "lookahead_s": 0.4}
{"stage": "MPPI lookahead optimization", "iteration": 58, "window_iteration": 5, "command_step": 10, "maneuver_time_s": 0.3333333333333333, "lookahead_s": 0.4}
{"stage": "MPPI lookahead optimization", "iteration": 59, "window_iteration": 6, "command_step": 10, "maneuver_time_s": 0.3333333333333333, "lookahead_s": 0.4}
{"stage": "Committing next 30 Hz command", "iteration": 59, "command_step": 10}
{"stage": "MPPI command committed", "iteration": 59, "command_step": 11, "time_s": 0.36666666666666664, "iterations": 6, "stop_reason": "reward_plateau", "actual_reward": 4.584248847848497, "actual_success": false, "actual_failed": false, "actual_minimum_tip_distance_m": 1.1281931830508674, "lookahead_score": -20.28728776790875, "predicted_hit": false, "predicted_failed": false, "predicted_distance_m": 0.849928761225752}
{"stage": "MPPI lookahead optimization", "iteration": 60, "window_iteration": 1, "command_step": 11, "maneuver_time_s": 0.36666666666666664, "lookahead_s": 0.4}
{"stage": "MPPI lookahead optimization", "iteration": 61, "window_iteration": 2, "command_step": 11, "maneuver_time_s": 0.36666666666666664, "lookahead_s": 0.4}
{"stage": "MPPI lookahead optimization", "iteration": 62, "window_iteration": 3, "command_step": 11, "maneuver_time_s": 0.36666666666666664, "lookahead_s": 0.4}
{"stage": "MPPI lookahead optimization", "iteration": 63, "window_iteration": 4, "command_step": 11, "maneuver_time_s": 0.36666666666666664, "lookahead_s": 0.4}
{"stage": "Committing next 30 Hz command", "iteration": 63, "command_step": 11}
{"stage": "MPPI command committed", "iteration": 63, "command_step": 12, "time_s": 0.4, "iterations": 4, "stop_reason": "reward_plateau", "actual_reward": 5.5351047661659685, "actual_success": false, "actual_failed": false, "actual_minimum_tip_distance_m": 1.0996481432883833, "lookahead_score": -9.643696963646818, "predicted_hit": false, "predicted_failed": false, "predicted_distance_m": 0.7918790674300508}
{"stage": "MPPI lookahead optimization", "iteration": 64, "window_iteration": 1, "command_step": 12, "maneuver_time_s": 0.4, "lookahead_s": 0.4}
{"stage": "MPPI lookahead optimization", "iteration": 65, "window_iteration": 2, "command_step": 12, "maneuver_time_s": 0.4, "lookahead_s": 0.4}
{"stage": "MPPI lookahead optimization", "iteration": 66, "window_iteration": 3, "command_step": 12, "maneuver_time_s": 0.4, "lookahead_s": 0.4}
{"stage": "MPPI lookahead optimization", "iteration": 67, "window_iteration": 4, "command_step": 12, "maneuver_time_s": 0.4, "lookahead_s": 0.4}
{"stage": "MPPI lookahead optimization", "iteration": 68, "window_iteration": 5, "command_step": 12, "maneuver_time_s": 0.4, "lookahead_s": 0.4}
{"stage": "MPPI lookahead optimization", "iteration": 69, "window_iteration": 6, "command_step": 12, "maneuver_time_s": 0.4, "lookahead_s": 0.4}
{"stage": "MPPI lookahead optimization", "iteration": 70, "window_iteration": 7, "command_step": 12, "maneuver_time_s": 0.4, "lookahead_s": 0.4}
{"stage": "Committing next 30 Hz command", "iteration": 70, "command_step": 12}
{"stage": "MPPI command committed", "iteration": 70, "command_step": 13, "time_s": 0.43333333333333335, "iterations": 7, "stop_reason": "reward_plateau", "actual_reward": 6.321146889595619, "actual_success": false, "actual_failed": false, "actual_minimum_tip_distance_m": 1.0744745135487253, "lookahead_score": -2.1673391997240206, "predicted_hit": false, "predicted_failed": false, "predicted_distance_m": 0.7381458715277859}
{"stage": "MPPI lookahead optimization", "iteration": 71, "window_iteration": 1, "command_step": 13, "maneuver_time_s": 0.43333333333333335, "lookahead_s": 0.4}
{"stage": "MPPI lookahead optimization", "iteration": 72, "window_iteration": 2, "command_step": 13, "maneuver_time_s": 0.43333333333333335, "lookahead_s": 0.4}
{"stage": "MPPI lookahead optimization", "iteration": 73, "window_iteration": 3, "command_step": 13, "maneuver_time_s": 0.43333333333333335, "lookahead_s": 0.4}
{"stage": "MPPI lookahead optimization", "iteration": 74, "window_iteration": 4, "command_step": 13, "maneuver_time_s": 0.43333333333333335, "lookahead_s": 0.4}
{"stage": "MPPI lookahead optimization", "iteration": 75, "window_iteration": 5, "command_step": 13, "maneuver_time_s": 0.43333333333333335, "lookahead_s": 0.4}
{"stage": "MPPI lookahead optimization", "iteration": 76, "window_iteration": 6, "command_step": 13, "maneuver_time_s": 0.43333333333333335, "lookahead_s": 0.4}
{"stage": "MPPI lookahead optimization", "iteration": 77, "window_iteration": 7, "command_step": 13, "maneuver_time_s": 0.43333333333333335, "lookahead_s": 0.4}
{"stage": "Committing next 30 Hz command", "iteration": 77, "command_step": 13}
{"stage": "MPPI command committed", "iteration": 77, "command_step": 14, "time_s": 0.4666666666666667, "iterations": 7, "stop_reason": "reward_plateau", "actual_reward": 6.933469645575269, "actual_success": false, "actual_failed": false, "actual_minimum_tip_distance_m": 1.0528054453506275, "lookahead_score": 2.8165245684772486, "predicted_hit": false, "predicted_failed": false, "predicted_distance_m": 0.689411284230992}
{"stage": "MPPI lookahead optimization", "iteration": 78, "window_iteration": 1, "command_step": 14, "maneuver_time_s": 0.4666666666666667, "lookahead_s": 0.4}
{"stage": "MPPI lookahead optimization", "iteration": 79, "window_iteration": 2, "command_step": 14, "maneuver_time_s": 0.4666666666666667, "lookahead_s": 0.4}
{"stage": "MPPI lookahead optimization", "iteration": 80, "window_iteration": 3, "command_step": 14, "maneuver_time_s": 0.4666666666666667, "lookahead_s": 0.4}
{"stage": "MPPI lookahead optimization", "iteration": 81, "window_iteration": 4, "command_step": 14, "maneuver_time_s": 0.4666666666666667, "lookahead_s": 0.4}
{"stage": "MPPI lookahead optimization", "iteration": 82, "window_iteration": 5, "command_step": 14, "maneuver_time_s": 0.4666666666666667, "lookahead_s": 0.4}
{"stage": "MPPI lookahead optimization", "iteration": 83, "window_iteration": 6, "command_step": 14, "maneuver_time_s": 0.4666666666666667, "lookahead_s": 0.4}
{"stage": "MPPI lookahead optimization", "iteration": 84, "window_iteration": 7, "command_step": 14, "maneuver_time_s": 0.4666666666666667, "lookahead_s": 0.4}
{"stage": "MPPI lookahead optimization", "iteration": 85, "window_iteration": 8, "command_step": 14, "maneuver_time_s": 0.4666666666666667, "lookahead_s": 0.4}
{"stage": "Committing next 30 Hz command", "iteration": 85, "command_step": 14}
{"stage": "MPPI command committed", "iteration": 85, "command_step": 15, "time_s": 0.5, "iterations": 8, "stop_reason": "reward_plateau", "actual_reward": 7.342808124875051, "actual_success": false, "actual_failed": false, "actual_minimum_tip_distance_m": 1.0352125465504116, "lookahead_score": 5.557107543669424, "predicted_hit": false, "predicted_failed": false, "predicted_distance_m": 0.6574217568875086}
{"stage": "MPPI lookahead optimization", "iteration": 86, "window_iteration": 1, "command_step": 15, "maneuver_time_s": 0.5, "lookahead_s": 0.4}
{"stage": "MPPI lookahead optimization", "iteration": 87, "window_iteration": 2, "command_step": 15, "maneuver_time_s": 0.5, "lookahead_s": 0.4}
{"stage": "MPPI lookahead optimization", "iteration": 88, "window_iteration": 3, "command_step": 15, "maneuver_time_s": 0.5, "lookahead_s": 0.4}
{"stage": "MPPI lookahead optimization", "iteration": 89, "window_iteration": 4, "command_step": 15, "maneuver_time_s": 0.5, "lookahead_s": 0.4}
{"stage": "MPPI lookahead optimization", "iteration": 90, "window_iteration": 5, "command_step": 15, "maneuver_time_s": 0.5, "lookahead_s": 0.4}
{"stage": "MPPI lookahead optimization", "iteration": 91, "window_iteration": 6, "command_step": 15, "maneuver_time_s": 0.5, "lookahead_s": 0.4}
{"stage": "Committing next 30 Hz command", "iteration": 91, "command_step": 15}
{"stage": "MPPI command committed", "iteration": 91, "command_step": 16, "time_s": 0.5333333333333333, "iterations": 6, "stop_reason": "reward_plateau", "actual_reward": 7.535897582293814, "actual_success": false, "actual_failed": false, "actual_minimum_tip_distance_m": 1.021925518531923, "lookahead_score": 5.77101008144629, "predicted_hit": false, "predicted_failed": false, "predicted_distance_m": 0.6418715527347281}
{"stage": "MPPI lookahead optimization", "iteration": 92, "window_iteration": 1, "command_step": 16, "maneuver_time_s": 0.5333333333333333, "lookahead_s": 0.4}
{"stage": "MPPI lookahead optimization", "iteration": 93, "window_iteration": 2, "command_step": 16, "maneuver_time_s": 0.5333333333333333, "lookahead_s": 0.4}
{"stage": "MPPI lookahead optimization", "iteration": 94, "window_iteration": 3, "command_step": 16, "maneuver_time_s": 0.5333333333333333, "lookahead_s": 0.4}
{"stage": "MPPI lookahead optimization", "iteration": 95, "window_iteration": 4, "command_step": 16, "maneuver_time_s": 0.5333333333333333, "lookahead_s": 0.4}
{"stage": "Committing next 30 Hz command", "iteration": 95, "command_step": 16}
{"stage": "MPPI command committed", "iteration": 95, "command_step": 17, "time_s": 0.5666666666666667, "iterations": 4, "stop_reason": "reward_plateau", "actual_reward": 7.549132341273881, "actual_success": false, "actual_failed": false, "actual_minimum_tip_distance_m": 1.0120930767106961, "lookahead_score": 3.827990354675979, "predicted_hit": false, "predicted_failed": false, "predicted_distance_m": 0.6406861369031401}
{"stage": "MPPI lookahead optimization", "iteration": 96, "window_iteration": 1, "command_step": 17, "maneuver_time_s": 0.5666666666666667, "lookahead_s": 0.4}
{"stage": "MPPI lookahead optimization", "iteration": 97, "window_iteration": 2, "command_step": 17, "maneuver_time_s": 0.5666666666666667, "lookahead_s": 0.4}
{"stage": "MPPI lookahead optimization", "iteration": 98, "window_iteration": 3, "command_step": 17, "maneuver_time_s": 0.5666666666666667, "lookahead_s": 0.4}
{"stage": "MPPI lookahead optimization", "iteration": 99, "window_iteration": 4, "command_step": 17, "maneuver_time_s": 0.5666666666666667, "lookahead_s": 0.4}
{"stage": "Committing next 30 Hz command", "iteration": 99, "command_step": 17}
{"stage": "MPPI command committed", "iteration": 99, "command_step": 18, "time_s": 0.6, "iterations": 4, "stop_reason": "reward_plateau", "actual_reward": 7.514516507096328, "actual_success": false, "actual_failed": false, "actual_minimum_tip_distance_m": 1.00281776751198, "lookahead_score": 0.4569338913185046, "predicted_hit": false, "predicted_failed": false, "predicted_distance_m": 0.6425110148645398}
{"stage": "MPPI lookahead optimization", "iteration": 100, "window_iteration": 1, "command_step": 18, "maneuver_time_s": 0.6, "lookahead_s": 0.4}
{"stage": "MPPI lookahead optimization", "iteration": 101, "window_iteration": 2, "command_step": 18, "maneuver_time_s": 0.6, "lookahead_s": 0.4}
{"stage": "MPPI lookahead optimization", "iteration": 102, "window_iteration": 3, "command_step": 18, "maneuver_time_s": 0.6, "lookahead_s": 0.4}
{"stage": "MPPI lookahead optimization", "iteration": 103, "window_iteration": 4, "command_step": 18, "maneuver_time_s": 0.6, "lookahead_s": 0.4}
{"stage": "Committing next 30 Hz command", "iteration": 103, "command_step": 18}
{"stage": "MPPI command committed", "iteration": 103, "command_step": 19, "time_s": 0.6333333333333333, "iterations": 4, "stop_reason": "reward_plateau", "actual_reward": 7.724569510842953, "actual_success": false, "actual_failed": false, "actual_minimum_tip_distance_m": 0.9877108915240881, "lookahead_score": -4.103366571390383, "predicted_hit": false, "predicted_failed": false, "predicted_distance_m": 0.643087775776574}
{"stage": "MPPI lookahead optimization", "iteration": 104, "window_iteration": 1, "command_step": 19, "maneuver_time_s": 0.6333333333333333, "lookahead_s": 0.4}
{"stage": "MPPI lookahead optimization", "iteration": 105, "window_iteration": 2, "command_step": 19, "maneuver_time_s": 0.6333333333333333, "lookahead_s": 0.4}
{"stage": "MPPI lookahead optimization", "iteration": 106, "window_iteration": 3, "command_step": 19, "maneuver_time_s": 0.6333333333333333, "lookahead_s": 0.4}
{"stage": "MPPI lookahead optimization", "iteration": 107, "window_iteration": 4, "command_step": 19, "maneuver_time_s": 0.6333333333333333, "lookahead_s": 0.4}
{"stage": "Committing next 30 Hz command", "iteration": 107, "command_step": 19}
{"stage": "MPPI command committed", "iteration": 107, "command_step": 20, "time_s": 0.6666666666666666, "iterations": 4, "stop_reason": "reward_plateau", "actual_reward": 8.517370874235604, "actual_success": false, "actual_failed": false, "actual_minimum_tip_distance_m": 0.9594379577994075, "lookahead_score": -10.208795453019691, "predicted_hit": false, "predicted_failed": false, "predicted_distance_m": 0.6440144863303829}
{"stage": "MPPI lookahead optimization", "iteration": 108, "window_iteration": 1, "command_step": 20, "maneuver_time_s": 0.6666666666666666, "lookahead_s": 0.4}
{"stage": "MPPI lookahead optimization", "iteration": 109, "window_iteration": 2, "command_step": 20, "maneuver_time_s": 0.6666666666666666, "lookahead_s": 0.4}
{"stage": "MPPI lookahead optimization", "iteration": 110, "window_iteration": 3, "command_step": 20, "maneuver_time_s": 0.6666666666666666, "lookahead_s": 0.4}
{"stage": "MPPI lookahead optimization", "iteration": 111, "window_iteration": 4, "command_step": 20, "maneuver_time_s": 0.6666666666666666, "lookahead_s": 0.4}
{"stage": "Committing next 30 Hz command", "iteration": 111, "command_step": 20}
{"stage": "MPPI command committed", "iteration": 111, "command_step": 21, "time_s": 0.7, "iterations": 4, "stop_reason": "reward_plateau", "actual_reward": 9.938036140801236, "actual_success": false, "actual_failed": false, "actual_minimum_tip_distance_m": 0.917206460943029, "lookahead_score": -18.13034653799408, "predicted_hit": false, "predicted_failed": false, "predicted_distance_m": 0.6443370320439477}
{"stage": "MPPI lookahead optimization", "iteration": 112, "window_iteration": 1, "command_step": 21, "maneuver_time_s": 0.7, "lookahead_s": 0.4}
{"stage": "MPPI lookahead optimization", "iteration": 113, "window_iteration": 2, "command_step": 21, "maneuver_time_s": 0.7, "lookahead_s": 0.4}
{"stage": "MPPI lookahead optimization", "iteration": 114, "window_iteration": 3, "command_step": 21, "maneuver_time_s": 0.7, "lookahead_s": 0.4}
{"stage": "MPPI lookahead optimization", "iteration": 115, "window_iteration": 4, "command_step": 21, "maneuver_time_s": 0.7, "lookahead_s": 0.4}
{"stage": "Committing next 30 Hz command", "iteration": 115, "command_step": 21}
{"stage": "MPPI command committed", "iteration": 115, "command_step": 22, "time_s": 0.7333333333333333, "iterations": 4, "stop_reason": "reward_plateau", "actual_reward": 11.792768267388904, "actual_success": false, "actual_failed": false, "actual_minimum_tip_distance_m": 0.8657885659820849, "lookahead_score": -28.436424026903314, "predicted_hit": false, "predicted_failed": false, "predicted_distance_m": 0.644219455255492}
{"stage": "MPPI lookahead optimization", "iteration": 116, "window_iteration": 1, "command_step": 22, "maneuver_time_s": 0.7333333333333333, "lookahead_s": 0.4}
{"stage": "MPPI lookahead optimization", "iteration": 117, "window_iteration": 2, "command_step": 22, "maneuver_time_s": 0.7333333333333333, "lookahead_s": 0.4}
{"stage": "MPPI lookahead optimization", "iteration": 118, "window_iteration": 3, "command_step": 22, "maneuver_time_s": 0.7333333333333333, "lookahead_s": 0.4}
{"stage": "MPPI lookahead optimization", "iteration": 119, "window_iteration": 4, "command_step": 22, "maneuver_time_s": 0.7333333333333333, "lookahead_s": 0.4}
{"stage": "MPPI lookahead optimization", "iteration": 120, "window_iteration": 5, "command_step": 22, "maneuver_time_s": 0.7333333333333333, "lookahead_s": 0.4}
{"stage": "MPPI lookahead optimization", "iteration": 121, "window_iteration": 6, "command_step": 22, "maneuver_time_s": 0.7333333333333333, "lookahead_s": 0.4}
{"stage": "MPPI lookahead optimization", "iteration": 122, "window_iteration": 7, "command_step": 22, "maneuver_time_s": 0.7333333333333333, "lookahead_s": 0.4}
{"stage": "MPPI lookahead optimization", "iteration": 123, "window_iteration": 8, "command_step": 22, "maneuver_time_s": 0.7333333333333333, "lookahead_s": 0.4}
{"stage": "MPPI lookahead optimization", "iteration": 124, "window_iteration": 9, "command_step": 22, "maneuver_time_s": 0.7333333333333333, "lookahead_s": 0.4}
{"stage": "MPPI lookahead optimization", "iteration": 125, "window_iteration": 10, "command_step": 22, "maneuver_time_s": 0.7333333333333333, "lookahead_s": 0.4}
{"stage": "MPPI lookahead optimization", "iteration": 126, "window_iteration": 11, "command_step": 22, "maneuver_time_s": 0.7333333333333333, "lookahead_s": 0.4}
{"stage": "MPPI lookahead optimization", "iteration": 127, "window_iteration": 12, "command_step": 22, "maneuver_time_s": 0.7333333333333333, "lookahead_s": 0.4}
{"stage": "MPPI lookahead optimization", "iteration": 128, "window_iteration": 13, "command_step": 22, "maneuver_time_s": 0.7333333333333333, "lookahead_s": 0.4}
{"stage": "MPPI lookahead optimization", "iteration": 129, "window_iteration": 14, "command_step": 22, "maneuver_time_s": 0.7333333333333333, "lookahead_s": 0.4}
{"stage": "MPPI lookahead optimization", "iteration": 130, "window_iteration": 15, "command_step": 22, "maneuver_time_s": 0.7333333333333333, "lookahead_s": 0.4}
{"stage": "Committing next 30 Hz command", "iteration": 130, "command_step": 22}
{"stage": "MPPI command committed", "iteration": 130, "command_step": 23, "time_s": 0.7666666666666667, "iterations": 15, "stop_reason": "reward_plateau", "actual_reward": 13.932516827748227, "actual_success": false, "actual_failed": false, "actual_minimum_tip_distance_m": 0.8094051518866282, "lookahead_score": -21.63557542203803, "predicted_hit": false, "predicted_failed": false, "predicted_distance_m": 0.6446367426941774}
{"stage": "MPPI lookahead optimization", "iteration": 131, "window_iteration": 1, "command_step": 23, "maneuver_time_s": 0.7666666666666667, "lookahead_s": 0.4}
{"stage": "MPPI lookahead optimization", "iteration": 132, "window_iteration": 2, "command_step": 23, "maneuver_time_s": 0.7666666666666667, "lookahead_s": 0.4}
{"stage": "MPPI lookahead optimization", "iteration": 133, "window_iteration": 3, "command_step": 23, "maneuver_time_s": 0.7666666666666667, "lookahead_s": 0.4}
{"stage": "MPPI lookahead optimization", "iteration": 134, "window_iteration": 4, "command_step": 23, "maneuver_time_s": 0.7666666666666667, "lookahead_s": 0.4}
{"stage": "MPPI lookahead optimization", "iteration": 135, "window_iteration": 5, "command_step": 23, "maneuver_time_s": 0.7666666666666667, "lookahead_s": 0.4}
{"stage": "MPPI lookahead optimization", "iteration": 136, "window_iteration": 6, "command_step": 23, "maneuver_time_s": 0.7666666666666667, "lookahead_s": 0.4}
{"stage": "MPPI lookahead optimization", "iteration": 137, "window_iteration": 7, "command_step": 23, "maneuver_time_s": 0.7666666666666667, "lookahead_s": 0.4}
{"stage": "MPPI lookahead optimization", "iteration": 138, "window_iteration": 8, "command_step": 23, "maneuver_time_s": 0.7666666666666667, "lookahead_s": 0.4}
{"stage": "MPPI lookahead optimization", "iteration": 139, "window_iteration": 9, "command_step": 23, "maneuver_time_s": 0.7666666666666667, "lookahead_s": 0.4}
{"stage": "MPPI lookahead optimization", "iteration": 140, "window_iteration": 10, "command_step": 23, "maneuver_time_s": 0.7666666666666667, "lookahead_s": 0.4}
{"stage": "MPPI lookahead optimization", "iteration": 141, "window_iteration": 11, "command_step": 23, "maneuver_time_s": 0.7666666666666667, "lookahead_s": 0.4}
{"stage": "MPPI lookahead optimization", "iteration": 142, "window_iteration": 12, "command_step": 23, "maneuver_time_s": 0.7666666666666667, "lookahead_s": 0.4}
{"stage": "MPPI lookahead optimization", "iteration": 143, "window_iteration": 13, "command_step": 23, "maneuver_time_s": 0.7666666666666667, "lookahead_s": 0.4}
{"stage": "Committing next 30 Hz command", "iteration": 143, "command_step": 23}
{"stage": "MPPI command committed", "iteration": 143, "command_step": 24, "time_s": 0.8, "iterations": 13, "stop_reason": "reward_plateau", "actual_reward": 16.148305922128365, "actual_success": false, "actual_failed": false, "actual_minimum_tip_distance_m": 0.753454403657717, "lookahead_score": -18.774773578277667, "predicted_hit": false, "predicted_failed": false, "predicted_distance_m": 0.6448038499122367}
{"stage": "MPPI lookahead optimization", "iteration": 144, "window_iteration": 1, "command_step": 24, "maneuver_time_s": 0.8, "lookahead_s": 0.4}
{"stage": "MPPI lookahead optimization", "iteration": 145, "window_iteration": 2, "command_step": 24, "maneuver_time_s": 0.8, "lookahead_s": 0.4}
{"stage": "MPPI lookahead optimization", "iteration": 146, "window_iteration": 3, "command_step": 24, "maneuver_time_s": 0.8, "lookahead_s": 0.4}
{"stage": "MPPI lookahead optimization", "iteration": 147, "window_iteration": 4, "command_step": 24, "maneuver_time_s": 0.8, "lookahead_s": 0.4}
{"stage": "MPPI lookahead optimization", "iteration": 148, "window_iteration": 5, "command_step": 24, "maneuver_time_s": 0.8, "lookahead_s": 0.4}
{"stage": "MPPI lookahead optimization", "iteration": 149, "window_iteration": 6, "command_step": 24, "maneuver_time_s": 0.8, "lookahead_s": 0.4}
{"stage": "MPPI lookahead optimization", "iteration": 150, "window_iteration": 7, "command_step": 24, "maneuver_time_s": 0.8, "lookahead_s": 0.4}
{"stage": "MPPI lookahead optimization", "iteration": 151, "window_iteration": 8, "command_step": 24, "maneuver_time_s": 0.8, "lookahead_s": 0.4}
{"stage": "MPPI lookahead optimization", "iteration": 152, "window_iteration": 9, "command_step": 24, "maneuver_time_s": 0.8, "lookahead_s": 0.4}
{"stage": "Committing next 30 Hz command", "iteration": 152, "command_step": 24}
{"stage": "MPPI command committed", "iteration": 152, "command_step": 25, "time_s": 0.8333333333333334, "iterations": 9, "stop_reason": "reward_plateau", "actual_reward": 18.229777422228086, "actual_success": false, "actual_failed": false, "actual_minimum_tip_distance_m": 0.7035158514098906, "lookahead_score": -26.279459120205736, "predicted_hit": false, "predicted_failed": false, "predicted_distance_m": 0.6447735786916111}
{"stage": "MPPI lookahead optimization", "iteration": 153, "window_iteration": 1, "command_step": 25, "maneuver_time_s": 0.8333333333333334, "lookahead_s": 0.4}
{"stage": "MPPI lookahead optimization", "iteration": 154, "window_iteration": 2, "command_step": 25, "maneuver_time_s": 0.8333333333333334, "lookahead_s": 0.4}
{"stage": "MPPI lookahead optimization", "iteration": 155, "window_iteration": 3, "command_step": 25, "maneuver_time_s": 0.8333333333333334, "lookahead_s": 0.4}
{"stage": "MPPI lookahead optimization", "iteration": 156, "window_iteration": 4, "command_step": 25, "maneuver_time_s": 0.8333333333333334, "lookahead_s": 0.4}
{"stage": "MPPI lookahead optimization", "iteration": 157, "window_iteration": 5, "command_step": 25, "maneuver_time_s": 0.8333333333333334, "lookahead_s": 0.4}
{"stage": "MPPI lookahead optimization", "iteration": 158, "window_iteration": 6, "command_step": 25, "maneuver_time_s": 0.8333333333333334, "lookahead_s": 0.4}
{"stage": "MPPI lookahead optimization", "iteration": 159, "window_iteration": 7, "command_step": 25, "maneuver_time_s": 0.8333333333333334, "lookahead_s": 0.4}
{"stage": "MPPI lookahead optimization", "iteration": 160, "window_iteration": 8, "command_step": 25, "maneuver_time_s": 0.8333333333333334, "lookahead_s": 0.4}
{"stage": "MPPI lookahead optimization", "iteration": 161, "window_iteration": 9, "command_step": 25, "maneuver_time_s": 0.8333333333333334, "lookahead_s": 0.4}
{"stage": "Committing next 30 Hz command", "iteration": 161, "command_step": 25}
{"stage": "MPPI command committed", "iteration": 161, "command_step": 26, "time_s": 0.8666666666666667, "iterations": 9, "stop_reason": "reward_plateau", "actual_reward": 19.809720097176722, "actual_success": false, "actual_failed": false, "actual_minimum_tip_distance_m": 0.6656467005795814, "lookahead_score": -40.261588696043695, "predicted_hit": false, "predicted_failed": false, "predicted_distance_m": 0.6447732750081177}
{"stage": "MPPI lookahead optimization", "iteration": 162, "window_iteration": 1, "command_step": 26, "maneuver_time_s": 0.8666666666666667, "lookahead_s": 0.4}
{"stage": "MPPI lookahead optimization", "iteration": 163, "window_iteration": 2, "command_step": 26, "maneuver_time_s": 0.8666666666666667, "lookahead_s": 0.4}
{"stage": "MPPI lookahead optimization", "iteration": 164, "window_iteration": 3, "command_step": 26, "maneuver_time_s": 0.8666666666666667, "lookahead_s": 0.4}
{"stage": "MPPI lookahead optimization", "iteration": 165, "window_iteration": 4, "command_step": 26, "maneuver_time_s": 0.8666666666666667, "lookahead_s": 0.4}
{"stage": "MPPI lookahead optimization", "iteration": 166, "window_iteration": 5, "command_step": 26, "maneuver_time_s": 0.8666666666666667, "lookahead_s": 0.4}
{"stage": "MPPI lookahead optimization", "iteration": 167, "window_iteration": 6, "command_step": 26, "maneuver_time_s": 0.8666666666666667, "lookahead_s": 0.4}
{"stage": "MPPI lookahead optimization", "iteration": 168, "window_iteration": 7, "command_step": 26, "maneuver_time_s": 0.8666666666666667, "lookahead_s": 0.4}
{"stage": "Committing next 30 Hz command", "iteration": 168, "command_step": 26}
{"stage": "MPPI command committed", "iteration": 168, "command_step": 27, "time_s": 0.9, "iterations": 7, "stop_reason": "reward_plateau", "actual_reward": 20.330224582278532, "actual_success": false, "actual_failed": false, "actual_minimum_tip_distance_m": 0.6462658922773119, "lookahead_score": -66.64118351598609, "predicted_hit": false, "predicted_failed": false, "predicted_distance_m": 0.6447732750081125}
{"stage": "MPPI lookahead optimization", "iteration": 169, "window_iteration": 1, "command_step": 27, "maneuver_time_s": 0.9, "lookahead_s": 0.4}
{"stage": "MPPI lookahead optimization", "iteration": 170, "window_iteration": 2, "command_step": 27, "maneuver_time_s": 0.9, "lookahead_s": 0.4}
{"stage": "MPPI lookahead optimization", "iteration": 171, "window_iteration": 3, "command_step": 27, "maneuver_time_s": 0.9, "lookahead_s": 0.4}
{"stage": "MPPI lookahead optimization", "iteration": 172, "window_iteration": 4, "command_step": 27, "maneuver_time_s": 0.9, "lookahead_s": 0.4}
{"stage": "MPPI lookahead optimization", "iteration": 173, "window_iteration": 5, "command_step": 27, "maneuver_time_s": 0.9, "lookahead_s": 0.4}
{"stage": "MPPI lookahead optimization", "iteration": 174, "window_iteration": 6, "command_step": 27, "maneuver_time_s": 0.9, "lookahead_s": 0.4}
{"stage": "MPPI lookahead optimization", "iteration": 175, "window_iteration": 7, "command_step": 27, "maneuver_time_s": 0.9, "lookahead_s": 0.4}
{"stage": "MPPI lookahead optimization", "iteration": 176, "window_iteration": 8, "command_step": 27, "maneuver_time_s": 0.9, "lookahead_s": 0.4}
{"stage": "MPPI lookahead optimization", "iteration": 177, "window_iteration": 9, "command_step": 27, "maneuver_time_s": 0.9, "lookahead_s": 0.4}
{"stage": "MPPI lookahead optimization", "iteration": 178, "window_iteration": 10, "command_step": 27, "maneuver_time_s": 0.9, "lookahead_s": 0.4}
{"stage": "MPPI lookahead optimization", "iteration": 179, "window_iteration": 11, "command_step": 27, "maneuver_time_s": 0.9, "lookahead_s": 0.4}
{"stage": "Committing next 30 Hz command", "iteration": 179, "command_step": 27}
{"stage": "MPPI command committed", "iteration": 179, "command_step": 28, "time_s": 0.9333333333333333, "iterations": 11, "stop_reason": "reward_plateau", "actual_reward": 19.6680200276196, "actual_success": false, "actual_failed": false, "actual_minimum_tip_distance_m": 0.6447732750081093, "lookahead_score": -91.90860508582044, "predicted_hit": false, "predicted_failed": false, "predicted_distance_m": 0.6447732750081088}
{"stage": "MPPI lookahead optimization", "iteration": 180, "window_iteration": 1, "command_step": 28, "maneuver_time_s": 0.9333333333333333, "lookahead_s": 0.4}
{"stage": "MPPI lookahead optimization", "iteration": 181, "window_iteration": 2, "command_step": 28, "maneuver_time_s": 0.9333333333333333, "lookahead_s": 0.4}
{"stage": "MPPI lookahead optimization", "iteration": 182, "window_iteration": 3, "command_step": 28, "maneuver_time_s": 0.9333333333333333, "lookahead_s": 0.4}
{"stage": "MPPI lookahead optimization", "iteration": 183, "window_iteration": 4, "command_step": 28, "maneuver_time_s": 0.9333333333333333, "lookahead_s": 0.4}
{"stage": "MPPI lookahead optimization", "iteration": 184, "window_iteration": 5, "command_step": 28, "maneuver_time_s": 0.9333333333333333, "lookahead_s": 0.4}
{"stage": "MPPI lookahead optimization", "iteration": 185, "window_iteration": 6, "command_step": 28, "maneuver_time_s": 0.9333333333333333, "lookahead_s": 0.4}
{"stage": "MPPI lookahead optimization", "iteration": 186, "window_iteration": 7, "command_step": 28, "maneuver_time_s": 0.9333333333333333, "lookahead_s": 0.4}
{"stage": "MPPI lookahead optimization", "iteration": 187, "window_iteration": 8, "command_step": 28, "maneuver_time_s": 0.9333333333333333, "lookahead_s": 0.4}
{"stage": "MPPI lookahead optimization", "iteration": 188, "window_iteration": 9, "command_step": 28, "maneuver_time_s": 0.9333333333333333, "lookahead_s": 0.4}
{"stage": "MPPI lookahead optimization", "iteration": 189, "window_iteration": 10, "command_step": 28, "maneuver_time_s": 0.9333333333333333, "lookahead_s": 0.4}
{"stage": "MPPI lookahead optimization", "iteration": 190, "window_iteration": 11, "command_step": 28, "maneuver_time_s": 0.9333333333333333, "lookahead_s": 0.4}
{"stage": "MPPI lookahead optimization", "iteration": 191, "window_iteration": 12, "command_step": 28, "maneuver_time_s": 0.9333333333333333, "lookahead_s": 0.4}
{"stage": "MPPI lookahead optimization", "iteration": 192, "window_iteration": 13, "command_step": 28, "maneuver_time_s": 0.9333333333333333, "lookahead_s": 0.4}
{"stage": "MPPI lookahead optimization", "iteration": 193, "window_iteration": 14, "command_step": 28, "maneuver_time_s": 0.9333333333333333, "lookahead_s": 0.4}
{"stage": "MPPI lookahead optimization", "iteration": 194, "window_iteration": 15, "command_step": 28, "maneuver_time_s": 0.9333333333333333, "lookahead_s": 0.4}
{"stage": "MPPI lookahead optimization", "iteration": 195, "window_iteration": 16, "command_step": 28, "maneuver_time_s": 0.9333333333333333, "lookahead_s": 0.4}
{"stage": "MPPI lookahead optimization", "iteration": 196, "window_iteration": 17, "command_step": 28, "maneuver_time_s": 0.9333333333333333, "lookahead_s": 0.4}
{"stage": "MPPI lookahead optimization", "iteration": 197, "window_iteration": 18, "command_step": 28, "maneuver_time_s": 0.9333333333333333, "lookahead_s": 0.4}
{"stage": "MPPI lookahead optimization", "iteration": 198, "window_iteration": 19, "command_step": 28, "maneuver_time_s": 0.9333333333333333, "lookahead_s": 0.4}
{"stage": "MPPI lookahead optimization", "iteration": 199, "window_iteration": 20, "command_step": 28, "maneuver_time_s": 0.9333333333333333, "lookahead_s": 0.4}
{"stage": "MPPI lookahead optimization", "iteration": 200, "window_iteration": 21, "command_step": 28, "maneuver_time_s": 0.9333333333333333, "lookahead_s": 0.4}
{"stage": "MPPI lookahead optimization", "iteration": 201, "window_iteration": 22, "command_step": 28, "maneuver_time_s": 0.9333333333333333, "lookahead_s": 0.4}
{"stage": "Committing next 30 Hz command", "iteration": 201, "command_step": 28}
{"stage": "MPPI command committed", "iteration": 201, "command_step": 29, "time_s": 0.9666666666666667, "iterations": 22, "stop_reason": "reward_plateau", "actual_reward": 18.8885412197114, "actual_success": false, "actual_failed": false, "actual_minimum_tip_distance_m": 0.6447732750081093, "lookahead_score": -63.44675232663931, "predicted_hit": false, "predicted_failed": false, "predicted_distance_m": 0.6447732750081093}
{"stage": "MPPI lookahead optimization", "iteration": 202, "window_iteration": 1, "command_step": 29, "maneuver_time_s": 0.9666666666666667, "lookahead_s": 0.4}
{"stage": "MPPI lookahead optimization", "iteration": 203, "window_iteration": 2, "command_step": 29, "maneuver_time_s": 0.9666666666666667, "lookahead_s": 0.4}
{"stage": "MPPI lookahead optimization", "iteration": 204, "window_iteration": 3, "command_step": 29, "maneuver_time_s": 0.9666666666666667, "lookahead_s": 0.4}
{"stage": "MPPI lookahead optimization", "iteration": 205, "window_iteration": 4, "command_step": 29, "maneuver_time_s": 0.9666666666666667, "lookahead_s": 0.4}
{"stage": "MPPI lookahead optimization", "iteration": 206, "window_iteration": 5, "command_step": 29, "maneuver_time_s": 0.9666666666666667, "lookahead_s": 0.4}
{"stage": "MPPI lookahead optimization", "iteration": 207, "window_iteration": 6, "command_step": 29, "maneuver_time_s": 0.9666666666666667, "lookahead_s": 0.4}
{"stage": "MPPI lookahead optimization", "iteration": 208, "window_iteration": 7, "command_step": 29, "maneuver_time_s": 0.9666666666666667, "lookahead_s": 0.4}
{"stage": "MPPI lookahead optimization", "iteration": 209, "window_iteration": 8, "command_step": 29, "maneuver_time_s": 0.9666666666666667, "lookahead_s": 0.4}
{"stage": "MPPI lookahead optimization", "iteration": 210, "window_iteration": 9, "command_step": 29, "maneuver_time_s": 0.9666666666666667, "lookahead_s": 0.4}
{"stage": "MPPI lookahead optimization", "iteration": 211, "window_iteration": 10, "command_step": 29, "maneuver_time_s": 0.9666666666666667, "lookahead_s": 0.4}
{"stage": "Committing next 30 Hz command", "iteration": 211, "command_step": 29}
{"stage": "MPPI command committed", "iteration": 211, "command_step": 30, "time_s": 1.0, "iterations": 10, "stop_reason": "reward_plateau", "actual_reward": 18.096336003233546, "actual_success": false, "actual_failed": false, "actual_minimum_tip_distance_m": 0.6447732750081093, "lookahead_score": -47.45374380733128, "predicted_hit": false, "predicted_failed": false, "predicted_distance_m": 0.6447732750081093}
{"stage": "MPPI lookahead optimization", "iteration": 212, "window_iteration": 1, "command_step": 30, "maneuver_time_s": 1.0, "lookahead_s": 0.4}
{"stage": "MPPI lookahead optimization", "iteration": 213, "window_iteration": 2, "command_step": 30, "maneuver_time_s": 1.0, "lookahead_s": 0.4}
{"stage": "MPPI lookahead optimization", "iteration": 214, "window_iteration": 3, "command_step": 30, "maneuver_time_s": 1.0, "lookahead_s": 0.4}
{"stage": "MPPI lookahead optimization", "iteration": 215, "window_iteration": 4, "command_step": 30, "maneuver_time_s": 1.0, "lookahead_s": 0.4}
{"stage": "Committing next 30 Hz command", "iteration": 215, "command_step": 30}
{"stage": "MPPI command committed", "iteration": 215, "command_step": 31, "time_s": 1.0333333333333334, "iterations": 4, "stop_reason": "reward_plateau", "actual_reward": 17.2949951000911, "actual_success": false, "actual_failed": false, "actual_minimum_tip_distance_m": 0.6447732750081093, "lookahead_score": -59.87518152850385, "predicted_hit": false, "predicted_failed": false, "predicted_distance_m": 0.6447732750081093}
{"stage": "MPPI lookahead optimization", "iteration": 216, "window_iteration": 1, "command_step": 31, "maneuver_time_s": 1.0333333333333334, "lookahead_s": 0.4}
{"stage": "MPPI lookahead optimization", "iteration": 217, "window_iteration": 2, "command_step": 31, "maneuver_time_s": 1.0333333333333334, "lookahead_s": 0.4}
{"stage": "MPPI lookahead optimization", "iteration": 218, "window_iteration": 3, "command_step": 31, "maneuver_time_s": 1.0333333333333334, "lookahead_s": 0.4}
{"stage": "MPPI lookahead optimization", "iteration": 219, "window_iteration": 4, "command_step": 31, "maneuver_time_s": 1.0333333333333334, "lookahead_s": 0.4}
{"stage": "Committing next 30 Hz command", "iteration": 219, "command_step": 31}
{"stage": "MPPI command committed", "iteration": 219, "command_step": 32, "time_s": 1.0666666666666667, "iterations": 4, "stop_reason": "reward_plateau", "actual_reward": 16.48732444368935, "actual_success": false, "actual_failed": false, "actual_minimum_tip_distance_m": 0.6447732750081093, "lookahead_score": -73.59788428358081, "predicted_hit": false, "predicted_failed": false, "predicted_distance_m": 0.6447732750081093}
{"stage": "MPPI lookahead optimization", "iteration": 220, "window_iteration": 1, "command_step": 32, "maneuver_time_s": 1.0666666666666667, "lookahead_s": 0.4}
{"stage": "MPPI lookahead optimization", "iteration": 221, "window_iteration": 2, "command_step": 32, "maneuver_time_s": 1.0666666666666667, "lookahead_s": 0.4}
{"stage": "MPPI lookahead optimization", "iteration": 222, "window_iteration": 3, "command_step": 32, "maneuver_time_s": 1.0666666666666667, "lookahead_s": 0.4}
{"stage": "MPPI lookahead optimization", "iteration": 223, "window_iteration": 4, "command_step": 32, "maneuver_time_s": 1.0666666666666667, "lookahead_s": 0.4}
{"stage": "Committing next 30 Hz command", "iteration": 223, "command_step": 32}
{"stage": "MPPI command committed", "iteration": 223, "command_step": 33, "time_s": 1.1, "iterations": 4, "stop_reason": "reward_plateau", "actual_reward": 15.675260804509877, "actual_success": false, "actual_failed": false, "actual_minimum_tip_distance_m": 0.6447732750081093, "lookahead_score": -78.91888123559744, "predicted_hit": false, "predicted_failed": false, "predicted_distance_m": 0.6447732750081093}
{"stage": "MPPI lookahead optimization", "iteration": 224, "window_iteration": 1, "command_step": 33, "maneuver_time_s": 1.1, "lookahead_s": 0.4}
{"stage": "MPPI lookahead optimization", "iteration": 225, "window_iteration": 2, "command_step": 33, "maneuver_time_s": 1.1, "lookahead_s": 0.4}
{"stage": "MPPI lookahead optimization", "iteration": 226, "window_iteration": 3, "command_step": 33, "maneuver_time_s": 1.1, "lookahead_s": 0.4}
{"stage": "MPPI lookahead optimization", "iteration": 227, "window_iteration": 4, "command_step": 33, "maneuver_time_s": 1.1, "lookahead_s": 0.4}
{"stage": "Committing next 30 Hz command", "iteration": 227, "command_step": 33}
{"stage": "MPPI command committed", "iteration": 227, "command_step": 34, "time_s": 1.1333333333333333, "iterations": 4, "stop_reason": "reward_plateau", "actual_reward": 14.859925397552535, "actual_success": false, "actual_failed": false, "actual_minimum_tip_distance_m": 0.6447732750081093, "lookahead_score": -77.96178503935312, "predicted_hit": false, "predicted_failed": false, "predicted_distance_m": 0.6447732750081093}
{"stage": "MPPI lookahead optimization", "iteration": 228, "window_iteration": 1, "command_step": 34, "maneuver_time_s": 1.1333333333333333, "lookahead_s": 0.4}
{"stage": "MPPI lookahead optimization", "iteration": 229, "window_iteration": 2, "command_step": 34, "maneuver_time_s": 1.1333333333333333, "lookahead_s": 0.4}
{"stage": "MPPI lookahead optimization", "iteration": 230, "window_iteration": 3, "command_step": 34, "maneuver_time_s": 1.1333333333333333, "lookahead_s": 0.4}
{"stage": "MPPI lookahead optimization", "iteration": 231, "window_iteration": 4, "command_step": 34, "maneuver_time_s": 1.1333333333333333, "lookahead_s": 0.4}
{"stage": "Committing next 30 Hz command", "iteration": 231, "command_step": 34}
{"stage": "MPPI command committed", "iteration": 231, "command_step": 35, "time_s": 1.1666666666666667, "iterations": 4, "stop_reason": "reward_plateau", "actual_reward": 14.042289964361018, "actual_success": false, "actual_failed": false, "actual_minimum_tip_distance_m": 0.6447732750081093, "lookahead_score": -75.83763747775177, "predicted_hit": false, "predicted_failed": false, "predicted_distance_m": 0.6447732750081093}
{"stage": "MPPI lookahead optimization", "iteration": 232, "window_iteration": 1, "command_step": 35, "maneuver_time_s": 1.1666666666666667, "lookahead_s": 0.4}
{"stage": "MPPI lookahead optimization", "iteration": 233, "window_iteration": 2, "command_step": 35, "maneuver_time_s": 1.1666666666666667, "lookahead_s": 0.4}
{"stage": "MPPI lookahead optimization", "iteration": 234, "window_iteration": 3, "command_step": 35, "maneuver_time_s": 1.1666666666666667, "lookahead_s": 0.4}
{"stage": "MPPI lookahead optimization", "iteration": 235, "window_iteration": 4, "command_step": 35, "maneuver_time_s": 1.1666666666666667, "lookahead_s": 0.4}
{"stage": "MPPI lookahead optimization", "iteration": 236, "window_iteration": 5, "command_step": 35, "maneuver_time_s": 1.1666666666666667, "lookahead_s": 0.4}
{"stage": "MPPI lookahead optimization", "iteration": 237, "window_iteration": 6, "command_step": 35, "maneuver_time_s": 1.1666666666666667, "lookahead_s": 0.4}
{"stage": "Committing next 30 Hz command", "iteration": 237, "command_step": 35}
{"stage": "MPPI command committed", "iteration": 237, "command_step": 36, "time_s": 1.2, "iterations": 6, "stop_reason": "reward_plateau", "actual_reward": 13.22249023485264, "actual_success": false, "actual_failed": false, "actual_minimum_tip_distance_m": 0.6447732750081093, "lookahead_score": -76.12107394030306, "predicted_hit": false, "predicted_failed": false, "predicted_distance_m": 0.6447732750081093}
{"stage": "MPPI lookahead optimization", "iteration": 238, "window_iteration": 1, "command_step": 36, "maneuver_time_s": 1.2, "lookahead_s": 0.4}
{"stage": "MPPI lookahead optimization", "iteration": 239, "window_iteration": 2, "command_step": 36, "maneuver_time_s": 1.2, "lookahead_s": 0.4}
{"stage": "MPPI lookahead optimization", "iteration": 240, "window_iteration": 3, "command_step": 36, "maneuver_time_s": 1.2, "lookahead_s": 0.4}
{"stage": "MPPI lookahead optimization", "iteration": 241, "window_iteration": 4, "command_step": 36, "maneuver_time_s": 1.2, "lookahead_s": 0.4}
{"stage": "Committing next 30 Hz command", "iteration": 241, "command_step": 36}
{"stage": "MPPI command committed", "iteration": 241, "command_step": 37, "time_s": 1.2333333333333334, "iterations": 4, "stop_reason": "reward_plateau", "actual_reward": 12.400983359317687, "actual_success": false, "actual_failed": false, "actual_minimum_tip_distance_m": 0.6447732750081093, "lookahead_score": -80.44431536590606, "predicted_hit": false, "predicted_failed": false, "predicted_distance_m": 0.6447732750081093}
{"stage": "MPPI lookahead optimization", "iteration": 242, "window_iteration": 1, "command_step": 37, "maneuver_time_s": 1.2333333333333334, "lookahead_s": 0.4}
{"stage": "MPPI lookahead optimization", "iteration": 243, "window_iteration": 2, "command_step": 37, "maneuver_time_s": 1.2333333333333334, "lookahead_s": 0.4}
{"stage": "MPPI lookahead optimization", "iteration": 244, "window_iteration": 3, "command_step": 37, "maneuver_time_s": 1.2333333333333334, "lookahead_s": 0.4}
{"stage": "MPPI lookahead optimization", "iteration": 245, "window_iteration": 4, "command_step": 37, "maneuver_time_s": 1.2333333333333334, "lookahead_s": 0.4}
{"stage": "Committing next 30 Hz command", "iteration": 245, "command_step": 37}
{"stage": "MPPI command committed", "iteration": 245, "command_step": 38, "time_s": 1.2666666666666666, "iterations": 4, "stop_reason": "reward_plateau", "actual_reward": 11.577699844181547, "actual_success": false, "actual_failed": false, "actual_minimum_tip_distance_m": 0.6447732750081093, "lookahead_score": -85.50374302688891, "predicted_hit": false, "predicted_failed": false, "predicted_distance_m": 0.6447732750081093}
{"stage": "MPPI lookahead optimization", "iteration": 246, "window_iteration": 1, "command_step": 38, "maneuver_time_s": 1.2666666666666666, "lookahead_s": 0.4}
{"stage": "MPPI lookahead optimization", "iteration": 247, "window_iteration": 2, "command_step": 38, "maneuver_time_s": 1.2666666666666666, "lookahead_s": 0.4}
{"stage": "MPPI lookahead optimization", "iteration": 248, "window_iteration": 3, "command_step": 38, "maneuver_time_s": 1.2666666666666666, "lookahead_s": 0.4}
{"stage": "MPPI lookahead optimization", "iteration": 249, "window_iteration": 4, "command_step": 38, "maneuver_time_s": 1.2666666666666666, "lookahead_s": 0.4}
{"stage": "Committing next 30 Hz command", "iteration": 249, "command_step": 38}
{"stage": "MPPI command committed", "iteration": 249, "command_step": 39, "time_s": 1.3, "iterations": 4, "stop_reason": "reward_plateau", "actual_reward": 10.753269543705557, "actual_success": false, "actual_failed": false, "actual_minimum_tip_distance_m": 0.6447732750081093, "lookahead_score": -91.87819690293759, "predicted_hit": false, "predicted_failed": false, "predicted_distance_m": 0.6447732750081093}
{"stage": "MPPI lookahead optimization", "iteration": 250, "window_iteration": 1, "command_step": 39, "maneuver_time_s": 1.3, "lookahead_s": 0.4}
{"stage": "MPPI lookahead optimization", "iteration": 251, "window_iteration": 2, "command_step": 39, "maneuver_time_s": 1.3, "lookahead_s": 0.4}
{"stage": "MPPI lookahead optimization", "iteration": 252, "window_iteration": 3, "command_step": 39, "maneuver_time_s": 1.3, "lookahead_s": 0.4}
{"stage": "MPPI lookahead optimization", "iteration": 253, "window_iteration": 4, "command_step": 39, "maneuver_time_s": 1.3, "lookahead_s": 0.4}
{"stage": "Committing next 30 Hz command", "iteration": 253, "command_step": 39}
{"stage": "MPPI command committed", "iteration": 253, "command_step": 40, "time_s": 1.3333333333333333, "iterations": 4, "stop_reason": "reward_plateau", "actual_reward": 9.928781651644519, "actual_success": false, "actual_failed": false, "actual_minimum_tip_distance_m": 0.6447732750081093, "lookahead_score": -99.49958736995151, "predicted_hit": false, "predicted_failed": false, "predicted_distance_m": 0.6447732750081093}
{"stage": "MPPI lookahead optimization", "iteration": 254, "window_iteration": 1, "command_step": 40, "maneuver_time_s": 1.3333333333333333, "lookahead_s": 0.4}
{"stage": "MPPI lookahead optimization", "iteration": 255, "window_iteration": 2, "command_step": 40, "maneuver_time_s": 1.3333333333333333, "lookahead_s": 0.4}
{"stage": "MPPI lookahead optimization", "iteration": 256, "window_iteration": 3, "command_step": 40, "maneuver_time_s": 1.3333333333333333, "lookahead_s": 0.4}
{"stage": "MPPI lookahead optimization", "iteration": 257, "window_iteration": 4, "command_step": 40, "maneuver_time_s": 1.3333333333333333, "lookahead_s": 0.4}
{"stage": "Committing next 30 Hz command", "iteration": 257, "command_step": 40}
{"stage": "MPPI command committed", "iteration": 257, "command_step": 41, "time_s": 1.3666666666666667, "iterations": 4, "stop_reason": "reward_plateau", "actual_reward": 9.105083142393378, "actual_success": false, "actual_failed": false, "actual_minimum_tip_distance_m": 0.6447732750081093, "lookahead_score": -107.72308595322343, "predicted_hit": false, "predicted_failed": false, "predicted_distance_m": 0.6447732750081093}
{"stage": "MPPI lookahead optimization", "iteration": 258, "window_iteration": 1, "command_step": 41, "maneuver_time_s": 1.3666666666666667, "lookahead_s": 0.4}
{"stage": "MPPI lookahead optimization", "iteration": 259, "window_iteration": 2, "command_step": 41, "maneuver_time_s": 1.3666666666666667, "lookahead_s": 0.4}
{"stage": "MPPI lookahead optimization", "iteration": 260, "window_iteration": 3, "command_step": 41, "maneuver_time_s": 1.3666666666666667, "lookahead_s": 0.4}
{"stage": "MPPI lookahead optimization", "iteration": 261, "window_iteration": 4, "command_step": 41, "maneuver_time_s": 1.3666666666666667, "lookahead_s": 0.4}
{"stage": "Committing next 30 Hz command", "iteration": 261, "command_step": 41}
{"stage": "MPPI command committed", "iteration": 261, "command_step": 42, "time_s": 1.4, "iterations": 4, "stop_reason": "reward_plateau", "actual_reward": 8.282781427098039, "actual_success": false, "actual_failed": false, "actual_minimum_tip_distance_m": 0.6447732750081093, "lookahead_score": -117.48063044706802, "predicted_hit": false, "predicted_failed": false, "predicted_distance_m": 0.6447732750081093}
{"stage": "MPPI lookahead optimization", "iteration": 262, "window_iteration": 1, "command_step": 42, "maneuver_time_s": 1.4, "lookahead_s": 0.4}
{"stage": "MPPI lookahead optimization", "iteration": 263, "window_iteration": 2, "command_step": 42, "maneuver_time_s": 1.4, "lookahead_s": 0.4}
{"stage": "MPPI lookahead optimization", "iteration": 264, "window_iteration": 3, "command_step": 42, "maneuver_time_s": 1.4, "lookahead_s": 0.4}
{"stage": "MPPI lookahead optimization", "iteration": 265, "window_iteration": 4, "command_step": 42, "maneuver_time_s": 1.4, "lookahead_s": 0.4}
{"stage": "MPPI lookahead optimization", "iteration": 266, "window_iteration": 5, "command_step": 42, "maneuver_time_s": 1.4, "lookahead_s": 0.4}
{"stage": "MPPI lookahead optimization", "iteration": 267, "window_iteration": 6, "command_step": 42, "maneuver_time_s": 1.4, "lookahead_s": 0.4}
{"stage": "MPPI lookahead optimization", "iteration": 268, "window_iteration": 7, "command_step": 42, "maneuver_time_s": 1.4, "lookahead_s": 0.4}
{"stage": "MPPI lookahead optimization", "iteration": 269, "window_iteration": 8, "command_step": 42, "maneuver_time_s": 1.4, "lookahead_s": 0.4}
{"stage": "MPPI lookahead optimization", "iteration": 270, "window_iteration": 9, "command_step": 42, "maneuver_time_s": 1.4, "lookahead_s": 0.4}
{"stage": "MPPI lookahead optimization", "iteration": 271, "window_iteration": 10, "command_step": 42, "maneuver_time_s": 1.4, "lookahead_s": 0.4}
{"stage": "MPPI lookahead optimization", "iteration": 272, "window_iteration": 11, "command_step": 42, "maneuver_time_s": 1.4, "lookahead_s": 0.4}
{"stage": "MPPI lookahead optimization", "iteration": 273, "window_iteration": 12, "command_step": 42, "maneuver_time_s": 1.4, "lookahead_s": 0.4}
{"stage": "MPPI lookahead optimization", "iteration": 274, "window_iteration": 13, "command_step": 42, "maneuver_time_s": 1.4, "lookahead_s": 0.4}
{"stage": "MPPI lookahead optimization", "iteration": 275, "window_iteration": 14, "command_step": 42, "maneuver_time_s": 1.4, "lookahead_s": 0.4}
{"stage": "Committing next 30 Hz command", "iteration": 275, "command_step": 42}
{"stage": "MPPI command committed", "iteration": 275, "command_step": 43, "time_s": 1.4333333333333333, "iterations": 14, "stop_reason": "reward_plateau", "actual_reward": 7.461726174377526, "actual_success": false, "actual_failed": false, "actual_minimum_tip_distance_m": 0.6447732750081093, "lookahead_score": -131.79040727389165, "predicted_hit": false, "predicted_failed": false, "predicted_distance_m": 0.6447732750081093}
{"stage": "MPPI lookahead optimization", "iteration": 276, "window_iteration": 1, "command_step": 43, "maneuver_time_s": 1.4333333333333333, "lookahead_s": 0.4}
{"stage": "MPPI lookahead optimization", "iteration": 277, "window_iteration": 2, "command_step": 43, "maneuver_time_s": 1.4333333333333333, "lookahead_s": 0.4}
{"stage": "MPPI lookahead optimization", "iteration": 278, "window_iteration": 3, "command_step": 43, "maneuver_time_s": 1.4333333333333333, "lookahead_s": 0.4}
{"stage": "MPPI lookahead optimization", "iteration": 279, "window_iteration": 4, "command_step": 43, "maneuver_time_s": 1.4333333333333333, "lookahead_s": 0.4}
{"stage": "MPPI lookahead optimization", "iteration": 280, "window_iteration": 5, "command_step": 43, "maneuver_time_s": 1.4333333333333333, "lookahead_s": 0.4}
{"stage": "MPPI lookahead optimization", "iteration": 281, "window_iteration": 6, "command_step": 43, "maneuver_time_s": 1.4333333333333333, "lookahead_s": 0.4}
{"stage": "MPPI lookahead optimization", "iteration": 282, "window_iteration": 7, "command_step": 43, "maneuver_time_s": 1.4333333333333333, "lookahead_s": 0.4}
{"stage": "Committing next 30 Hz command", "iteration": 282, "command_step": 43}
{"stage": "MPPI command committed", "iteration": 282, "command_step": 44, "time_s": 1.4666666666666666, "iterations": 7, "stop_reason": "reward_plateau", "actual_reward": 6.640903749511604, "actual_success": false, "actual_failed": false, "actual_minimum_tip_distance_m": 0.6447732750081093, "lookahead_score": -184.6079403401322, "predicted_hit": false, "predicted_failed": false, "predicted_distance_m": 0.6447732750081093}
{"stage": "MPPI lookahead optimization", "iteration": 283, "window_iteration": 1, "command_step": 44, "maneuver_time_s": 1.4666666666666666, "lookahead_s": 0.4}
{"stage": "MPPI lookahead optimization", "iteration": 284, "window_iteration": 2, "command_step": 44, "maneuver_time_s": 1.4666666666666666, "lookahead_s": 0.4}
{"stage": "MPPI lookahead optimization", "iteration": 285, "window_iteration": 3, "command_step": 44, "maneuver_time_s": 1.4666666666666666, "lookahead_s": 0.4}
{"stage": "MPPI lookahead optimization", "iteration": 286, "window_iteration": 4, "command_step": 44, "maneuver_time_s": 1.4666666666666666, "lookahead_s": 0.4}
{"stage": "MPPI lookahead optimization", "iteration": 287, "window_iteration": 5, "command_step": 44, "maneuver_time_s": 1.4666666666666666, "lookahead_s": 0.4}
{"stage": "MPPI lookahead optimization", "iteration": 288, "window_iteration": 6, "command_step": 44, "maneuver_time_s": 1.4666666666666666, "lookahead_s": 0.4}
{"stage": "MPPI lookahead optimization", "iteration": 289, "window_iteration": 7, "command_step": 44, "maneuver_time_s": 1.4666666666666666, "lookahead_s": 0.4}
{"stage": "MPPI lookahead optimization", "iteration": 290, "window_iteration": 8, "command_step": 44, "maneuver_time_s": 1.4666666666666666, "lookahead_s": 0.4}
{"stage": "MPPI lookahead optimization", "iteration": 291, "window_iteration": 9, "command_step": 44, "maneuver_time_s": 1.4666666666666666, "lookahead_s": 0.4}
{"stage": "MPPI lookahead optimization", "iteration": 292, "window_iteration": 10, "command_step": 44, "maneuver_time_s": 1.4666666666666666, "lookahead_s": 0.4}
{"stage": "MPPI lookahead optimization", "iteration": 293, "window_iteration": 11, "command_step": 44, "maneuver_time_s": 1.4666666666666666, "lookahead_s": 0.4}
{"stage": "MPPI lookahead optimization", "iteration": 294, "window_iteration": 12, "command_step": 44, "maneuver_time_s": 1.4666666666666666, "lookahead_s": 0.4}
{"stage": "MPPI lookahead optimization", "iteration": 295, "window_iteration": 13, "command_step": 44, "maneuver_time_s": 1.4666666666666666, "lookahead_s": 0.4}
{"stage": "MPPI lookahead optimization", "iteration": 296, "window_iteration": 14, "command_step": 44, "maneuver_time_s": 1.4666666666666666, "lookahead_s": 0.4}
{"stage": "MPPI lookahead optimization", "iteration": 297, "window_iteration": 15, "command_step": 44, "maneuver_time_s": 1.4666666666666666, "lookahead_s": 0.4}
{"stage": "MPPI lookahead optimization", "iteration": 298, "window_iteration": 16, "command_step": 44, "maneuver_time_s": 1.4666666666666666, "lookahead_s": 0.4}
{"stage": "Committing next 30 Hz command", "iteration": 298, "command_step": 44}
{"stage": "MPPI command committed", "iteration": 298, "command_step": 45, "time_s": 1.5, "iterations": 16, "stop_reason": "reward_plateau", "actual_reward": 5.81859228760883, "actual_success": false, "actual_failed": false, "actual_minimum_tip_distance_m": 0.6447732750081093, "lookahead_score": -292.45383370436474, "predicted_hit": false, "predicted_failed": false, "predicted_distance_m": 0.6447732750081093}
{"stage": "MPPI lookahead optimization", "iteration": 299, "window_iteration": 1, "command_step": 45, "maneuver_time_s": 1.5, "lookahead_s": 0.4}
{"stage": "MPPI lookahead optimization", "iteration": 300, "window_iteration": 2, "command_step": 45, "maneuver_time_s": 1.5, "lookahead_s": 0.4}
{"stage": "MPPI lookahead optimization", "iteration": 301, "window_iteration": 3, "command_step": 45, "maneuver_time_s": 1.5, "lookahead_s": 0.4}
{"stage": "MPPI lookahead optimization", "iteration": 302, "window_iteration": 4, "command_step": 45, "maneuver_time_s": 1.5, "lookahead_s": 0.4}
{"stage": "MPPI lookahead optimization", "iteration": 303, "window_iteration": 5, "command_step": 45, "maneuver_time_s": 1.5, "lookahead_s": 0.4}
{"stage": "MPPI lookahead optimization", "iteration": 304, "window_iteration": 6, "command_step": 45, "maneuver_time_s": 1.5, "lookahead_s": 0.4}
{"stage": "MPPI lookahead optimization", "iteration": 305, "window_iteration": 7, "command_step": 45, "maneuver_time_s": 1.5, "lookahead_s": 0.4}
{"stage": "MPPI lookahead optimization", "iteration": 306, "window_iteration": 8, "command_step": 45, "maneuver_time_s": 1.5, "lookahead_s": 0.4}
{"stage": "MPPI lookahead optimization", "iteration": 307, "window_iteration": 9, "command_step": 45, "maneuver_time_s": 1.5, "lookahead_s": 0.4}
{"stage": "MPPI lookahead optimization", "iteration": 308, "window_iteration": 10, "command_step": 45, "maneuver_time_s": 1.5, "lookahead_s": 0.4}
{"stage": "MPPI lookahead optimization", "iteration": 309, "window_iteration": 11, "command_step": 45, "maneuver_time_s": 1.5, "lookahead_s": 0.4}
{"stage": "MPPI lookahead optimization", "iteration": 310, "window_iteration": 12, "command_step": 45, "maneuver_time_s": 1.5, "lookahead_s": 0.4}
{"stage": "MPPI lookahead optimization", "iteration": 311, "window_iteration": 13, "command_step": 45, "maneuver_time_s": 1.5, "lookahead_s": 0.4}
{"stage": "MPPI lookahead optimization", "iteration": 312, "window_iteration": 14, "command_step": 45, "maneuver_time_s": 1.5, "lookahead_s": 0.4}
{"stage": "MPPI lookahead optimization", "iteration": 313, "window_iteration": 15, "command_step": 45, "maneuver_time_s": 1.5, "lookahead_s": 0.4}
{"stage": "MPPI lookahead optimization", "iteration": 314, "window_iteration": 16, "command_step": 45, "maneuver_time_s": 1.5, "lookahead_s": 0.4}
{"stage": "MPPI lookahead optimization", "iteration": 315, "window_iteration": 17, "command_step": 45, "maneuver_time_s": 1.5, "lookahead_s": 0.4}
{"stage": "MPPI lookahead optimization", "iteration": 316, "window_iteration": 18, "command_step": 45, "maneuver_time_s": 1.5, "lookahead_s": 0.4}
{"stage": "MPPI lookahead optimization", "iteration": 317, "window_iteration": 19, "command_step": 45, "maneuver_time_s": 1.5, "lookahead_s": 0.4}
{"stage": "MPPI lookahead optimization", "iteration": 318, "window_iteration": 20, "command_step": 45, "maneuver_time_s": 1.5, "lookahead_s": 0.4}
{"stage": "MPPI lookahead optimization", "iteration": 319, "window_iteration": 21, "command_step": 45, "maneuver_time_s": 1.5, "lookahead_s": 0.4}
{"stage": "MPPI lookahead optimization", "iteration": 320, "window_iteration": 22, "command_step": 45, "maneuver_time_s": 1.5, "lookahead_s": 0.4}
{"stage": "MPPI lookahead optimization", "iteration": 321, "window_iteration": 23, "command_step": 45, "maneuver_time_s": 1.5, "lookahead_s": 0.4}
{"stage": "MPPI lookahead optimization", "iteration": 322, "window_iteration": 24, "command_step": 45, "maneuver_time_s": 1.5, "lookahead_s": 0.4}
{"stage": "MPPI lookahead optimization", "iteration": 323, "window_iteration": 25, "command_step": 45, "maneuver_time_s": 1.5, "lookahead_s": 0.4}
{"stage": "Committing next 30 Hz command", "iteration": 323, "command_step": 45}
{"stage": "MPPI command committed", "iteration": 323, "command_step": 46, "time_s": 1.5333333333333334, "iterations": 25, "stop_reason": "reward_plateau", "actual_reward": 4.992697865793165, "actual_success": false, "actual_failed": false, "actual_minimum_tip_distance_m": 0.6447732750081093, "lookahead_score": -151.87024787237843, "predicted_hit": false, "predicted_failed": false, "predicted_distance_m": 0.6447732750081093}
{"stage": "MPPI lookahead optimization", "iteration": 324, "window_iteration": 1, "command_step": 46, "maneuver_time_s": 1.5333333333333334, "lookahead_s": 0.4}
{"stage": "MPPI lookahead optimization", "iteration": 325, "window_iteration": 2, "command_step": 46, "maneuver_time_s": 1.5333333333333334, "lookahead_s": 0.4}
{"stage": "MPPI lookahead optimization", "iteration": 326, "window_iteration": 3, "command_step": 46, "maneuver_time_s": 1.5333333333333334, "lookahead_s": 0.4}
{"stage": "MPPI lookahead optimization", "iteration": 327, "window_iteration": 4, "command_step": 46, "maneuver_time_s": 1.5333333333333334, "lookahead_s": 0.4}
{"stage": "Committing next 30 Hz command", "iteration": 327, "command_step": 46}
{"stage": "MPPI command committed", "iteration": 327, "command_step": 47, "time_s": 1.5666666666666667, "iterations": 4, "stop_reason": "reward_plateau", "actual_reward": 4.160087883571811, "actual_success": false, "actual_failed": false, "actual_minimum_tip_distance_m": 0.6447732750081093, "lookahead_score": -116.01792154171895, "predicted_hit": false, "predicted_failed": false, "predicted_distance_m": 0.6447732750081093}
{"stage": "MPPI lookahead optimization", "iteration": 328, "window_iteration": 1, "command_step": 47, "maneuver_time_s": 1.5666666666666667, "lookahead_s": 0.4}
{"stage": "MPPI lookahead optimization", "iteration": 329, "window_iteration": 2, "command_step": 47, "maneuver_time_s": 1.5666666666666667, "lookahead_s": 0.4}
{"stage": "MPPI lookahead optimization", "iteration": 330, "window_iteration": 3, "command_step": 47, "maneuver_time_s": 1.5666666666666667, "lookahead_s": 0.4}
{"stage": "MPPI lookahead optimization", "iteration": 331, "window_iteration": 4, "command_step": 47, "maneuver_time_s": 1.5666666666666667, "lookahead_s": 0.4}
{"stage": "Committing next 30 Hz command", "iteration": 331, "command_step": 47}
{"stage": "MPPI command committed", "iteration": 331, "command_step": 48, "time_s": 1.6, "iterations": 4, "stop_reason": "reward_plateau", "actual_reward": 3.317162934434327, "actual_success": false, "actual_failed": false, "actual_minimum_tip_distance_m": 0.6447732750081093, "lookahead_score": -94.78084399357053, "predicted_hit": false, "predicted_failed": false, "predicted_distance_m": 0.6447732750081093}
{"stage": "MPPI lookahead optimization", "iteration": 332, "window_iteration": 1, "command_step": 48, "maneuver_time_s": 1.6, "lookahead_s": 0.4}
{"stage": "MPPI lookahead optimization", "iteration": 333, "window_iteration": 2, "command_step": 48, "maneuver_time_s": 1.6, "lookahead_s": 0.4}
{"stage": "MPPI lookahead optimization", "iteration": 334, "window_iteration": 3, "command_step": 48, "maneuver_time_s": 1.6, "lookahead_s": 0.4}
{"stage": "MPPI lookahead optimization", "iteration": 335, "window_iteration": 4, "command_step": 48, "maneuver_time_s": 1.6, "lookahead_s": 0.4}
{"stage": "Committing next 30 Hz command", "iteration": 335, "command_step": 48}
{"stage": "MPPI command committed", "iteration": 335, "command_step": 49, "time_s": 1.6333333333333333, "iterations": 4, "stop_reason": "reward_plateau", "actual_reward": 2.4597007400913617, "actual_success": false, "actual_failed": false, "actual_minimum_tip_distance_m": 0.6447732750081093, "lookahead_score": -82.38840582161836, "predicted_hit": false, "predicted_failed": false, "predicted_distance_m": 0.6447732750081093}
{"stage": "MPPI lookahead optimization", "iteration": 336, "window_iteration": 1, "command_step": 49, "maneuver_time_s": 1.6333333333333333, "lookahead_s": 0.4}
{"stage": "MPPI lookahead optimization", "iteration": 337, "window_iteration": 2, "command_step": 49, "maneuver_time_s": 1.6333333333333333, "lookahead_s": 0.4}
{"stage": "MPPI lookahead optimization", "iteration": 338, "window_iteration": 3, "command_step": 49, "maneuver_time_s": 1.6333333333333333, "lookahead_s": 0.4}
{"stage": "MPPI lookahead optimization", "iteration": 339, "window_iteration": 4, "command_step": 49, "maneuver_time_s": 1.6333333333333333, "lookahead_s": 0.4}
{"stage": "Committing next 30 Hz command", "iteration": 339, "command_step": 49}
{"stage": "MPPI command committed", "iteration": 339, "command_step": 50, "time_s": 1.6666666666666667, "iterations": 4, "stop_reason": "reward_plateau", "actual_reward": 1.58331510660686, "actual_success": false, "actual_failed": false, "actual_minimum_tip_distance_m": 0.6447732750081093, "lookahead_score": -74.85897717610592, "predicted_hit": false, "predicted_failed": false, "predicted_distance_m": 0.6447732750081093}
{"stage": "MPPI lookahead optimization", "iteration": 340, "window_iteration": 1, "command_step": 50, "maneuver_time_s": 1.6666666666666667, "lookahead_s": 0.4}
{"stage": "MPPI lookahead optimization", "iteration": 341, "window_iteration": 2, "command_step": 50, "maneuver_time_s": 1.6666666666666667, "lookahead_s": 0.4}
{"stage": "MPPI lookahead optimization", "iteration": 342, "window_iteration": 3, "command_step": 50, "maneuver_time_s": 1.6666666666666667, "lookahead_s": 0.4}
{"stage": "MPPI lookahead optimization", "iteration": 343, "window_iteration": 4, "command_step": 50, "maneuver_time_s": 1.6666666666666667, "lookahead_s": 0.4}
{"stage": "Committing next 30 Hz command", "iteration": 343, "command_step": 50}
{"stage": "MPPI command committed", "iteration": 343, "command_step": 51, "time_s": 1.7, "iterations": 4, "stop_reason": "reward_plateau", "actual_reward": 0.6845507339124216, "actual_success": false, "actual_failed": false, "actual_minimum_tip_distance_m": 0.6447732750081093, "lookahead_score": -69.51376386846513, "predicted_hit": false, "predicted_failed": false, "predicted_distance_m": 0.6447732750081093}
{"stage": "MPPI lookahead optimization", "iteration": 344, "window_iteration": 1, "command_step": 51, "maneuver_time_s": 1.7, "lookahead_s": 0.4}
{"stage": "MPPI lookahead optimization", "iteration": 345, "window_iteration": 2, "command_step": 51, "maneuver_time_s": 1.7, "lookahead_s": 0.4}
{"stage": "MPPI lookahead optimization", "iteration": 346, "window_iteration": 3, "command_step": 51, "maneuver_time_s": 1.7, "lookahead_s": 0.4}
{"stage": "MPPI lookahead optimization", "iteration": 347, "window_iteration": 4, "command_step": 51, "maneuver_time_s": 1.7, "lookahead_s": 0.4}
{"stage": "Committing next 30 Hz command", "iteration": 347, "command_step": 51}
{"stage": "MPPI command committed", "iteration": 347, "command_step": 52, "time_s": 1.7333333333333334, "iterations": 4, "stop_reason": "reward_plateau", "actual_reward": -0.2394811344477632, "actual_success": false, "actual_failed": false, "actual_minimum_tip_distance_m": 0.6447732750081093, "lookahead_score": -65.2581778644308, "predicted_hit": false, "predicted_failed": false, "predicted_distance_m": 0.6447732750081093}
{"stage": "MPPI lookahead optimization", "iteration": 348, "window_iteration": 1, "command_step": 52, "maneuver_time_s": 1.7333333333333334, "lookahead_s": 0.4}
{"stage": "MPPI lookahead optimization", "iteration": 349, "window_iteration": 2, "command_step": 52, "maneuver_time_s": 1.7333333333333334, "lookahead_s": 0.4}
{"stage": "MPPI lookahead optimization", "iteration": 350, "window_iteration": 3, "command_step": 52, "maneuver_time_s": 1.7333333333333334, "lookahead_s": 0.4}
{"stage": "MPPI lookahead optimization", "iteration": 351, "window_iteration": 4, "command_step": 52, "maneuver_time_s": 1.7333333333333334, "lookahead_s": 0.4}
{"stage": "Committing next 30 Hz command", "iteration": 351, "command_step": 52}
{"stage": "MPPI command committed", "iteration": 351, "command_step": 53, "time_s": 1.7666666666666666, "iterations": 4, "stop_reason": "reward_plateau", "actual_reward": -1.1897542268879042, "actual_success": false, "actual_failed": false, "actual_minimum_tip_distance_m": 0.6447732750081093, "lookahead_score": -62.40748239243479, "predicted_hit": false, "predicted_failed": false, "predicted_distance_m": 0.6447732750081093}
{"stage": "MPPI lookahead optimization", "iteration": 352, "window_iteration": 1, "command_step": 53, "maneuver_time_s": 1.7666666666666666, "lookahead_s": 0.4}
{"stage": "MPPI lookahead optimization", "iteration": 353, "window_iteration": 2, "command_step": 53, "maneuver_time_s": 1.7666666666666666, "lookahead_s": 0.4}
{"stage": "MPPI lookahead optimization", "iteration": 354, "window_iteration": 3, "command_step": 53, "maneuver_time_s": 1.7666666666666666, "lookahead_s": 0.4}
{"stage": "MPPI lookahead optimization", "iteration": 355, "window_iteration": 4, "command_step": 53, "maneuver_time_s": 1.7666666666666666, "lookahead_s": 0.4}
{"stage": "Committing next 30 Hz command", "iteration": 355, "command_step": 53}
{"stage": "MPPI command committed", "iteration": 355, "command_step": 54, "time_s": 1.8, "iterations": 4, "stop_reason": "reward_plateau", "actual_reward": -2.16636427459303, "actual_success": false, "actual_failed": false, "actual_minimum_tip_distance_m": 0.6447732750081093, "lookahead_score": -60.462155986799445, "predicted_hit": false, "predicted_failed": false, "predicted_distance_m": 0.6447732750081093}
{"stage": "MPPI lookahead optimization", "iteration": 356, "window_iteration": 1, "command_step": 54, "maneuver_time_s": 1.8, "lookahead_s": 0.4}
{"stage": "MPPI lookahead optimization", "iteration": 357, "window_iteration": 2, "command_step": 54, "maneuver_time_s": 1.8, "lookahead_s": 0.4}
{"stage": "MPPI lookahead optimization", "iteration": 358, "window_iteration": 3, "command_step": 54, "maneuver_time_s": 1.8, "lookahead_s": 0.4}
{"stage": "MPPI lookahead optimization", "iteration": 359, "window_iteration": 4, "command_step": 54, "maneuver_time_s": 1.8, "lookahead_s": 0.4}
{"stage": "MPPI lookahead optimization", "iteration": 360, "window_iteration": 5, "command_step": 54, "maneuver_time_s": 1.8, "lookahead_s": 0.4}
{"stage": "MPPI lookahead optimization", "iteration": 361, "window_iteration": 6, "command_step": 54, "maneuver_time_s": 1.8, "lookahead_s": 0.4}
{"stage": "Committing next 30 Hz command", "iteration": 361, "command_step": 54}
{"stage": "MPPI command committed", "iteration": 361, "command_step": 55, "time_s": 1.8333333333333333, "iterations": 6, "stop_reason": "reward_plateau", "actual_reward": -3.1685942615394658, "actual_success": false, "actual_failed": false, "actual_minimum_tip_distance_m": 0.6447732750081093, "lookahead_score": -59.269798903832566, "predicted_hit": false, "predicted_failed": false, "predicted_distance_m": 0.6447732750081093}
{"stage": "MPPI lookahead optimization", "iteration": 362, "window_iteration": 1, "command_step": 55, "maneuver_time_s": 1.8333333333333333, "lookahead_s": 0.4}
{"stage": "MPPI lookahead optimization", "iteration": 363, "window_iteration": 2, "command_step": 55, "maneuver_time_s": 1.8333333333333333, "lookahead_s": 0.4}
{"stage": "MPPI lookahead optimization", "iteration": 364, "window_iteration": 3, "command_step": 55, "maneuver_time_s": 1.8333333333333333, "lookahead_s": 0.4}
{"stage": "MPPI lookahead optimization", "iteration": 365, "window_iteration": 4, "command_step": 55, "maneuver_time_s": 1.8333333333333333, "lookahead_s": 0.4}
{"stage": "MPPI lookahead optimization", "iteration": 366, "window_iteration": 5, "command_step": 55, "maneuver_time_s": 1.8333333333333333, "lookahead_s": 0.4}
{"stage": "MPPI lookahead optimization", "iteration": 367, "window_iteration": 6, "command_step": 55, "maneuver_time_s": 1.8333333333333333, "lookahead_s": 0.4}
{"stage": "Committing next 30 Hz command", "iteration": 367, "command_step": 55}
{"stage": "MPPI command committed", "iteration": 367, "command_step": 56, "time_s": 1.8666666666666667, "iterations": 6, "stop_reason": "reward_plateau", "actual_reward": -4.195040567735793, "actual_success": false, "actual_failed": false, "actual_minimum_tip_distance_m": 0.6447732750081093, "lookahead_score": -59.19465136168911, "predicted_hit": false, "predicted_failed": false, "predicted_distance_m": 0.6447732750081093}
{"stage": "MPPI lookahead optimization", "iteration": 368, "window_iteration": 1, "command_step": 56, "maneuver_time_s": 1.8666666666666667, "lookahead_s": 0.4}
{"stage": "MPPI lookahead optimization", "iteration": 369, "window_iteration": 2, "command_step": 56, "maneuver_time_s": 1.8666666666666667, "lookahead_s": 0.4}
{"stage": "MPPI lookahead optimization", "iteration": 370, "window_iteration": 3, "command_step": 56, "maneuver_time_s": 1.8666666666666667, "lookahead_s": 0.4}
{"stage": "MPPI lookahead optimization", "iteration": 371, "window_iteration": 4, "command_step": 56, "maneuver_time_s": 1.8666666666666667, "lookahead_s": 0.4}
{"stage": "Committing next 30 Hz command", "iteration": 371, "command_step": 56}
{"stage": "MPPI command committed", "iteration": 371, "command_step": 57, "time_s": 1.9, "iterations": 4, "stop_reason": "reward_plateau", "actual_reward": -5.243737426051927, "actual_success": false, "actual_failed": false, "actual_minimum_tip_distance_m": 0.6447732750081093, "lookahead_score": -59.995105866462744, "predicted_hit": false, "predicted_failed": false, "predicted_distance_m": 0.6447732750081093}
{"stage": "MPPI lookahead optimization", "iteration": 372, "window_iteration": 1, "command_step": 57, "maneuver_time_s": 1.9, "lookahead_s": 0.4}
{"stage": "MPPI lookahead optimization", "iteration": 373, "window_iteration": 2, "command_step": 57, "maneuver_time_s": 1.9, "lookahead_s": 0.4}
{"stage": "MPPI lookahead optimization", "iteration": 374, "window_iteration": 3, "command_step": 57, "maneuver_time_s": 1.9, "lookahead_s": 0.4}
{"stage": "MPPI lookahead optimization", "iteration": 375, "window_iteration": 4, "command_step": 57, "maneuver_time_s": 1.9, "lookahead_s": 0.4}
{"stage": "Committing next 30 Hz command", "iteration": 375, "command_step": 57}
{"stage": "MPPI command committed", "iteration": 375, "command_step": 58, "time_s": 1.9333333333333333, "iterations": 4, "stop_reason": "reward_plateau", "actual_reward": -6.311180581306967, "actual_success": false, "actual_failed": false, "actual_minimum_tip_distance_m": 0.6447732750081093, "lookahead_score": -61.8149776272983, "predicted_hit": false, "predicted_failed": false, "predicted_distance_m": 0.6447732750081093}
{"stage": "MPPI lookahead optimization", "iteration": 376, "window_iteration": 1, "command_step": 58, "maneuver_time_s": 1.9333333333333333, "lookahead_s": 0.4}
{"stage": "MPPI lookahead optimization", "iteration": 377, "window_iteration": 2, "command_step": 58, "maneuver_time_s": 1.9333333333333333, "lookahead_s": 0.4}
{"stage": "MPPI lookahead optimization", "iteration": 378, "window_iteration": 3, "command_step": 58, "maneuver_time_s": 1.9333333333333333, "lookahead_s": 0.4}
{"stage": "MPPI lookahead optimization", "iteration": 379, "window_iteration": 4, "command_step": 58, "maneuver_time_s": 1.9333333333333333, "lookahead_s": 0.4}
{"stage": "Committing next 30 Hz command", "iteration": 379, "command_step": 58}
{"stage": "MPPI command committed", "iteration": 379, "command_step": 59, "time_s": 1.9666666666666666, "iterations": 4, "stop_reason": "reward_plateau", "actual_reward": -7.392924330011082, "actual_success": false, "actual_failed": false, "actual_minimum_tip_distance_m": 0.6447732750081093, "lookahead_score": -64.72511258703103, "predicted_hit": false, "predicted_failed": false, "predicted_distance_m": 0.6447732750081093}
{"stage": "MPPI lookahead optimization", "iteration": 380, "window_iteration": 1, "command_step": 59, "maneuver_time_s": 1.9666666666666666, "lookahead_s": 0.4}
{"stage": "MPPI lookahead optimization", "iteration": 381, "window_iteration": 2, "command_step": 59, "maneuver_time_s": 1.9666666666666666, "lookahead_s": 0.4}
{"stage": "MPPI lookahead optimization", "iteration": 382, "window_iteration": 3, "command_step": 59, "maneuver_time_s": 1.9666666666666666, "lookahead_s": 0.4}
{"stage": "MPPI lookahead optimization", "iteration": 383, "window_iteration": 4, "command_step": 59, "maneuver_time_s": 1.9666666666666666, "lookahead_s": 0.4}
{"stage": "Committing next 30 Hz command", "iteration": 383, "command_step": 59}
{"stage": "MPPI command committed", "iteration": 383, "command_step": 60, "time_s": 2.0, "iterations": 4, "stop_reason": "reward_plateau", "actual_reward": -8.4838381849436, "actual_success": false, "actual_failed": false, "actual_minimum_tip_distance_m": 0.6447732750081093, "lookahead_score": -68.48850075254221, "predicted_hit": false, "predicted_failed": false, "predicted_distance_m": 0.6447732750081093}
{"stage": "MPPI lookahead optimization", "iteration": 384, "window_iteration": 1, "command_step": 60, "maneuver_time_s": 2.0, "lookahead_s": 0.4}
{"stage": "MPPI lookahead optimization", "iteration": 385, "window_iteration": 2, "command_step": 60, "maneuver_time_s": 2.0, "lookahead_s": 0.4}
{"stage": "MPPI lookahead optimization", "iteration": 386, "window_iteration": 3, "command_step": 60, "maneuver_time_s": 2.0, "lookahead_s": 0.4}
{"stage": "MPPI lookahead optimization", "iteration": 387, "window_iteration": 4, "command_step": 60, "maneuver_time_s": 2.0, "lookahead_s": 0.4}
{"stage": "Committing next 30 Hz command", "iteration": 387, "command_step": 60}
{"stage": "MPPI command committed", "iteration": 387, "command_step": 61, "time_s": 2.033333333333333, "iterations": 4, "stop_reason": "reward_plateau", "actual_reward": -9.577974646217228, "actual_success": false, "actual_failed": false, "actual_minimum_tip_distance_m": 0.6447732750081093, "lookahead_score": -73.1453705536805, "predicted_hit": false, "predicted_failed": false, "predicted_distance_m": 0.6447732750081093}
{"stage": "MPPI lookahead optimization", "iteration": 388, "window_iteration": 1, "command_step": 61, "maneuver_time_s": 2.033333333333333, "lookahead_s": 0.4}
{"stage": "MPPI lookahead optimization", "iteration": 389, "window_iteration": 2, "command_step": 61, "maneuver_time_s": 2.033333333333333, "lookahead_s": 0.4}
{"stage": "MPPI lookahead optimization", "iteration": 390, "window_iteration": 3, "command_step": 61, "maneuver_time_s": 2.033333333333333, "lookahead_s": 0.4}
{"stage": "MPPI lookahead optimization", "iteration": 391, "window_iteration": 4, "command_step": 61, "maneuver_time_s": 2.033333333333333, "lookahead_s": 0.4}
{"stage": "Committing next 30 Hz command", "iteration": 391, "command_step": 61}
{"stage": "MPPI command committed", "iteration": 391, "command_step": 62, "time_s": 2.066666666666667, "iterations": 4, "stop_reason": "reward_plateau", "actual_reward": -10.669067208348903, "actual_success": false, "actual_failed": false, "actual_minimum_tip_distance_m": 0.6447732750081093, "lookahead_score": -79.01715794174083, "predicted_hit": false, "predicted_failed": false, "predicted_distance_m": 0.6447732750081093}
{"stage": "MPPI lookahead optimization", "iteration": 392, "window_iteration": 1, "command_step": 62, "maneuver_time_s": 2.066666666666667, "lookahead_s": 0.4}
{"stage": "MPPI lookahead optimization", "iteration": 393, "window_iteration": 2, "command_step": 62, "maneuver_time_s": 2.066666666666667, "lookahead_s": 0.4}
{"stage": "MPPI lookahead optimization", "iteration": 394, "window_iteration": 3, "command_step": 62, "maneuver_time_s": 2.066666666666667, "lookahead_s": 0.4}
{"stage": "MPPI lookahead optimization", "iteration": 395, "window_iteration": 4, "command_step": 62, "maneuver_time_s": 2.066666666666667, "lookahead_s": 0.4}
{"stage": "Committing next 30 Hz command", "iteration": 395, "command_step": 62}
{"stage": "MPPI command committed", "iteration": 395, "command_step": 63, "time_s": 2.1, "iterations": 4, "stop_reason": "reward_plateau", "actual_reward": -11.751306718764221, "actual_success": false, "actual_failed": false, "actual_minimum_tip_distance_m": 0.6447732750081093, "lookahead_score": -86.16904463598065, "predicted_hit": false, "predicted_failed": false, "predicted_distance_m": 0.6447732750081093}
{"stage": "MPPI lookahead optimization", "iteration": 396, "window_iteration": 1, "command_step": 63, "maneuver_time_s": 2.1, "lookahead_s": 0.4}
{"stage": "MPPI lookahead optimization", "iteration": 397, "window_iteration": 2, "command_step": 63, "maneuver_time_s": 2.1, "lookahead_s": 0.4}
{"stage": "MPPI lookahead optimization", "iteration": 398, "window_iteration": 3, "command_step": 63, "maneuver_time_s": 2.1, "lookahead_s": 0.4}
{"stage": "MPPI lookahead optimization", "iteration": 399, "window_iteration": 4, "command_step": 63, "maneuver_time_s": 2.1, "lookahead_s": 0.4}
{"stage": "Committing next 30 Hz command", "iteration": 399, "command_step": 63}
{"stage": "MPPI command committed", "iteration": 399, "command_step": 64, "time_s": 2.1333333333333333, "iterations": 4, "stop_reason": "reward_plateau", "actual_reward": -12.819991091870683, "actual_success": false, "actual_failed": false, "actual_minimum_tip_distance_m": 0.6447732750081093, "lookahead_score": -94.18882117756297, "predicted_hit": false, "predicted_failed": false, "predicted_distance_m": 0.6447732750081093}
{"stage": "MPPI lookahead optimization", "iteration": 400, "window_iteration": 1, "command_step": 64, "maneuver_time_s": 2.1333333333333333, "lookahead_s": 0.4}
{"stage": "MPPI lookahead optimization", "iteration": 401, "window_iteration": 2, "command_step": 64, "maneuver_time_s": 2.1333333333333333, "lookahead_s": 0.4}
{"stage": "MPPI lookahead optimization", "iteration": 402, "window_iteration": 3, "command_step": 64, "maneuver_time_s": 2.1333333333333333, "lookahead_s": 0.4}
{"stage": "MPPI lookahead optimization", "iteration": 403, "window_iteration": 4, "command_step": 64, "maneuver_time_s": 2.1333333333333333, "lookahead_s": 0.4}
{"stage": "Committing next 30 Hz command", "iteration": 403, "command_step": 64}
{"stage": "MPPI command committed", "iteration": 403, "command_step": 65, "time_s": 2.1666666666666665, "iterations": 4, "stop_reason": "reward_plateau", "actual_reward": -13.871385980086918, "actual_success": false, "actual_failed": false, "actual_minimum_tip_distance_m": 0.6447732750081093, "lookahead_score": -102.85483474170994, "predicted_hit": false, "predicted_failed": false, "predicted_distance_m": 0.6447732750081093}
{"stage": "MPPI lookahead optimization", "iteration": 404, "window_iteration": 1, "command_step": 65, "maneuver_time_s": 2.1666666666666665, "lookahead_s": 0.4}
{"stage": "MPPI lookahead optimization", "iteration": 405, "window_iteration": 2, "command_step": 65, "maneuver_time_s": 2.1666666666666665, "lookahead_s": 0.4}
{"stage": "MPPI lookahead optimization", "iteration": 406, "window_iteration": 3, "command_step": 65, "maneuver_time_s": 2.1666666666666665, "lookahead_s": 0.4}
{"stage": "MPPI lookahead optimization", "iteration": 407, "window_iteration": 4, "command_step": 65, "maneuver_time_s": 2.1666666666666665, "lookahead_s": 0.4}
{"stage": "MPPI lookahead optimization", "iteration": 408, "window_iteration": 5, "command_step": 65, "maneuver_time_s": 2.1666666666666665, "lookahead_s": 0.4}
{"stage": "MPPI lookahead optimization", "iteration": 409, "window_iteration": 6, "command_step": 65, "maneuver_time_s": 2.1666666666666665, "lookahead_s": 0.4}
{"stage": "MPPI lookahead optimization", "iteration": 410, "window_iteration": 7, "command_step": 65, "maneuver_time_s": 2.1666666666666665, "lookahead_s": 0.4}
{"stage": "MPPI lookahead optimization", "iteration": 411, "window_iteration": 8, "command_step": 65, "maneuver_time_s": 2.1666666666666665, "lookahead_s": 0.4}
{"stage": "MPPI lookahead optimization", "iteration": 412, "window_iteration": 9, "command_step": 65, "maneuver_time_s": 2.1666666666666665, "lookahead_s": 0.4}
{"stage": "MPPI lookahead optimization", "iteration": 413, "window_iteration": 10, "command_step": 65, "maneuver_time_s": 2.1666666666666665, "lookahead_s": 0.4}
{"stage": "MPPI lookahead optimization", "iteration": 414, "window_iteration": 11, "command_step": 65, "maneuver_time_s": 2.1666666666666665, "lookahead_s": 0.4}
{"stage": "MPPI lookahead optimization", "iteration": 415, "window_iteration": 12, "command_step": 65, "maneuver_time_s": 2.1666666666666665, "lookahead_s": 0.4}
{"stage": "MPPI lookahead optimization", "iteration": 416, "window_iteration": 13, "command_step": 65, "maneuver_time_s": 2.1666666666666665, "lookahead_s": 0.4}
{"stage": "MPPI lookahead optimization", "iteration": 417, "window_iteration": 14, "command_step": 65, "maneuver_time_s": 2.1666666666666665, "lookahead_s": 0.4}
{"stage": "MPPI lookahead optimization", "iteration": 418, "window_iteration": 15, "command_step": 65, "maneuver_time_s": 2.1666666666666665, "lookahead_s": 0.4}
{"stage": "MPPI lookahead optimization", "iteration": 419, "window_iteration": 16, "command_step": 65, "maneuver_time_s": 2.1666666666666665, "lookahead_s": 0.4}
{"stage": "MPPI lookahead optimization", "iteration": 420, "window_iteration": 17, "command_step": 65, "maneuver_time_s": 2.1666666666666665, "lookahead_s": 0.4}
{"stage": "MPPI lookahead optimization", "iteration": 421, "window_iteration": 18, "command_step": 65, "maneuver_time_s": 2.1666666666666665, "lookahead_s": 0.4}
{"stage": "MPPI lookahead optimization", "iteration": 422, "window_iteration": 19, "command_step": 65, "maneuver_time_s": 2.1666666666666665, "lookahead_s": 0.4}
{"stage": "MPPI lookahead optimization", "iteration": 423, "window_iteration": 20, "command_step": 65, "maneuver_time_s": 2.1666666666666665, "lookahead_s": 0.4}
{"stage": "Committing next 30 Hz command", "iteration": 423, "command_step": 65}
{"stage": "MPPI command committed", "iteration": 423, "command_step": 66, "time_s": 2.2, "iterations": 20, "stop_reason": "reward_plateau", "actual_reward": -14.903410256668767, "actual_success": false, "actual_failed": false, "actual_minimum_tip_distance_m": 0.6447732750081093, "lookahead_score": -72.11184569260392, "predicted_hit": false, "predicted_failed": false, "predicted_distance_m": 0.6447732750081093}
{"stage": "MPPI lookahead optimization", "iteration": 424, "window_iteration": 1, "command_step": 66, "maneuver_time_s": 2.2, "lookahead_s": 0.4}
{"stage": "MPPI lookahead optimization", "iteration": 425, "window_iteration": 2, "command_step": 66, "maneuver_time_s": 2.2, "lookahead_s": 0.4}
{"stage": "MPPI lookahead optimization", "iteration": 426, "window_iteration": 3, "command_step": 66, "maneuver_time_s": 2.2, "lookahead_s": 0.4}
{"stage": "MPPI lookahead optimization", "iteration": 427, "window_iteration": 4, "command_step": 66, "maneuver_time_s": 2.2, "lookahead_s": 0.4}
{"stage": "MPPI lookahead optimization", "iteration": 428, "window_iteration": 5, "command_step": 66, "maneuver_time_s": 2.2, "lookahead_s": 0.4}
{"stage": "Committing next 30 Hz command", "iteration": 428, "command_step": 66}
{"stage": "MPPI command committed", "iteration": 428, "command_step": 67, "time_s": 2.2333333333333334, "iterations": 5, "stop_reason": "reward_plateau", "actual_reward": -15.914087482485915, "actual_success": false, "actual_failed": false, "actual_minimum_tip_distance_m": 0.6447732750081093, "lookahead_score": -69.57997143911182, "predicted_hit": false, "predicted_failed": false, "predicted_distance_m": 0.6447732750081093}
{"stage": "MPPI lookahead optimization", "iteration": 429, "window_iteration": 1, "command_step": 67, "maneuver_time_s": 2.2333333333333334, "lookahead_s": 0.4}
{"stage": "MPPI lookahead optimization", "iteration": 430, "window_iteration": 2, "command_step": 67, "maneuver_time_s": 2.2333333333333334, "lookahead_s": 0.4}
{"stage": "MPPI lookahead optimization", "iteration": 431, "window_iteration": 3, "command_step": 67, "maneuver_time_s": 2.2333333333333334, "lookahead_s": 0.4}
{"stage": "MPPI lookahead optimization", "iteration": 432, "window_iteration": 4, "command_step": 67, "maneuver_time_s": 2.2333333333333334, "lookahead_s": 0.4}
{"stage": "MPPI lookahead optimization", "iteration": 433, "window_iteration": 5, "command_step": 67, "maneuver_time_s": 2.2333333333333334, "lookahead_s": 0.4}
{"stage": "MPPI lookahead optimization", "iteration": 434, "window_iteration": 6, "command_step": 67, "maneuver_time_s": 2.2333333333333334, "lookahead_s": 0.4}
{"stage": "MPPI lookahead optimization", "iteration": 435, "window_iteration": 7, "command_step": 67, "maneuver_time_s": 2.2333333333333334, "lookahead_s": 0.4}
{"stage": "MPPI lookahead optimization", "iteration": 436, "window_iteration": 8, "command_step": 67, "maneuver_time_s": 2.2333333333333334, "lookahead_s": 0.4}
{"stage": "MPPI lookahead optimization", "iteration": 437, "window_iteration": 9, "command_step": 67, "maneuver_time_s": 2.2333333333333334, "lookahead_s": 0.4}
{"stage": "Committing next 30 Hz command", "iteration": 437, "command_step": 67}
{"stage": "MPPI command committed", "iteration": 437, "command_step": 68, "time_s": 2.2666666666666666, "iterations": 9, "stop_reason": "reward_plateau", "actual_reward": -16.902917646173957, "actual_success": false, "actual_failed": false, "actual_minimum_tip_distance_m": 0.6447732750081093, "lookahead_score": -74.17843286037345, "predicted_hit": false, "predicted_failed": false, "predicted_distance_m": 0.6447732750081093}
{"stage": "MPPI lookahead optimization", "iteration": 438, "window_iteration": 1, "command_step": 68, "maneuver_time_s": 2.2666666666666666, "lookahead_s": 0.4}
{"stage": "MPPI lookahead optimization", "iteration": 439, "window_iteration": 2, "command_step": 68, "maneuver_time_s": 2.2666666666666666, "lookahead_s": 0.4}
{"stage": "MPPI lookahead optimization", "iteration": 440, "window_iteration": 3, "command_step": 68, "maneuver_time_s": 2.2666666666666666, "lookahead_s": 0.4}
{"stage": "MPPI lookahead optimization", "iteration": 441, "window_iteration": 4, "command_step": 68, "maneuver_time_s": 2.2666666666666666, "lookahead_s": 0.4}
{"stage": "MPPI lookahead optimization", "iteration": 442, "window_iteration": 5, "command_step": 68, "maneuver_time_s": 2.2666666666666666, "lookahead_s": 0.4}
{"stage": "MPPI lookahead optimization", "iteration": 443, "window_iteration": 6, "command_step": 68, "maneuver_time_s": 2.2666666666666666, "lookahead_s": 0.4}
{"stage": "Committing next 30 Hz command", "iteration": 443, "command_step": 68}
{"stage": "MPPI command committed", "iteration": 443, "command_step": 69, "time_s": 2.3, "iterations": 6, "stop_reason": "reward_plateau", "actual_reward": -17.869937795280055, "actual_success": false, "actual_failed": false, "actual_minimum_tip_distance_m": 0.6447732750081093, "lookahead_score": -90.24071800375725, "predicted_hit": false, "predicted_failed": false, "predicted_distance_m": 0.6447732750081093}
{"stage": "MPPI lookahead optimization", "iteration": 444, "window_iteration": 1, "command_step": 69, "maneuver_time_s": 2.3, "lookahead_s": 0.4}
{"stage": "MPPI lookahead optimization", "iteration": 445, "window_iteration": 2, "command_step": 69, "maneuver_time_s": 2.3, "lookahead_s": 0.4}
{"stage": "MPPI lookahead optimization", "iteration": 446, "window_iteration": 3, "command_step": 69, "maneuver_time_s": 2.3, "lookahead_s": 0.4}
{"stage": "MPPI lookahead optimization", "iteration": 447, "window_iteration": 4, "command_step": 69, "maneuver_time_s": 2.3, "lookahead_s": 0.4}
{"stage": "MPPI lookahead optimization", "iteration": 448, "window_iteration": 5, "command_step": 69, "maneuver_time_s": 2.3, "lookahead_s": 0.4}
{"stage": "Committing next 30 Hz command", "iteration": 448, "command_step": 69}
{"stage": "MPPI command committed", "iteration": 448, "command_step": 70, "time_s": 2.3333333333333335, "iterations": 5, "stop_reason": "reward_plateau", "actual_reward": -18.816499833163203, "actual_success": false, "actual_failed": false, "actual_minimum_tip_distance_m": 0.6447732750081093, "lookahead_score": -114.08883668750163, "predicted_hit": false, "predicted_failed": false, "predicted_distance_m": 0.6447732750081093}
{"stage": "MPPI lookahead optimization", "iteration": 449, "window_iteration": 1, "command_step": 70, "maneuver_time_s": 2.3333333333333335, "lookahead_s": 0.4}
{"stage": "MPPI lookahead optimization", "iteration": 450, "window_iteration": 2, "command_step": 70, "maneuver_time_s": 2.3333333333333335, "lookahead_s": 0.4}
{"stage": "MPPI lookahead optimization", "iteration": 451, "window_iteration": 3, "command_step": 70, "maneuver_time_s": 2.3333333333333335, "lookahead_s": 0.4}
{"stage": "MPPI lookahead optimization", "iteration": 452, "window_iteration": 4, "command_step": 70, "maneuver_time_s": 2.3333333333333335, "lookahead_s": 0.4}
{"stage": "MPPI lookahead optimization", "iteration": 453, "window_iteration": 5, "command_step": 70, "maneuver_time_s": 2.3333333333333335, "lookahead_s": 0.4}
{"stage": "Committing next 30 Hz command", "iteration": 453, "command_step": 70}
{"stage": "MPPI command committed", "iteration": 453, "command_step": 71, "time_s": 2.3666666666666667, "iterations": 5, "stop_reason": "reward_plateau", "actual_reward": -19.744778593933578, "actual_success": false, "actual_failed": false, "actual_minimum_tip_distance_m": 0.6447732750081093, "lookahead_score": -135.85099551016765, "predicted_hit": false, "predicted_failed": false, "predicted_distance_m": 0.6447732750081093}
{"stage": "MPPI lookahead optimization", "iteration": 454, "window_iteration": 1, "command_step": 71, "maneuver_time_s": 2.3666666666666667, "lookahead_s": 0.4}
{"stage": "MPPI lookahead optimization", "iteration": 455, "window_iteration": 2, "command_step": 71, "maneuver_time_s": 2.3666666666666667, "lookahead_s": 0.4}
{"stage": "MPPI lookahead optimization", "iteration": 456, "window_iteration": 3, "command_step": 71, "maneuver_time_s": 2.3666666666666667, "lookahead_s": 0.4}
{"stage": "MPPI lookahead optimization", "iteration": 457, "window_iteration": 4, "command_step": 71, "maneuver_time_s": 2.3666666666666667, "lookahead_s": 0.4}
{"stage": "MPPI lookahead optimization", "iteration": 458, "window_iteration": 5, "command_step": 71, "maneuver_time_s": 2.3666666666666667, "lookahead_s": 0.4}
{"stage": "MPPI lookahead optimization", "iteration": 459, "window_iteration": 6, "command_step": 71, "maneuver_time_s": 2.3666666666666667, "lookahead_s": 0.4}
{"stage": "MPPI lookahead optimization", "iteration": 460, "window_iteration": 7, "command_step": 71, "maneuver_time_s": 2.3666666666666667, "lookahead_s": 0.4}
{"stage": "MPPI lookahead optimization", "iteration": 461, "window_iteration": 8, "command_step": 71, "maneuver_time_s": 2.3666666666666667, "lookahead_s": 0.4}
{"stage": "MPPI lookahead optimization", "iteration": 462, "window_iteration": 9, "command_step": 71, "maneuver_time_s": 2.3666666666666667, "lookahead_s": 0.4}
{"stage": "MPPI lookahead optimization", "iteration": 463, "window_iteration": 10, "command_step": 71, "maneuver_time_s": 2.3666666666666667, "lookahead_s": 0.4}
{"stage": "MPPI lookahead optimization", "iteration": 464, "window_iteration": 11, "command_step": 71, "maneuver_time_s": 2.3666666666666667, "lookahead_s": 0.4}
{"stage": "MPPI lookahead optimization", "iteration": 465, "window_iteration": 12, "command_step": 71, "maneuver_time_s": 2.3666666666666667, "lookahead_s": 0.4}
{"stage": "MPPI lookahead optimization", "iteration": 466, "window_iteration": 13, "command_step": 71, "maneuver_time_s": 2.3666666666666667, "lookahead_s": 0.4}
{"stage": "MPPI lookahead optimization", "iteration": 467, "window_iteration": 14, "command_step": 71, "maneuver_time_s": 2.3666666666666667, "lookahead_s": 0.4}
{"stage": "MPPI lookahead optimization", "iteration": 468, "window_iteration": 15, "command_step": 71, "maneuver_time_s": 2.3666666666666667, "lookahead_s": 0.4}
{"stage": "MPPI lookahead optimization", "iteration": 469, "window_iteration": 16, "command_step": 71, "maneuver_time_s": 2.3666666666666667, "lookahead_s": 0.4}
{"stage": "MPPI lookahead optimization", "iteration": 470, "window_iteration": 17, "command_step": 71, "maneuver_time_s": 2.3666666666666667, "lookahead_s": 0.4}
{"stage": "MPPI lookahead optimization", "iteration": 471, "window_iteration": 18, "command_step": 71, "maneuver_time_s": 2.3666666666666667, "lookahead_s": 0.4}
{"stage": "MPPI lookahead optimization", "iteration": 472, "window_iteration": 19, "command_step": 71, "maneuver_time_s": 2.3666666666666667, "lookahead_s": 0.4}
{"stage": "MPPI lookahead optimization", "iteration": 473, "window_iteration": 20, "command_step": 71, "maneuver_time_s": 2.3666666666666667, "lookahead_s": 0.4}
{"stage": "MPPI lookahead optimization", "iteration": 474, "window_iteration": 21, "command_step": 71, "maneuver_time_s": 2.3666666666666667, "lookahead_s": 0.4}
{"stage": "MPPI lookahead optimization", "iteration": 475, "window_iteration": 22, "command_step": 71, "maneuver_time_s": 2.3666666666666667, "lookahead_s": 0.4}
{"stage": "MPPI lookahead optimization", "iteration": 476, "window_iteration": 23, "command_step": 71, "maneuver_time_s": 2.3666666666666667, "lookahead_s": 0.4}
{"stage": "MPPI lookahead optimization", "iteration": 477, "window_iteration": 24, "command_step": 71, "maneuver_time_s": 2.3666666666666667, "lookahead_s": 0.4}
{"stage": "Committing next 30 Hz command", "iteration": 477, "command_step": 71}
{"stage": "MPPI command committed", "iteration": 477, "command_step": 72, "time_s": 2.4, "iterations": 24, "stop_reason": "reward_plateau", "actual_reward": -20.656842952193767, "actual_success": false, "actual_failed": false, "actual_minimum_tip_distance_m": 0.6447732750081093, "lookahead_score": -132.4209143810391, "predicted_hit": false, "predicted_failed": false, "predicted_distance_m": 0.6447732750081093}
{"stage": "MPPI lookahead optimization", "iteration": 478, "window_iteration": 1, "command_step": 72, "maneuver_time_s": 2.4, "lookahead_s": 0.4}
{"stage": "MPPI lookahead optimization", "iteration": 479, "window_iteration": 2, "command_step": 72, "maneuver_time_s": 2.4, "lookahead_s": 0.4}
{"stage": "MPPI lookahead optimization", "iteration": 480, "window_iteration": 3, "command_step": 72, "maneuver_time_s": 2.4, "lookahead_s": 0.4}
{"stage": "MPPI lookahead optimization", "iteration": 481, "window_iteration": 4, "command_step": 72, "maneuver_time_s": 2.4, "lookahead_s": 0.4}
{"stage": "MPPI lookahead optimization", "iteration": 482, "window_iteration": 5, "command_step": 72, "maneuver_time_s": 2.4, "lookahead_s": 0.4}
{"stage": "MPPI lookahead optimization", "iteration": 483, "window_iteration": 6, "command_step": 72, "maneuver_time_s": 2.4, "lookahead_s": 0.4}
{"stage": "MPPI lookahead optimization", "iteration": 484, "window_iteration": 7, "command_step": 72, "maneuver_time_s": 2.4, "lookahead_s": 0.4}
{"stage": "MPPI lookahead optimization", "iteration": 485, "window_iteration": 8, "command_step": 72, "maneuver_time_s": 2.4, "lookahead_s": 0.4}
{"stage": "MPPI lookahead optimization", "iteration": 486, "window_iteration": 9, "command_step": 72, "maneuver_time_s": 2.4, "lookahead_s": 0.4}
{"stage": "MPPI lookahead optimization", "iteration": 487, "window_iteration": 10, "command_step": 72, "maneuver_time_s": 2.4, "lookahead_s": 0.4}
{"stage": "MPPI lookahead optimization", "iteration": 488, "window_iteration": 11, "command_step": 72, "maneuver_time_s": 2.4, "lookahead_s": 0.4}
{"stage": "MPPI lookahead optimization", "iteration": 489, "window_iteration": 12, "command_step": 72, "maneuver_time_s": 2.4, "lookahead_s": 0.4}
{"stage": "MPPI lookahead optimization", "iteration": 490, "window_iteration": 13, "command_step": 72, "maneuver_time_s": 2.4, "lookahead_s": 0.4}
{"stage": "Committing next 30 Hz command", "iteration": 490, "command_step": 72}
{"stage": "MPPI command committed", "iteration": 490, "command_step": 73, "time_s": 2.433333333333333, "iterations": 13, "stop_reason": "reward_plateau", "actual_reward": -21.55506391062996, "actual_success": false, "actual_failed": false, "actual_minimum_tip_distance_m": 0.6447732750081093, "lookahead_score": -119.18945342055943, "predicted_hit": false, "predicted_failed": false, "predicted_distance_m": 0.6447732750081093}
{"stage": "MPPI lookahead optimization", "iteration": 491, "window_iteration": 1, "command_step": 73, "maneuver_time_s": 2.433333333333333, "lookahead_s": 0.4}
{"stage": "MPPI lookahead optimization", "iteration": 492, "window_iteration": 2, "command_step": 73, "maneuver_time_s": 2.433333333333333, "lookahead_s": 0.4}
{"stage": "MPPI lookahead optimization", "iteration": 493, "window_iteration": 3, "command_step": 73, "maneuver_time_s": 2.433333333333333, "lookahead_s": 0.4}
{"stage": "MPPI lookahead optimization", "iteration": 494, "window_iteration": 4, "command_step": 73, "maneuver_time_s": 2.433333333333333, "lookahead_s": 0.4}
{"stage": "Committing next 30 Hz command", "iteration": 494, "command_step": 73}
{"stage": "MPPI command committed", "iteration": 494, "command_step": 74, "time_s": 2.466666666666667, "iterations": 4, "stop_reason": "reward_plateau", "actual_reward": -22.440476129154025, "actual_success": false, "actual_failed": false, "actual_minimum_tip_distance_m": 0.6447732750081093, "lookahead_score": -99.36164562318405, "predicted_hit": false, "predicted_failed": false, "predicted_distance_m": 0.6447732750081093}
{"stage": "MPPI lookahead optimization", "iteration": 495, "window_iteration": 1, "command_step": 74, "maneuver_time_s": 2.466666666666667, "lookahead_s": 0.4}
{"stage": "MPPI lookahead optimization", "iteration": 496, "window_iteration": 2, "command_step": 74, "maneuver_time_s": 2.466666666666667, "lookahead_s": 0.4}
{"stage": "MPPI lookahead optimization", "iteration": 497, "window_iteration": 3, "command_step": 74, "maneuver_time_s": 2.466666666666667, "lookahead_s": 0.4}
{"stage": "MPPI lookahead optimization", "iteration": 498, "window_iteration": 4, "command_step": 74, "maneuver_time_s": 2.466666666666667, "lookahead_s": 0.4}
{"stage": "MPPI lookahead optimization", "iteration": 499, "window_iteration": 5, "command_step": 74, "maneuver_time_s": 2.466666666666667, "lookahead_s": 0.4}
{"stage": "MPPI lookahead optimization", "iteration": 500, "window_iteration": 6, "command_step": 74, "maneuver_time_s": 2.466666666666667, "lookahead_s": 0.4}
{"stage": "MPPI lookahead optimization", "iteration": 501, "window_iteration": 7, "command_step": 74, "maneuver_time_s": 2.466666666666667, "lookahead_s": 0.4}
{"stage": "MPPI lookahead optimization", "iteration": 502, "window_iteration": 8, "command_step": 74, "maneuver_time_s": 2.466666666666667, "lookahead_s": 0.4}
{"stage": "MPPI lookahead optimization", "iteration": 503, "window_iteration": 9, "command_step": 74, "maneuver_time_s": 2.466666666666667, "lookahead_s": 0.4}
{"stage": "MPPI lookahead optimization", "iteration": 504, "window_iteration": 10, "command_step": 74, "maneuver_time_s": 2.466666666666667, "lookahead_s": 0.4}
{"stage": "MPPI lookahead optimization", "iteration": 505, "window_iteration": 11, "command_step": 74, "maneuver_time_s": 2.466666666666667, "lookahead_s": 0.4}
{"stage": "MPPI lookahead optimization", "iteration": 506, "window_iteration": 12, "command_step": 74, "maneuver_time_s": 2.466666666666667, "lookahead_s": 0.4}
{"stage": "MPPI lookahead optimization", "iteration": 507, "window_iteration": 13, "command_step": 74, "maneuver_time_s": 2.466666666666667, "lookahead_s": 0.4}
{"stage": "MPPI lookahead optimization", "iteration": 508, "window_iteration": 14, "command_step": 74, "maneuver_time_s": 2.466666666666667, "lookahead_s": 0.4}
{"stage": "Committing next 30 Hz command", "iteration": 508, "command_step": 74}
{"stage": "MPPI command committed", "iteration": 508, "command_step": 75, "time_s": 2.5, "iterations": 14, "stop_reason": "reward_plateau", "actual_reward": -23.314233157811426, "actual_success": false, "actual_failed": false, "actual_minimum_tip_distance_m": 0.6447732750081093, "lookahead_score": -84.60019746261803, "predicted_hit": false, "predicted_failed": false, "predicted_distance_m": 0.6447732750081093}
{"stage": "MPPI lookahead optimization", "iteration": 509, "window_iteration": 1, "command_step": 75, "maneuver_time_s": 2.5, "lookahead_s": 0.4}
{"stage": "MPPI lookahead optimization", "iteration": 510, "window_iteration": 2, "command_step": 75, "maneuver_time_s": 2.5, "lookahead_s": 0.4}
{"stage": "MPPI lookahead optimization", "iteration": 511, "window_iteration": 3, "command_step": 75, "maneuver_time_s": 2.5, "lookahead_s": 0.4}
{"stage": "MPPI lookahead optimization", "iteration": 512, "window_iteration": 4, "command_step": 75, "maneuver_time_s": 2.5, "lookahead_s": 0.4}
{"stage": "MPPI lookahead optimization", "iteration": 513, "window_iteration": 5, "command_step": 75, "maneuver_time_s": 2.5, "lookahead_s": 0.4}
{"stage": "MPPI lookahead optimization", "iteration": 514, "window_iteration": 6, "command_step": 75, "maneuver_time_s": 2.5, "lookahead_s": 0.4}
{"stage": "MPPI lookahead optimization", "iteration": 515, "window_iteration": 7, "command_step": 75, "maneuver_time_s": 2.5, "lookahead_s": 0.4}
{"stage": "MPPI lookahead optimization", "iteration": 516, "window_iteration": 8, "command_step": 75, "maneuver_time_s": 2.5, "lookahead_s": 0.4}
{"stage": "MPPI lookahead optimization", "iteration": 517, "window_iteration": 9, "command_step": 75, "maneuver_time_s": 2.5, "lookahead_s": 0.4}
{"stage": "MPPI lookahead optimization", "iteration": 518, "window_iteration": 10, "command_step": 75, "maneuver_time_s": 2.5, "lookahead_s": 0.4}
{"stage": "Committing next 30 Hz command", "iteration": 518, "command_step": 75}
{"stage": "MPPI command committed", "iteration": 518, "command_step": 76, "time_s": 2.533333333333333, "iterations": 10, "stop_reason": "reward_plateau", "actual_reward": -24.176674149849283, "actual_success": false, "actual_failed": false, "actual_minimum_tip_distance_m": 0.6447732750081093, "lookahead_score": -74.4815968756773, "predicted_hit": false, "predicted_failed": false, "predicted_distance_m": 0.6447732750081093}
{"stage": "MPPI lookahead optimization", "iteration": 519, "window_iteration": 1, "command_step": 76, "maneuver_time_s": 2.533333333333333, "lookahead_s": 0.4}
{"stage": "MPPI lookahead optimization", "iteration": 520, "window_iteration": 2, "command_step": 76, "maneuver_time_s": 2.533333333333333, "lookahead_s": 0.4}
{"stage": "MPPI lookahead optimization", "iteration": 521, "window_iteration": 3, "command_step": 76, "maneuver_time_s": 2.533333333333333, "lookahead_s": 0.4}
{"stage": "MPPI lookahead optimization", "iteration": 522, "window_iteration": 4, "command_step": 76, "maneuver_time_s": 2.533333333333333, "lookahead_s": 0.4}
{"stage": "MPPI lookahead optimization", "iteration": 523, "window_iteration": 5, "command_step": 76, "maneuver_time_s": 2.533333333333333, "lookahead_s": 0.4}
{"stage": "MPPI lookahead optimization", "iteration": 524, "window_iteration": 6, "command_step": 76, "maneuver_time_s": 2.533333333333333, "lookahead_s": 0.4}
{"stage": "MPPI lookahead optimization", "iteration": 525, "window_iteration": 7, "command_step": 76, "maneuver_time_s": 2.533333333333333, "lookahead_s": 0.4}
{"stage": "MPPI lookahead optimization", "iteration": 526, "window_iteration": 8, "command_step": 76, "maneuver_time_s": 2.533333333333333, "lookahead_s": 0.4}
{"stage": "MPPI lookahead optimization", "iteration": 527, "window_iteration": 9, "command_step": 76, "maneuver_time_s": 2.533333333333333, "lookahead_s": 0.4}
{"stage": "MPPI lookahead optimization", "iteration": 528, "window_iteration": 10, "command_step": 76, "maneuver_time_s": 2.533333333333333, "lookahead_s": 0.4}
{"stage": "MPPI lookahead optimization", "iteration": 529, "window_iteration": 11, "command_step": 76, "maneuver_time_s": 2.533333333333333, "lookahead_s": 0.4}
{"stage": "Committing next 30 Hz command", "iteration": 529, "command_step": 76}
{"stage": "MPPI command committed", "iteration": 529, "command_step": 77, "time_s": 2.566666666666667, "iterations": 11, "stop_reason": "reward_plateau", "actual_reward": -25.02865495244524, "actual_success": false, "actual_failed": false, "actual_minimum_tip_distance_m": 0.6447732750081093, "lookahead_score": -69.71464776168044, "predicted_hit": false, "predicted_failed": false, "predicted_distance_m": 0.6447732750081093}
{"stage": "MPPI lookahead optimization", "iteration": 530, "window_iteration": 1, "command_step": 77, "maneuver_time_s": 2.566666666666667, "lookahead_s": 0.4}
{"stage": "MPPI lookahead optimization", "iteration": 531, "window_iteration": 2, "command_step": 77, "maneuver_time_s": 2.566666666666667, "lookahead_s": 0.4}
{"stage": "MPPI lookahead optimization", "iteration": 532, "window_iteration": 3, "command_step": 77, "maneuver_time_s": 2.566666666666667, "lookahead_s": 0.4}
{"stage": "MPPI lookahead optimization", "iteration": 533, "window_iteration": 4, "command_step": 77, "maneuver_time_s": 2.566666666666667, "lookahead_s": 0.4}
{"stage": "MPPI lookahead optimization", "iteration": 534, "window_iteration": 5, "command_step": 77, "maneuver_time_s": 2.566666666666667, "lookahead_s": 0.4}
{"stage": "MPPI lookahead optimization", "iteration": 535, "window_iteration": 6, "command_step": 77, "maneuver_time_s": 2.566666666666667, "lookahead_s": 0.4}
{"stage": "MPPI lookahead optimization", "iteration": 536, "window_iteration": 7, "command_step": 77, "maneuver_time_s": 2.566666666666667, "lookahead_s": 0.4}
{"stage": "Committing next 30 Hz command", "iteration": 536, "command_step": 77}
{"stage": "MPPI command committed", "iteration": 536, "command_step": 78, "time_s": 2.6, "iterations": 7, "stop_reason": "reward_plateau", "actual_reward": -25.87039342422538, "actual_success": false, "actual_failed": false, "actual_minimum_tip_distance_m": 0.6447732750081093, "lookahead_score": -70.29900420247748, "predicted_hit": false, "predicted_failed": false, "predicted_distance_m": 0.6447732750081093}
{"stage": "MPPI lookahead optimization", "iteration": 537, "window_iteration": 1, "command_step": 78, "maneuver_time_s": 2.6, "lookahead_s": 0.4}
{"stage": "MPPI lookahead optimization", "iteration": 538, "window_iteration": 2, "command_step": 78, "maneuver_time_s": 2.6, "lookahead_s": 0.4}
{"stage": "MPPI lookahead optimization", "iteration": 539, "window_iteration": 3, "command_step": 78, "maneuver_time_s": 2.6, "lookahead_s": 0.4}
{"stage": "MPPI lookahead optimization", "iteration": 540, "window_iteration": 4, "command_step": 78, "maneuver_time_s": 2.6, "lookahead_s": 0.4}
{"stage": "Committing next 30 Hz command", "iteration": 540, "command_step": 78}
{"stage": "MPPI command committed", "iteration": 540, "command_step": 79, "time_s": 2.6333333333333333, "iterations": 4, "stop_reason": "reward_plateau", "actual_reward": -26.70189788569722, "actual_success": false, "actual_failed": false, "actual_minimum_tip_distance_m": 0.6447732750081093, "lookahead_score": -74.80866106818021, "predicted_hit": false, "predicted_failed": false, "predicted_distance_m": 0.6447732750081093}
{"stage": "MPPI lookahead optimization", "iteration": 541, "window_iteration": 1, "command_step": 79, "maneuver_time_s": 2.6333333333333333, "lookahead_s": 0.4}
{"stage": "MPPI lookahead optimization", "iteration": 542, "window_iteration": 2, "command_step": 79, "maneuver_time_s": 2.6333333333333333, "lookahead_s": 0.4}
{"stage": "MPPI lookahead optimization", "iteration": 543, "window_iteration": 3, "command_step": 79, "maneuver_time_s": 2.6333333333333333, "lookahead_s": 0.4}
{"stage": "MPPI lookahead optimization", "iteration": 544, "window_iteration": 4, "command_step": 79, "maneuver_time_s": 2.6333333333333333, "lookahead_s": 0.4}
{"stage": "Committing next 30 Hz command", "iteration": 544, "command_step": 79}
{"stage": "MPPI command committed", "iteration": 544, "command_step": 80, "time_s": 2.6666666666666665, "iterations": 4, "stop_reason": "reward_plateau", "actual_reward": -27.523298945159752, "actual_success": false, "actual_failed": false, "actual_minimum_tip_distance_m": 0.6447732750081093, "lookahead_score": -79.92646057276552, "predicted_hit": false, "predicted_failed": false, "predicted_distance_m": 0.6447732750081093}
{"stage": "MPPI lookahead optimization", "iteration": 545, "window_iteration": 1, "command_step": 80, "maneuver_time_s": 2.6666666666666665, "lookahead_s": 0.4}
{"stage": "MPPI lookahead optimization", "iteration": 546, "window_iteration": 2, "command_step": 80, "maneuver_time_s": 2.6666666666666665, "lookahead_s": 0.4}
{"stage": "MPPI lookahead optimization", "iteration": 547, "window_iteration": 3, "command_step": 80, "maneuver_time_s": 2.6666666666666665, "lookahead_s": 0.4}
{"stage": "MPPI lookahead optimization", "iteration": 548, "window_iteration": 4, "command_step": 80, "maneuver_time_s": 2.6666666666666665, "lookahead_s": 0.4}
{"stage": "Committing next 30 Hz command", "iteration": 548, "command_step": 80}
{"stage": "MPPI command committed", "iteration": 548, "command_step": 81, "time_s": 2.7, "iterations": 4, "stop_reason": "reward_plateau", "actual_reward": -28.334128956607294, "actual_success": false, "actual_failed": false, "actual_minimum_tip_distance_m": 0.6447732750081093, "lookahead_score": -84.78402197617706, "predicted_hit": false, "predicted_failed": false, "predicted_distance_m": 0.6447732750081093}
{"stage": "MPPI lookahead optimization", "iteration": 549, "window_iteration": 1, "command_step": 81, "maneuver_time_s": 2.7, "lookahead_s": 0.4}
{"stage": "MPPI lookahead optimization", "iteration": 550, "window_iteration": 2, "command_step": 81, "maneuver_time_s": 2.7, "lookahead_s": 0.4}
{"stage": "MPPI lookahead optimization", "iteration": 551, "window_iteration": 3, "command_step": 81, "maneuver_time_s": 2.7, "lookahead_s": 0.4}
{"stage": "MPPI lookahead optimization", "iteration": 552, "window_iteration": 4, "command_step": 81, "maneuver_time_s": 2.7, "lookahead_s": 0.4}
{"stage": "Committing next 30 Hz command", "iteration": 552, "command_step": 81}
{"stage": "MPPI command committed", "iteration": 552, "command_step": 82, "time_s": 2.7333333333333334, "iterations": 4, "stop_reason": "reward_plateau", "actual_reward": -29.13421787073597, "actual_success": false, "actual_failed": false, "actual_minimum_tip_distance_m": 0.6447732750081093, "lookahead_score": -88.70086301645406, "predicted_hit": false, "predicted_failed": false, "predicted_distance_m": 0.6447732750081093}
{"stage": "MPPI lookahead optimization", "iteration": 553, "window_iteration": 1, "command_step": 82, "maneuver_time_s": 2.7333333333333334, "lookahead_s": 0.4}
{"stage": "MPPI lookahead optimization", "iteration": 554, "window_iteration": 2, "command_step": 82, "maneuver_time_s": 2.7333333333333334, "lookahead_s": 0.4}
{"stage": "MPPI lookahead optimization", "iteration": 555, "window_iteration": 3, "command_step": 82, "maneuver_time_s": 2.7333333333333334, "lookahead_s": 0.4}
{"stage": "MPPI lookahead optimization", "iteration": 556, "window_iteration": 4, "command_step": 82, "maneuver_time_s": 2.7333333333333334, "lookahead_s": 0.4}
{"stage": "MPPI lookahead optimization", "iteration": 557, "window_iteration": 5, "command_step": 82, "maneuver_time_s": 2.7333333333333334, "lookahead_s": 0.4}
{"stage": "MPPI lookahead optimization", "iteration": 558, "window_iteration": 6, "command_step": 82, "maneuver_time_s": 2.7333333333333334, "lookahead_s": 0.4}
{"stage": "MPPI lookahead optimization", "iteration": 559, "window_iteration": 7, "command_step": 82, "maneuver_time_s": 2.7333333333333334, "lookahead_s": 0.4}
{"stage": "Committing next 30 Hz command", "iteration": 559, "command_step": 82}
{"stage": "MPPI command committed", "iteration": 559, "command_step": 83, "time_s": 2.7666666666666666, "iterations": 7, "stop_reason": "reward_plateau", "actual_reward": -29.922935550875142, "actual_success": false, "actual_failed": false, "actual_minimum_tip_distance_m": 0.6447732750081093, "lookahead_score": -88.27800222351856, "predicted_hit": false, "predicted_failed": false, "predicted_distance_m": 0.6447732750081093}
{"stage": "MPPI lookahead optimization", "iteration": 560, "window_iteration": 1, "command_step": 83, "maneuver_time_s": 2.7666666666666666, "lookahead_s": 0.4}
{"stage": "MPPI lookahead optimization", "iteration": 561, "window_iteration": 2, "command_step": 83, "maneuver_time_s": 2.7666666666666666, "lookahead_s": 0.4}
{"stage": "MPPI lookahead optimization", "iteration": 562, "window_iteration": 3, "command_step": 83, "maneuver_time_s": 2.7666666666666666, "lookahead_s": 0.4}
{"stage": "MPPI lookahead optimization", "iteration": 563, "window_iteration": 4, "command_step": 83, "maneuver_time_s": 2.7666666666666666, "lookahead_s": 0.4}
{"stage": "Committing next 30 Hz command", "iteration": 563, "command_step": 83}
{"stage": "MPPI command committed", "iteration": 563, "command_step": 84, "time_s": 2.8, "iterations": 4, "stop_reason": "reward_plateau", "actual_reward": -30.7000138071927, "actual_success": false, "actual_failed": false, "actual_minimum_tip_distance_m": 0.6447732750081093, "lookahead_score": -87.57142855570329, "predicted_hit": false, "predicted_failed": false, "predicted_distance_m": 0.6447732750081093}
{"stage": "MPPI lookahead optimization", "iteration": 564, "window_iteration": 1, "command_step": 84, "maneuver_time_s": 2.8, "lookahead_s": 0.4}
{"stage": "MPPI lookahead optimization", "iteration": 565, "window_iteration": 2, "command_step": 84, "maneuver_time_s": 2.8, "lookahead_s": 0.4}
{"stage": "MPPI lookahead optimization", "iteration": 566, "window_iteration": 3, "command_step": 84, "maneuver_time_s": 2.8, "lookahead_s": 0.4}
{"stage": "MPPI lookahead optimization", "iteration": 567, "window_iteration": 4, "command_step": 84, "maneuver_time_s": 2.8, "lookahead_s": 0.4}
{"stage": "Committing next 30 Hz command", "iteration": 567, "command_step": 84}
{"stage": "MPPI command committed", "iteration": 567, "command_step": 85, "time_s": 2.8333333333333335, "iterations": 4, "stop_reason": "reward_plateau", "actual_reward": -31.46534003569072, "actual_success": false, "actual_failed": false, "actual_minimum_tip_distance_m": 0.6447732750081093, "lookahead_score": -86.42341194120621, "predicted_hit": false, "predicted_failed": false, "predicted_distance_m": 0.6447732750081093}
{"stage": "MPPI lookahead optimization", "iteration": 568, "window_iteration": 1, "command_step": 85, "maneuver_time_s": 2.8333333333333335, "lookahead_s": 0.4}
{"stage": "MPPI lookahead optimization", "iteration": 569, "window_iteration": 2, "command_step": 85, "maneuver_time_s": 2.8333333333333335, "lookahead_s": 0.4}
{"stage": "MPPI lookahead optimization", "iteration": 570, "window_iteration": 3, "command_step": 85, "maneuver_time_s": 2.8333333333333335, "lookahead_s": 0.4}
{"stage": "MPPI lookahead optimization", "iteration": 571, "window_iteration": 4, "command_step": 85, "maneuver_time_s": 2.8333333333333335, "lookahead_s": 0.4}
{"stage": "Committing next 30 Hz command", "iteration": 571, "command_step": 85}
{"stage": "MPPI command committed", "iteration": 571, "command_step": 86, "time_s": 2.8666666666666667, "iterations": 4, "stop_reason": "reward_plateau", "actual_reward": -32.21911748233695, "actual_success": false, "actual_failed": false, "actual_minimum_tip_distance_m": 0.6447732750081093, "lookahead_score": -83.7557581183228, "predicted_hit": false, "predicted_failed": false, "predicted_distance_m": 0.6447732750081093}
{"stage": "MPPI lookahead optimization", "iteration": 572, "window_iteration": 1, "command_step": 86, "maneuver_time_s": 2.8666666666666667, "lookahead_s": 0.4}
{"stage": "MPPI lookahead optimization", "iteration": 573, "window_iteration": 2, "command_step": 86, "maneuver_time_s": 2.8666666666666667, "lookahead_s": 0.4}
{"stage": "MPPI lookahead optimization", "iteration": 574, "window_iteration": 3, "command_step": 86, "maneuver_time_s": 2.8666666666666667, "lookahead_s": 0.4}
{"stage": "MPPI lookahead optimization", "iteration": 575, "window_iteration": 4, "command_step": 86, "maneuver_time_s": 2.8666666666666667, "lookahead_s": 0.4}
{"stage": "MPPI lookahead optimization", "iteration": 576, "window_iteration": 5, "command_step": 86, "maneuver_time_s": 2.8666666666666667, "lookahead_s": 0.4}
{"stage": "MPPI lookahead optimization", "iteration": 577, "window_iteration": 6, "command_step": 86, "maneuver_time_s": 2.8666666666666667, "lookahead_s": 0.4}
{"stage": "MPPI lookahead optimization", "iteration": 578, "window_iteration": 7, "command_step": 86, "maneuver_time_s": 2.8666666666666667, "lookahead_s": 0.4}
{"stage": "MPPI lookahead optimization", "iteration": 579, "window_iteration": 8, "command_step": 86, "maneuver_time_s": 2.8666666666666667, "lookahead_s": 0.4}
{"stage": "MPPI lookahead optimization", "iteration": 580, "window_iteration": 9, "command_step": 86, "maneuver_time_s": 2.8666666666666667, "lookahead_s": 0.4}
{"stage": "MPPI lookahead optimization", "iteration": 581, "window_iteration": 10, "command_step": 86, "maneuver_time_s": 2.8666666666666667, "lookahead_s": 0.4}
{"stage": "MPPI lookahead optimization", "iteration": 582, "window_iteration": 11, "command_step": 86, "maneuver_time_s": 2.8666666666666667, "lookahead_s": 0.4}
{"stage": "MPPI lookahead optimization", "iteration": 583, "window_iteration": 12, "command_step": 86, "maneuver_time_s": 2.8666666666666667, "lookahead_s": 0.4}
{"stage": "MPPI lookahead optimization", "iteration": 584, "window_iteration": 13, "command_step": 86, "maneuver_time_s": 2.8666666666666667, "lookahead_s": 0.4}
{"stage": "MPPI lookahead optimization", "iteration": 585, "window_iteration": 14, "command_step": 86, "maneuver_time_s": 2.8666666666666667, "lookahead_s": 0.4}
{"stage": "Committing next 30 Hz command", "iteration": 585, "command_step": 86}
{"stage": "MPPI command committed", "iteration": 585, "command_step": 87, "time_s": 2.9, "iterations": 14, "stop_reason": "reward_plateau", "actual_reward": -32.96130168081223, "actual_success": false, "actual_failed": false, "actual_minimum_tip_distance_m": 0.6447732750081093, "lookahead_score": -70.18025388396862, "predicted_hit": false, "predicted_failed": false, "predicted_distance_m": 0.5355291897661089}
{"stage": "MPPI lookahead optimization", "iteration": 586, "window_iteration": 1, "command_step": 87, "maneuver_time_s": 2.9, "lookahead_s": 0.4}
{"stage": "MPPI lookahead optimization", "iteration": 587, "window_iteration": 2, "command_step": 87, "maneuver_time_s": 2.9, "lookahead_s": 0.4}
{"stage": "MPPI lookahead optimization", "iteration": 588, "window_iteration": 3, "command_step": 87, "maneuver_time_s": 2.9, "lookahead_s": 0.4}
{"stage": "MPPI lookahead optimization", "iteration": 589, "window_iteration": 4, "command_step": 87, "maneuver_time_s": 2.9, "lookahead_s": 0.4}
{"stage": "Committing next 30 Hz command", "iteration": 589, "command_step": 87}
{"stage": "MPPI command committed", "iteration": 589, "command_step": 88, "time_s": 2.933333333333333, "iterations": 4, "stop_reason": "reward_plateau", "actual_reward": -33.692055582191195, "actual_success": false, "actual_failed": false, "actual_minimum_tip_distance_m": 0.6447732750081093, "lookahead_score": -57.9045053861977, "predicted_hit": false, "predicted_failed": false, "predicted_distance_m": 0.4810638665222459}
{"stage": "MPPI lookahead optimization", "iteration": 590, "window_iteration": 1, "command_step": 88, "maneuver_time_s": 2.933333333333333, "lookahead_s": 0.4}
{"stage": "MPPI lookahead optimization", "iteration": 591, "window_iteration": 2, "command_step": 88, "maneuver_time_s": 2.933333333333333, "lookahead_s": 0.4}
{"stage": "MPPI lookahead optimization", "iteration": 592, "window_iteration": 3, "command_step": 88, "maneuver_time_s": 2.933333333333333, "lookahead_s": 0.4}
{"stage": "MPPI lookahead optimization", "iteration": 593, "window_iteration": 4, "command_step": 88, "maneuver_time_s": 2.933333333333333, "lookahead_s": 0.4}
{"stage": "Committing next 30 Hz command", "iteration": 593, "command_step": 88}
{"stage": "MPPI command committed", "iteration": 593, "command_step": 89, "time_s": 2.966666666666667, "iterations": 4, "stop_reason": "reward_plateau", "actual_reward": -34.41130973362785, "actual_success": false, "actual_failed": false, "actual_minimum_tip_distance_m": 0.6447732750081093, "lookahead_score": -52.568184696923545, "predicted_hit": false, "predicted_failed": false, "predicted_distance_m": 0.48846394275964033}
{"stage": "MPPI lookahead optimization", "iteration": 594, "window_iteration": 1, "command_step": 89, "maneuver_time_s": 2.966666666666667, "lookahead_s": 0.4}
{"stage": "MPPI lookahead optimization", "iteration": 595, "window_iteration": 2, "command_step": 89, "maneuver_time_s": 2.966666666666667, "lookahead_s": 0.4}
{"stage": "MPPI lookahead optimization", "iteration": 596, "window_iteration": 3, "command_step": 89, "maneuver_time_s": 2.966666666666667, "lookahead_s": 0.4}
{"stage": "MPPI lookahead optimization", "iteration": 597, "window_iteration": 4, "command_step": 89, "maneuver_time_s": 2.966666666666667, "lookahead_s": 0.4}
{"stage": "Committing next 30 Hz command", "iteration": 597, "command_step": 89}
{"stage": "MPPI command committed", "iteration": 597, "command_step": 90, "time_s": 3.0, "iterations": 4, "stop_reason": "reward_plateau", "actual_reward": -35.119357795501024, "actual_success": false, "actual_failed": false, "actual_minimum_tip_distance_m": 0.6447732750081093, "lookahead_score": -51.43414690699603, "predicted_hit": false, "predicted_failed": false, "predicted_distance_m": 0.5088144381640117}
{"stage": "MPPI lookahead optimization", "iteration": 598, "window_iteration": 1, "command_step": 90, "maneuver_time_s": 3.0, "lookahead_s": 0.4}
{"stage": "MPPI lookahead optimization", "iteration": 599, "window_iteration": 2, "command_step": 90, "maneuver_time_s": 3.0, "lookahead_s": 0.4}
{"stage": "MPPI lookahead optimization", "iteration": 600, "window_iteration": 3, "command_step": 90, "maneuver_time_s": 3.0, "lookahead_s": 0.4}
{"stage": "MPPI lookahead optimization", "iteration": 601, "window_iteration": 4, "command_step": 90, "maneuver_time_s": 3.0, "lookahead_s": 0.4}
{"stage": "Committing next 30 Hz command", "iteration": 601, "command_step": 90}
{"stage": "MPPI command committed", "iteration": 601, "command_step": 91, "time_s": 3.033333333333333, "iterations": 4, "stop_reason": "reward_plateau", "actual_reward": -35.81618081390572, "actual_success": false, "actual_failed": false, "actual_minimum_tip_distance_m": 0.6447732750081093, "lookahead_score": -52.40077345073316, "predicted_hit": false, "predicted_failed": false, "predicted_distance_m": 0.5195003798242791}
{"stage": "MPPI lookahead optimization", "iteration": 602, "window_iteration": 1, "command_step": 91, "maneuver_time_s": 3.033333333333333, "lookahead_s": 0.4}
{"stage": "MPPI lookahead optimization", "iteration": 603, "window_iteration": 2, "command_step": 91, "maneuver_time_s": 3.033333333333333, "lookahead_s": 0.4}
{"stage": "MPPI lookahead optimization", "iteration": 604, "window_iteration": 3, "command_step": 91, "maneuver_time_s": 3.033333333333333, "lookahead_s": 0.4}
{"stage": "MPPI lookahead optimization", "iteration": 605, "window_iteration": 4, "command_step": 91, "maneuver_time_s": 3.033333333333333, "lookahead_s": 0.4}
{"stage": "Committing next 30 Hz command", "iteration": 605, "command_step": 91}
{"stage": "MPPI command committed", "iteration": 605, "command_step": 92, "time_s": 3.066666666666667, "iterations": 4, "stop_reason": "reward_plateau", "actual_reward": -36.50241853176513, "actual_success": false, "actual_failed": false, "actual_minimum_tip_distance_m": 0.6447732750081093, "lookahead_score": -54.31179383450214, "predicted_hit": false, "predicted_failed": false, "predicted_distance_m": 0.5213640115805163}
{"stage": "MPPI lookahead optimization", "iteration": 606, "window_iteration": 1, "command_step": 92, "maneuver_time_s": 3.066666666666667, "lookahead_s": 0.4}
{"stage": "MPPI lookahead optimization", "iteration": 607, "window_iteration": 2, "command_step": 92, "maneuver_time_s": 3.066666666666667, "lookahead_s": 0.4}
{"stage": "MPPI lookahead optimization", "iteration": 608, "window_iteration": 3, "command_step": 92, "maneuver_time_s": 3.066666666666667, "lookahead_s": 0.4}
{"stage": "MPPI lookahead optimization", "iteration": 609, "window_iteration": 4, "command_step": 92, "maneuver_time_s": 3.066666666666667, "lookahead_s": 0.4}
{"stage": "Committing next 30 Hz command", "iteration": 609, "command_step": 92}
{"stage": "MPPI command committed", "iteration": 609, "command_step": 93, "time_s": 3.1, "iterations": 4, "stop_reason": "reward_plateau", "actual_reward": -37.179415567987775, "actual_success": false, "actual_failed": false, "actual_minimum_tip_distance_m": 0.6447732750081093, "lookahead_score": -56.6688210873853, "predicted_hit": false, "predicted_failed": false, "predicted_distance_m": 0.5199939748561369}
{"stage": "MPPI lookahead optimization", "iteration": 610, "window_iteration": 1, "command_step": 93, "maneuver_time_s": 3.1, "lookahead_s": 0.4}
{"stage": "MPPI lookahead optimization", "iteration": 611, "window_iteration": 2, "command_step": 93, "maneuver_time_s": 3.1, "lookahead_s": 0.4}
{"stage": "MPPI lookahead optimization", "iteration": 612, "window_iteration": 3, "command_step": 93, "maneuver_time_s": 3.1, "lookahead_s": 0.4}
{"stage": "MPPI lookahead optimization", "iteration": 613, "window_iteration": 4, "command_step": 93, "maneuver_time_s": 3.1, "lookahead_s": 0.4}
{"stage": "Committing next 30 Hz command", "iteration": 613, "command_step": 93}
{"stage": "MPPI command committed", "iteration": 613, "command_step": 94, "time_s": 3.1333333333333333, "iterations": 4, "stop_reason": "reward_plateau", "actual_reward": -37.84974447436661, "actual_success": false, "actual_failed": false, "actual_minimum_tip_distance_m": 0.6447732750081093, "lookahead_score": -58.09915374572228, "predicted_hit": false, "predicted_failed": false, "predicted_distance_m": 0.5201596402201865}
{"stage": "MPPI lookahead optimization", "iteration": 614, "window_iteration": 1, "command_step": 94, "maneuver_time_s": 3.1333333333333333, "lookahead_s": 0.4}
{"stage": "MPPI lookahead optimization", "iteration": 615, "window_iteration": 2, "command_step": 94, "maneuver_time_s": 3.1333333333333333, "lookahead_s": 0.4}
{"stage": "MPPI lookahead optimization", "iteration": 616, "window_iteration": 3, "command_step": 94, "maneuver_time_s": 3.1333333333333333, "lookahead_s": 0.4}
{"stage": "MPPI lookahead optimization", "iteration": 617, "window_iteration": 4, "command_step": 94, "maneuver_time_s": 3.1333333333333333, "lookahead_s": 0.4}
{"stage": "Committing next 30 Hz command", "iteration": 617, "command_step": 94}
{"stage": "MPPI command committed", "iteration": 617, "command_step": 95, "time_s": 3.1666666666666665, "iterations": 4, "stop_reason": "reward_plateau", "actual_reward": -38.515451601404514, "actual_success": false, "actual_failed": false, "actual_minimum_tip_distance_m": 0.6447732750081093, "lookahead_score": -56.971932276373174, "predicted_hit": false, "predicted_failed": false, "predicted_distance_m": 0.5186638275538153}
{"stage": "MPPI lookahead optimization", "iteration": 618, "window_iteration": 1, "command_step": 95, "maneuver_time_s": 3.1666666666666665, "lookahead_s": 0.4}
{"stage": "MPPI lookahead optimization", "iteration": 619, "window_iteration": 2, "command_step": 95, "maneuver_time_s": 3.1666666666666665, "lookahead_s": 0.4}
{"stage": "MPPI lookahead optimization", "iteration": 620, "window_iteration": 3, "command_step": 95, "maneuver_time_s": 3.1666666666666665, "lookahead_s": 0.4}
{"stage": "MPPI lookahead optimization", "iteration": 621, "window_iteration": 4, "command_step": 95, "maneuver_time_s": 3.1666666666666665, "lookahead_s": 0.4}
{"stage": "MPPI lookahead optimization", "iteration": 622, "window_iteration": 5, "command_step": 95, "maneuver_time_s": 3.1666666666666665, "lookahead_s": 0.4}
{"stage": "MPPI lookahead optimization", "iteration": 623, "window_iteration": 6, "command_step": 95, "maneuver_time_s": 3.1666666666666665, "lookahead_s": 0.4}
{"stage": "MPPI lookahead optimization", "iteration": 624, "window_iteration": 7, "command_step": 95, "maneuver_time_s": 3.1666666666666665, "lookahead_s": 0.4}
{"stage": "MPPI lookahead optimization", "iteration": 625, "window_iteration": 8, "command_step": 95, "maneuver_time_s": 3.1666666666666665, "lookahead_s": 0.4}
{"stage": "MPPI lookahead optimization", "iteration": 626, "window_iteration": 9, "command_step": 95, "maneuver_time_s": 3.1666666666666665, "lookahead_s": 0.4}
{"stage": "Committing next 30 Hz command", "iteration": 626, "command_step": 95}
{"stage": "MPPI command committed", "iteration": 626, "command_step": 96, "time_s": 3.2, "iterations": 9, "stop_reason": "reward_plateau", "actual_reward": -39.17895537014861, "actual_success": false, "actual_failed": false, "actual_minimum_tip_distance_m": 0.6447732750081093, "lookahead_score": -39.31351875177601, "predicted_hit": false, "predicted_failed": false, "predicted_distance_m": 0.5145924906706616}
{"stage": "MPPI lookahead optimization", "iteration": 627, "window_iteration": 1, "command_step": 96, "maneuver_time_s": 3.2, "lookahead_s": 0.4}
{"stage": "MPPI lookahead optimization", "iteration": 628, "window_iteration": 2, "command_step": 96, "maneuver_time_s": 3.2, "lookahead_s": 0.4}
{"stage": "MPPI lookahead optimization", "iteration": 629, "window_iteration": 3, "command_step": 96, "maneuver_time_s": 3.2, "lookahead_s": 0.4}
{"stage": "MPPI lookahead optimization", "iteration": 630, "window_iteration": 4, "command_step": 96, "maneuver_time_s": 3.2, "lookahead_s": 0.4}
{"stage": "MPPI lookahead optimization", "iteration": 631, "window_iteration": 5, "command_step": 96, "maneuver_time_s": 3.2, "lookahead_s": 0.4}
{"stage": "MPPI lookahead optimization", "iteration": 632, "window_iteration": 6, "command_step": 96, "maneuver_time_s": 3.2, "lookahead_s": 0.4}
{"stage": "MPPI lookahead optimization", "iteration": 633, "window_iteration": 7, "command_step": 96, "maneuver_time_s": 3.2, "lookahead_s": 0.4}
{"stage": "MPPI lookahead optimization", "iteration": 634, "window_iteration": 8, "command_step": 96, "maneuver_time_s": 3.2, "lookahead_s": 0.4}
{"stage": "MPPI lookahead optimization", "iteration": 635, "window_iteration": 9, "command_step": 96, "maneuver_time_s": 3.2, "lookahead_s": 0.4}
{"stage": "MPPI lookahead optimization", "iteration": 636, "window_iteration": 10, "command_step": 96, "maneuver_time_s": 3.2, "lookahead_s": 0.4}
{"stage": "MPPI lookahead optimization", "iteration": 637, "window_iteration": 11, "command_step": 96, "maneuver_time_s": 3.2, "lookahead_s": 0.4}
{"stage": "Committing next 30 Hz command", "iteration": 637, "command_step": 96}
{"stage": "MPPI command committed", "iteration": 637, "command_step": 97, "time_s": 3.2333333333333334, "iterations": 11, "stop_reason": "reward_plateau", "actual_reward": -39.84308091612988, "actual_success": false, "actual_failed": false, "actual_minimum_tip_distance_m": 0.6447732750081093, "lookahead_score": -29.427988236027282, "predicted_hit": false, "predicted_failed": false, "predicted_distance_m": 0.5146502767573276}
{"stage": "MPPI lookahead optimization", "iteration": 638, "window_iteration": 1, "command_step": 97, "maneuver_time_s": 3.2333333333333334, "lookahead_s": 0.4}
{"stage": "MPPI lookahead optimization", "iteration": 639, "window_iteration": 2, "command_step": 97, "maneuver_time_s": 3.2333333333333334, "lookahead_s": 0.4}
{"stage": "MPPI lookahead optimization", "iteration": 640, "window_iteration": 3, "command_step": 97, "maneuver_time_s": 3.2333333333333334, "lookahead_s": 0.4}
{"stage": "MPPI lookahead optimization", "iteration": 641, "window_iteration": 4, "command_step": 97, "maneuver_time_s": 3.2333333333333334, "lookahead_s": 0.4}
{"stage": "MPPI lookahead optimization", "iteration": 642, "window_iteration": 5, "command_step": 97, "maneuver_time_s": 3.2333333333333334, "lookahead_s": 0.4}
{"stage": "MPPI lookahead optimization", "iteration": 643, "window_iteration": 6, "command_step": 97, "maneuver_time_s": 3.2333333333333334, "lookahead_s": 0.4}
{"stage": "MPPI lookahead optimization", "iteration": 644, "window_iteration": 7, "command_step": 97, "maneuver_time_s": 3.2333333333333334, "lookahead_s": 0.4}
{"stage": "MPPI lookahead optimization", "iteration": 645, "window_iteration": 8, "command_step": 97, "maneuver_time_s": 3.2333333333333334, "lookahead_s": 0.4}
{"stage": "MPPI lookahead optimization", "iteration": 646, "window_iteration": 9, "command_step": 97, "maneuver_time_s": 3.2333333333333334, "lookahead_s": 0.4}
{"stage": "MPPI lookahead optimization", "iteration": 647, "window_iteration": 10, "command_step": 97, "maneuver_time_s": 3.2333333333333334, "lookahead_s": 0.4}
{"stage": "MPPI lookahead optimization", "iteration": 648, "window_iteration": 11, "command_step": 97, "maneuver_time_s": 3.2333333333333334, "lookahead_s": 0.4}
{"stage": "MPPI lookahead optimization", "iteration": 649, "window_iteration": 12, "command_step": 97, "maneuver_time_s": 3.2333333333333334, "lookahead_s": 0.4}
{"stage": "MPPI lookahead optimization", "iteration": 650, "window_iteration": 13, "command_step": 97, "maneuver_time_s": 3.2333333333333334, "lookahead_s": 0.4}
{"stage": "MPPI lookahead optimization", "iteration": 651, "window_iteration": 14, "command_step": 97, "maneuver_time_s": 3.2333333333333334, "lookahead_s": 0.4}
{"stage": "MPPI lookahead optimization", "iteration": 652, "window_iteration": 15, "command_step": 97, "maneuver_time_s": 3.2333333333333334, "lookahead_s": 0.4}
{"stage": "Committing next 30 Hz command", "iteration": 652, "command_step": 97}
{"stage": "MPPI command committed", "iteration": 652, "command_step": 98, "time_s": 3.2666666666666666, "iterations": 15, "stop_reason": "reward_plateau", "actual_reward": -37.80855742751005, "actual_success": false, "actual_failed": false, "actual_minimum_tip_distance_m": 0.5858561427302462, "lookahead_score": -21.7625846369356, "predicted_hit": false, "predicted_failed": false, "predicted_distance_m": 0.5146526604658115}
{"stage": "MPPI lookahead optimization", "iteration": 653, "window_iteration": 1, "command_step": 98, "maneuver_time_s": 3.2666666666666666, "lookahead_s": 0.4}
{"stage": "MPPI lookahead optimization", "iteration": 654, "window_iteration": 2, "command_step": 98, "maneuver_time_s": 3.2666666666666666, "lookahead_s": 0.4}
{"stage": "MPPI lookahead optimization", "iteration": 655, "window_iteration": 3, "command_step": 98, "maneuver_time_s": 3.2666666666666666, "lookahead_s": 0.4}
{"stage": "MPPI lookahead optimization", "iteration": 656, "window_iteration": 4, "command_step": 98, "maneuver_time_s": 3.2666666666666666, "lookahead_s": 0.4}
{"stage": "MPPI lookahead optimization", "iteration": 657, "window_iteration": 5, "command_step": 98, "maneuver_time_s": 3.2666666666666666, "lookahead_s": 0.4}
{"stage": "Committing next 30 Hz command", "iteration": 657, "command_step": 98}
{"stage": "MPPI command committed", "iteration": 657, "command_step": 99, "time_s": 3.3, "iterations": 5, "stop_reason": "reward_plateau", "actual_reward": -36.31123945687164, "actual_success": false, "actual_failed": false, "actual_minimum_tip_distance_m": 0.5385847612918374, "lookahead_score": -20.22003901813742, "predicted_hit": false, "predicted_failed": false, "predicted_distance_m": 0.5146526904353059}
{"stage": "MPPI lookahead optimization", "iteration": 658, "window_iteration": 1, "command_step": 99, "maneuver_time_s": 3.3, "lookahead_s": 0.4}
{"stage": "MPPI lookahead optimization", "iteration": 659, "window_iteration": 2, "command_step": 99, "maneuver_time_s": 3.3, "lookahead_s": 0.4}
{"stage": "MPPI lookahead optimization", "iteration": 660, "window_iteration": 3, "command_step": 99, "maneuver_time_s": 3.3, "lookahead_s": 0.4}
{"stage": "MPPI lookahead optimization", "iteration": 661, "window_iteration": 4, "command_step": 99, "maneuver_time_s": 3.3, "lookahead_s": 0.4}
{"stage": "MPPI lookahead optimization", "iteration": 662, "window_iteration": 5, "command_step": 99, "maneuver_time_s": 3.3, "lookahead_s": 0.4}
{"stage": "Committing next 30 Hz command", "iteration": 662, "command_step": 99}
{"stage": "MPPI command committed", "iteration": 662, "command_step": 100, "time_s": 3.3333333333333335, "iterations": 5, "stop_reason": "reward_plateau", "actual_reward": -35.93692147246418, "actual_success": false, "actual_failed": false, "actual_minimum_tip_distance_m": 0.5157186607358377, "lookahead_score": -20.05137846286904, "predicted_hit": false, "predicted_failed": false, "predicted_distance_m": 0.5146526904353056}
{"stage": "MPPI lookahead optimization", "iteration": 663, "window_iteration": 1, "command_step": 100, "maneuver_time_s": 3.3333333333333335, "lookahead_s": 0.4}
{"stage": "MPPI lookahead optimization", "iteration": 664, "window_iteration": 2, "command_step": 100, "maneuver_time_s": 3.3333333333333335, "lookahead_s": 0.4}
{"stage": "MPPI lookahead optimization", "iteration": 665, "window_iteration": 3, "command_step": 100, "maneuver_time_s": 3.3333333333333335, "lookahead_s": 0.4}
{"stage": "MPPI lookahead optimization", "iteration": 666, "window_iteration": 4, "command_step": 100, "maneuver_time_s": 3.3333333333333335, "lookahead_s": 0.4}
{"stage": "Committing next 30 Hz command", "iteration": 666, "command_step": 100}
{"stage": "MPPI command committed", "iteration": 666, "command_step": 101, "time_s": 3.3666666666666667, "iterations": 4, "stop_reason": "reward_plateau", "actual_reward": -36.56784602420436, "actual_success": false, "actual_failed": false, "actual_minimum_tip_distance_m": 0.5146526904353032, "lookahead_score": -20.479487628283348, "predicted_hit": false, "predicted_failed": false, "predicted_distance_m": 0.5146526904353029}
{"stage": "MPPI lookahead optimization", "iteration": 667, "window_iteration": 1, "command_step": 101, "maneuver_time_s": 3.3666666666666667, "lookahead_s": 0.4}
{"stage": "MPPI lookahead optimization", "iteration": 668, "window_iteration": 2, "command_step": 101, "maneuver_time_s": 3.3666666666666667, "lookahead_s": 0.4}
{"stage": "MPPI lookahead optimization", "iteration": 669, "window_iteration": 3, "command_step": 101, "maneuver_time_s": 3.3666666666666667, "lookahead_s": 0.4}
{"stage": "MPPI lookahead optimization", "iteration": 670, "window_iteration": 4, "command_step": 101, "maneuver_time_s": 3.3666666666666667, "lookahead_s": 0.4}
{"stage": "Committing next 30 Hz command", "iteration": 670, "command_step": 101}
{"stage": "MPPI command committed", "iteration": 670, "command_step": 102, "time_s": 3.4, "iterations": 4, "stop_reason": "reward_plateau", "actual_reward": -37.25454398867504, "actual_success": false, "actual_failed": false, "actual_minimum_tip_distance_m": 0.5146526904353032, "lookahead_score": -21.51639800283725, "predicted_hit": false, "predicted_failed": false, "predicted_distance_m": 0.5146526904353032}
{"stage": "MPPI lookahead optimization", "iteration": 671, "window_iteration": 1, "command_step": 102, "maneuver_time_s": 3.4, "lookahead_s": 0.4}
{"stage": "MPPI lookahead optimization", "iteration": 672, "window_iteration": 2, "command_step": 102, "maneuver_time_s": 3.4, "lookahead_s": 0.4}
{"stage": "MPPI lookahead optimization", "iteration": 673, "window_iteration": 3, "command_step": 102, "maneuver_time_s": 3.4, "lookahead_s": 0.4}
{"stage": "MPPI lookahead optimization", "iteration": 674, "window_iteration": 4, "command_step": 102, "maneuver_time_s": 3.4, "lookahead_s": 0.4}
{"stage": "MPPI lookahead optimization", "iteration": 675, "window_iteration": 5, "command_step": 102, "maneuver_time_s": 3.4, "lookahead_s": 0.4}
{"stage": "MPPI lookahead optimization", "iteration": 676, "window_iteration": 6, "command_step": 102, "maneuver_time_s": 3.4, "lookahead_s": 0.4}
{"stage": "MPPI lookahead optimization", "iteration": 677, "window_iteration": 7, "command_step": 102, "maneuver_time_s": 3.4, "lookahead_s": 0.4}
{"stage": "MPPI lookahead optimization", "iteration": 678, "window_iteration": 8, "command_step": 102, "maneuver_time_s": 3.4, "lookahead_s": 0.4}
{"stage": "MPPI lookahead optimization", "iteration": 679, "window_iteration": 9, "command_step": 102, "maneuver_time_s": 3.4, "lookahead_s": 0.4}
{"stage": "MPPI lookahead optimization", "iteration": 680, "window_iteration": 10, "command_step": 102, "maneuver_time_s": 3.4, "lookahead_s": 0.4}
{"stage": "MPPI lookahead optimization", "iteration": 681, "window_iteration": 11, "command_step": 102, "maneuver_time_s": 3.4, "lookahead_s": 0.4}
{"stage": "MPPI lookahead optimization", "iteration": 682, "window_iteration": 12, "command_step": 102, "maneuver_time_s": 3.4, "lookahead_s": 0.4}
{"stage": "Committing next 30 Hz command", "iteration": 682, "command_step": 102}
{"stage": "MPPI command committed", "iteration": 682, "command_step": 103, "time_s": 3.433333333333333, "iterations": 12, "stop_reason": "reward_plateau", "actual_reward": -37.948874028210554, "actual_success": false, "actual_failed": false, "actual_minimum_tip_distance_m": 0.5146526904353032, "lookahead_score": -23.535320740376953, "predicted_hit": false, "predicted_failed": false, "predicted_distance_m": 0.5146526904353032}
{"stage": "MPPI lookahead optimization", "iteration": 683, "window_iteration": 1, "command_step": 103, "maneuver_time_s": 3.433333333333333, "lookahead_s": 0.4}
{"stage": "MPPI lookahead optimization", "iteration": 684, "window_iteration": 2, "command_step": 103, "maneuver_time_s": 3.433333333333333, "lookahead_s": 0.4}
{"stage": "MPPI lookahead optimization", "iteration": 685, "window_iteration": 3, "command_step": 103, "maneuver_time_s": 3.433333333333333, "lookahead_s": 0.4}
{"stage": "MPPI lookahead optimization", "iteration": 686, "window_iteration": 4, "command_step": 103, "maneuver_time_s": 3.433333333333333, "lookahead_s": 0.4}
{"stage": "Committing next 30 Hz command", "iteration": 686, "command_step": 103}
{"stage": "MPPI command committed", "iteration": 686, "command_step": 104, "time_s": 3.466666666666667, "iterations": 4, "stop_reason": "reward_plateau", "actual_reward": -38.650389465300925, "actual_success": false, "actual_failed": false, "actual_minimum_tip_distance_m": 0.5146526904353032, "lookahead_score": -26.67863708069622, "predicted_hit": false, "predicted_failed": false, "predicted_distance_m": 0.5146526904353032}
{"stage": "MPPI lookahead optimization", "iteration": 687, "window_iteration": 1, "command_step": 104, "maneuver_time_s": 3.466666666666667, "lookahead_s": 0.4}
{"stage": "MPPI lookahead optimization", "iteration": 688, "window_iteration": 2, "command_step": 104, "maneuver_time_s": 3.466666666666667, "lookahead_s": 0.4}
{"stage": "MPPI lookahead optimization", "iteration": 689, "window_iteration": 3, "command_step": 104, "maneuver_time_s": 3.466666666666667, "lookahead_s": 0.4}
{"stage": "MPPI lookahead optimization", "iteration": 690, "window_iteration": 4, "command_step": 104, "maneuver_time_s": 3.466666666666667, "lookahead_s": 0.4}
{"stage": "Committing next 30 Hz command", "iteration": 690, "command_step": 104}
{"stage": "MPPI command committed", "iteration": 690, "command_step": 105, "time_s": 3.5, "iterations": 4, "stop_reason": "reward_plateau", "actual_reward": -39.35821539442138, "actual_success": false, "actual_failed": false, "actual_minimum_tip_distance_m": 0.5146526904353032, "lookahead_score": -30.972614941469658, "predicted_hit": false, "predicted_failed": false, "predicted_distance_m": 0.5146526904353032}
{"stage": "MPPI lookahead optimization", "iteration": 691, "window_iteration": 1, "command_step": 105, "maneuver_time_s": 3.5, "lookahead_s": 0.4}
{"stage": "MPPI lookahead optimization", "iteration": 692, "window_iteration": 2, "command_step": 105, "maneuver_time_s": 3.5, "lookahead_s": 0.4}
{"stage": "MPPI lookahead optimization", "iteration": 693, "window_iteration": 3, "command_step": 105, "maneuver_time_s": 3.5, "lookahead_s": 0.4}
{"stage": "MPPI lookahead optimization", "iteration": 694, "window_iteration": 4, "command_step": 105, "maneuver_time_s": 3.5, "lookahead_s": 0.4}
{"stage": "MPPI lookahead optimization", "iteration": 695, "window_iteration": 5, "command_step": 105, "maneuver_time_s": 3.5, "lookahead_s": 0.4}
{"stage": "MPPI lookahead optimization", "iteration": 696, "window_iteration": 6, "command_step": 105, "maneuver_time_s": 3.5, "lookahead_s": 0.4}
{"stage": "Committing next 30 Hz command", "iteration": 696, "command_step": 105}
{"stage": "MPPI command committed", "iteration": 696, "command_step": 106, "time_s": 3.533333333333333, "iterations": 6, "stop_reason": "reward_plateau", "actual_reward": -40.071694897116, "actual_success": false, "actual_failed": false, "actual_minimum_tip_distance_m": 0.5146526904353032, "lookahead_score": -36.27384761123476, "predicted_hit": false, "predicted_failed": false, "predicted_distance_m": 0.5146526904353032}
{"stage": "MPPI lookahead optimization", "iteration": 697, "window_iteration": 1, "command_step": 106, "maneuver_time_s": 3.533333333333333, "lookahead_s": 0.4}
{"stage": "MPPI lookahead optimization", "iteration": 698, "window_iteration": 2, "command_step": 106, "maneuver_time_s": 3.533333333333333, "lookahead_s": 0.4}
{"stage": "MPPI lookahead optimization", "iteration": 699, "window_iteration": 3, "command_step": 106, "maneuver_time_s": 3.533333333333333, "lookahead_s": 0.4}
{"stage": "MPPI lookahead optimization", "iteration": 700, "window_iteration": 4, "command_step": 106, "maneuver_time_s": 3.533333333333333, "lookahead_s": 0.4}
{"stage": "Committing next 30 Hz command", "iteration": 700, "command_step": 106}
{"stage": "MPPI command committed", "iteration": 700, "command_step": 107, "time_s": 3.566666666666667, "iterations": 4, "stop_reason": "reward_plateau", "actual_reward": -40.7900025761342, "actual_success": false, "actual_failed": false, "actual_minimum_tip_distance_m": 0.5146526904353032, "lookahead_score": -43.48095725803509, "predicted_hit": false, "predicted_failed": false, "predicted_distance_m": 0.5146526904353032}
{"stage": "MPPI lookahead optimization", "iteration": 701, "window_iteration": 1, "command_step": 107, "maneuver_time_s": 3.566666666666667, "lookahead_s": 0.4}
{"stage": "MPPI lookahead optimization", "iteration": 702, "window_iteration": 2, "command_step": 107, "maneuver_time_s": 3.566666666666667, "lookahead_s": 0.4}
{"stage": "MPPI lookahead optimization", "iteration": 703, "window_iteration": 3, "command_step": 107, "maneuver_time_s": 3.566666666666667, "lookahead_s": 0.4}
{"stage": "MPPI lookahead optimization", "iteration": 704, "window_iteration": 4, "command_step": 107, "maneuver_time_s": 3.566666666666667, "lookahead_s": 0.4}
{"stage": "Committing next 30 Hz command", "iteration": 704, "command_step": 107}
{"stage": "MPPI command committed", "iteration": 704, "command_step": 108, "time_s": 3.6, "iterations": 4, "stop_reason": "reward_plateau", "actual_reward": -41.51183264334702, "actual_success": false, "actual_failed": false, "actual_minimum_tip_distance_m": 0.5146526904353032, "lookahead_score": -53.12292822428193, "predicted_hit": false, "predicted_failed": false, "predicted_distance_m": 0.5146526904353032}
{"stage": "MPPI lookahead optimization", "iteration": 705, "window_iteration": 1, "command_step": 108, "maneuver_time_s": 3.6, "lookahead_s": 0.4}
{"stage": "MPPI lookahead optimization", "iteration": 706, "window_iteration": 2, "command_step": 108, "maneuver_time_s": 3.6, "lookahead_s": 0.4}
{"stage": "MPPI lookahead optimization", "iteration": 707, "window_iteration": 3, "command_step": 108, "maneuver_time_s": 3.6, "lookahead_s": 0.4}
{"stage": "MPPI lookahead optimization", "iteration": 708, "window_iteration": 4, "command_step": 108, "maneuver_time_s": 3.6, "lookahead_s": 0.4}
{"stage": "Committing next 30 Hz command", "iteration": 708, "command_step": 108}
{"stage": "MPPI command committed", "iteration": 708, "command_step": 109, "time_s": 3.6333333333333333, "iterations": 4, "stop_reason": "reward_plateau", "actual_reward": -42.23611769521714, "actual_success": false, "actual_failed": false, "actual_minimum_tip_distance_m": 0.5146526904353032, "lookahead_score": -65.14035199705039, "predicted_hit": false, "predicted_failed": false, "predicted_distance_m": 0.5146526904353032}
{"stage": "MPPI lookahead optimization", "iteration": 709, "window_iteration": 1, "command_step": 109, "maneuver_time_s": 3.6333333333333333, "lookahead_s": 0.4}
{"stage": "MPPI lookahead optimization", "iteration": 710, "window_iteration": 2, "command_step": 109, "maneuver_time_s": 3.6333333333333333, "lookahead_s": 0.4}
{"stage": "MPPI lookahead optimization", "iteration": 711, "window_iteration": 3, "command_step": 109, "maneuver_time_s": 3.6333333333333333, "lookahead_s": 0.4}
{"stage": "MPPI lookahead optimization", "iteration": 712, "window_iteration": 4, "command_step": 109, "maneuver_time_s": 3.6333333333333333, "lookahead_s": 0.4}
{"stage": "Committing next 30 Hz command", "iteration": 712, "command_step": 109}
{"stage": "MPPI command committed", "iteration": 712, "command_step": 110, "time_s": 3.6666666666666665, "iterations": 4, "stop_reason": "reward_plateau", "actual_reward": -42.960977270611146, "actual_success": false, "actual_failed": false, "actual_minimum_tip_distance_m": 0.5146526904353032, "lookahead_score": -78.41528653026211, "predicted_hit": false, "predicted_failed": false, "predicted_distance_m": 0.5146526904353032}
{"stage": "MPPI lookahead optimization", "iteration": 713, "window_iteration": 1, "command_step": 110, "maneuver_time_s": 3.6666666666666665, "lookahead_s": 0.4}
{"stage": "MPPI lookahead optimization", "iteration": 714, "window_iteration": 2, "command_step": 110, "maneuver_time_s": 3.6666666666666665, "lookahead_s": 0.4}
{"stage": "MPPI lookahead optimization", "iteration": 715, "window_iteration": 3, "command_step": 110, "maneuver_time_s": 3.6666666666666665, "lookahead_s": 0.4}
{"stage": "MPPI lookahead optimization", "iteration": 716, "window_iteration": 4, "command_step": 110, "maneuver_time_s": 3.6666666666666665, "lookahead_s": 0.4}
{"stage": "Committing next 30 Hz command", "iteration": 716, "command_step": 110}
{"stage": "MPPI command committed", "iteration": 716, "command_step": 111, "time_s": 3.7, "iterations": 4, "stop_reason": "reward_plateau", "actual_reward": -43.6855148452026, "actual_success": false, "actual_failed": false, "actual_minimum_tip_distance_m": 0.5146526904353032, "lookahead_score": -92.25846380809729, "predicted_hit": false, "predicted_failed": false, "predicted_distance_m": 0.5146526904353032}
{"stage": "MPPI lookahead optimization", "iteration": 717, "window_iteration": 1, "command_step": 111, "maneuver_time_s": 3.7, "lookahead_s": 0.4}
{"stage": "MPPI lookahead optimization", "iteration": 718, "window_iteration": 2, "command_step": 111, "maneuver_time_s": 3.7, "lookahead_s": 0.4}
{"stage": "MPPI lookahead optimization", "iteration": 719, "window_iteration": 3, "command_step": 111, "maneuver_time_s": 3.7, "lookahead_s": 0.4}
{"stage": "MPPI lookahead optimization", "iteration": 720, "window_iteration": 4, "command_step": 111, "maneuver_time_s": 3.7, "lookahead_s": 0.4}
{"stage": "MPPI lookahead optimization", "iteration": 721, "window_iteration": 5, "command_step": 111, "maneuver_time_s": 3.7, "lookahead_s": 0.4}
{"stage": "MPPI lookahead optimization", "iteration": 722, "window_iteration": 6, "command_step": 111, "maneuver_time_s": 3.7, "lookahead_s": 0.4}
{"stage": "MPPI lookahead optimization", "iteration": 723, "window_iteration": 7, "command_step": 111, "maneuver_time_s": 3.7, "lookahead_s": 0.4}
{"stage": "MPPI lookahead optimization", "iteration": 724, "window_iteration": 8, "command_step": 111, "maneuver_time_s": 3.7, "lookahead_s": 0.4}
{"stage": "MPPI lookahead optimization", "iteration": 725, "window_iteration": 9, "command_step": 111, "maneuver_time_s": 3.7, "lookahead_s": 0.4}
{"stage": "MPPI lookahead optimization", "iteration": 726, "window_iteration": 10, "command_step": 111, "maneuver_time_s": 3.7, "lookahead_s": 0.4}
{"stage": "MPPI lookahead optimization", "iteration": 727, "window_iteration": 11, "command_step": 111, "maneuver_time_s": 3.7, "lookahead_s": 0.4}
{"stage": "Committing next 30 Hz command", "iteration": 727, "command_step": 111}
{"stage": "MPPI command committed", "iteration": 727, "command_step": 112, "time_s": 3.7333333333333334, "iterations": 11, "stop_reason": "reward_plateau", "actual_reward": -44.409009513884236, "actual_success": false, "actual_failed": false, "actual_minimum_tip_distance_m": 0.5146526904353032, "lookahead_score": -91.75453144465175, "predicted_hit": false, "predicted_failed": false, "predicted_distance_m": 0.5146526904353032}
{"stage": "MPPI lookahead optimization", "iteration": 728, "window_iteration": 1, "command_step": 112, "maneuver_time_s": 3.7333333333333334, "lookahead_s": 0.4}
{"stage": "MPPI lookahead optimization", "iteration": 729, "window_iteration": 2, "command_step": 112, "maneuver_time_s": 3.7333333333333334, "lookahead_s": 0.4}
{"stage": "MPPI lookahead optimization", "iteration": 730, "window_iteration": 3, "command_step": 112, "maneuver_time_s": 3.7333333333333334, "lookahead_s": 0.4}
{"stage": "MPPI lookahead optimization", "iteration": 731, "window_iteration": 4, "command_step": 112, "maneuver_time_s": 3.7333333333333334, "lookahead_s": 0.4}
{"stage": "MPPI lookahead optimization", "iteration": 732, "window_iteration": 5, "command_step": 112, "maneuver_time_s": 3.7333333333333334, "lookahead_s": 0.4}
{"stage": "Committing next 30 Hz command", "iteration": 732, "command_step": 112}
{"stage": "MPPI command committed", "iteration": 732, "command_step": 113, "time_s": 3.7666666666666666, "iterations": 5, "stop_reason": "reward_plateau", "actual_reward": -45.13079678181583, "actual_success": false, "actual_failed": false, "actual_minimum_tip_distance_m": 0.5146526904353032, "lookahead_score": -89.11657836975108, "predicted_hit": false, "predicted_failed": false, "predicted_distance_m": 0.5146526904353032}
{"stage": "MPPI lookahead optimization", "iteration": 733, "window_iteration": 1, "command_step": 113, "maneuver_time_s": 3.7666666666666666, "lookahead_s": 0.4}
{"stage": "MPPI lookahead optimization", "iteration": 734, "window_iteration": 2, "command_step": 113, "maneuver_time_s": 3.7666666666666666, "lookahead_s": 0.4}
{"stage": "MPPI lookahead optimization", "iteration": 735, "window_iteration": 3, "command_step": 113, "maneuver_time_s": 3.7666666666666666, "lookahead_s": 0.4}
{"stage": "MPPI lookahead optimization", "iteration": 736, "window_iteration": 4, "command_step": 113, "maneuver_time_s": 3.7666666666666666, "lookahead_s": 0.4}
{"stage": "MPPI lookahead optimization", "iteration": 737, "window_iteration": 5, "command_step": 113, "maneuver_time_s": 3.7666666666666666, "lookahead_s": 0.4}
{"stage": "MPPI lookahead optimization", "iteration": 738, "window_iteration": 6, "command_step": 113, "maneuver_time_s": 3.7666666666666666, "lookahead_s": 0.4}
{"stage": "Committing next 30 Hz command", "iteration": 738, "command_step": 113}
{"stage": "MPPI command committed", "iteration": 738, "command_step": 114, "time_s": 3.8, "iterations": 6, "stop_reason": "reward_plateau", "actual_reward": -45.851009027272696, "actual_success": false, "actual_failed": false, "actual_minimum_tip_distance_m": 0.5146526904353032, "lookahead_score": -89.89286580512038, "predicted_hit": false, "predicted_failed": false, "predicted_distance_m": 0.5146526904353032}
{"stage": "MPPI lookahead optimization", "iteration": 739, "window_iteration": 1, "command_step": 114, "maneuver_time_s": 3.8, "lookahead_s": 0.4}
{"stage": "MPPI lookahead optimization", "iteration": 740, "window_iteration": 2, "command_step": 114, "maneuver_time_s": 3.8, "lookahead_s": 0.4}
{"stage": "MPPI lookahead optimization", "iteration": 741, "window_iteration": 3, "command_step": 114, "maneuver_time_s": 3.8, "lookahead_s": 0.4}
{"stage": "MPPI lookahead optimization", "iteration": 742, "window_iteration": 4, "command_step": 114, "maneuver_time_s": 3.8, "lookahead_s": 0.4}
{"stage": "MPPI lookahead optimization", "iteration": 743, "window_iteration": 5, "command_step": 114, "maneuver_time_s": 3.8, "lookahead_s": 0.4}
{"stage": "MPPI lookahead optimization", "iteration": 744, "window_iteration": 6, "command_step": 114, "maneuver_time_s": 3.8, "lookahead_s": 0.4}
{"stage": "MPPI lookahead optimization", "iteration": 745, "window_iteration": 7, "command_step": 114, "maneuver_time_s": 3.8, "lookahead_s": 0.4}
{"stage": "MPPI lookahead optimization", "iteration": 746, "window_iteration": 8, "command_step": 114, "maneuver_time_s": 3.8, "lookahead_s": 0.4}
{"stage": "MPPI lookahead optimization", "iteration": 747, "window_iteration": 9, "command_step": 114, "maneuver_time_s": 3.8, "lookahead_s": 0.4}
{"stage": "MPPI lookahead optimization", "iteration": 748, "window_iteration": 10, "command_step": 114, "maneuver_time_s": 3.8, "lookahead_s": 0.4}
{"stage": "MPPI lookahead optimization", "iteration": 749, "window_iteration": 11, "command_step": 114, "maneuver_time_s": 3.8, "lookahead_s": 0.4}
{"stage": "MPPI lookahead optimization", "iteration": 750, "window_iteration": 12, "command_step": 114, "maneuver_time_s": 3.8, "lookahead_s": 0.4}
{"stage": "MPPI lookahead optimization", "iteration": 751, "window_iteration": 13, "command_step": 114, "maneuver_time_s": 3.8, "lookahead_s": 0.4}
{"stage": "MPPI lookahead optimization", "iteration": 752, "window_iteration": 14, "command_step": 114, "maneuver_time_s": 3.8, "lookahead_s": 0.4}
{"stage": "MPPI lookahead optimization", "iteration": 753, "window_iteration": 15, "command_step": 114, "maneuver_time_s": 3.8, "lookahead_s": 0.4}
{"stage": "Committing next 30 Hz command", "iteration": 753, "command_step": 114}
{"stage": "MPPI command committed", "iteration": 753, "command_step": 115, "time_s": 3.8333333333333335, "iterations": 15, "stop_reason": "reward_plateau", "actual_reward": -46.57115014931294, "actual_success": false, "actual_failed": false, "actual_minimum_tip_distance_m": 0.5146526904353032, "lookahead_score": -94.23202782610036, "predicted_hit": false, "predicted_failed": false, "predicted_distance_m": 0.5146526904353032}
{"stage": "MPPI lookahead optimization", "iteration": 754, "window_iteration": 1, "command_step": 115, "maneuver_time_s": 3.8333333333333335, "lookahead_s": 0.4}
{"stage": "MPPI lookahead optimization", "iteration": 755, "window_iteration": 2, "command_step": 115, "maneuver_time_s": 3.8333333333333335, "lookahead_s": 0.4}
{"stage": "MPPI lookahead optimization", "iteration": 756, "window_iteration": 3, "command_step": 115, "maneuver_time_s": 3.8333333333333335, "lookahead_s": 0.4}
{"stage": "MPPI lookahead optimization", "iteration": 757, "window_iteration": 4, "command_step": 115, "maneuver_time_s": 3.8333333333333335, "lookahead_s": 0.4}
{"stage": "MPPI lookahead optimization", "iteration": 758, "window_iteration": 5, "command_step": 115, "maneuver_time_s": 3.8333333333333335, "lookahead_s": 0.4}
{"stage": "MPPI lookahead optimization", "iteration": 759, "window_iteration": 6, "command_step": 115, "maneuver_time_s": 3.8333333333333335, "lookahead_s": 0.4}
{"stage": "MPPI lookahead optimization", "iteration": 760, "window_iteration": 7, "command_step": 115, "maneuver_time_s": 3.8333333333333335, "lookahead_s": 0.4}
{"stage": "MPPI lookahead optimization", "iteration": 761, "window_iteration": 8, "command_step": 115, "maneuver_time_s": 3.8333333333333335, "lookahead_s": 0.4}
{"stage": "Committing next 30 Hz command", "iteration": 761, "command_step": 115}
{"stage": "MPPI command committed", "iteration": 761, "command_step": 116, "time_s": 3.8666666666666667, "iterations": 8, "stop_reason": "reward_plateau", "actual_reward": -47.29289278842279, "actual_success": false, "actual_failed": false, "actual_minimum_tip_distance_m": 0.5146526904353032, "lookahead_score": -220.10367754373164, "predicted_hit": false, "predicted_failed": false, "predicted_distance_m": 0.5146526904353032}
{"stage": "MPPI lookahead optimization", "iteration": 762, "window_iteration": 1, "command_step": 116, "maneuver_time_s": 3.8666666666666667, "lookahead_s": 0.4}
{"stage": "MPPI lookahead optimization", "iteration": 763, "window_iteration": 2, "command_step": 116, "maneuver_time_s": 3.8666666666666667, "lookahead_s": 0.4}
{"stage": "MPPI lookahead optimization", "iteration": 764, "window_iteration": 3, "command_step": 116, "maneuver_time_s": 3.8666666666666667, "lookahead_s": 0.4}
{"stage": "MPPI lookahead optimization", "iteration": 765, "window_iteration": 4, "command_step": 116, "maneuver_time_s": 3.8666666666666667, "lookahead_s": 0.4}
{"stage": "MPPI lookahead optimization", "iteration": 766, "window_iteration": 5, "command_step": 116, "maneuver_time_s": 3.8666666666666667, "lookahead_s": 0.4}
{"stage": "MPPI lookahead optimization", "iteration": 767, "window_iteration": 6, "command_step": 116, "maneuver_time_s": 3.8666666666666667, "lookahead_s": 0.4}
{"stage": "MPPI lookahead optimization", "iteration": 768, "window_iteration": 7, "command_step": 116, "maneuver_time_s": 3.8666666666666667, "lookahead_s": 0.4}
{"stage": "MPPI lookahead optimization", "iteration": 769, "window_iteration": 8, "command_step": 116, "maneuver_time_s": 3.8666666666666667, "lookahead_s": 0.4}
{"stage": "MPPI lookahead optimization", "iteration": 770, "window_iteration": 9, "command_step": 116, "maneuver_time_s": 3.8666666666666667, "lookahead_s": 0.4}
{"stage": "MPPI lookahead optimization", "iteration": 771, "window_iteration": 10, "command_step": 116, "maneuver_time_s": 3.8666666666666667, "lookahead_s": 0.4}
{"stage": "MPPI lookahead optimization", "iteration": 772, "window_iteration": 11, "command_step": 116, "maneuver_time_s": 3.8666666666666667, "lookahead_s": 0.4}
{"stage": "MPPI lookahead optimization", "iteration": 773, "window_iteration": 12, "command_step": 116, "maneuver_time_s": 3.8666666666666667, "lookahead_s": 0.4}
{"stage": "MPPI lookahead optimization", "iteration": 774, "window_iteration": 13, "command_step": 116, "maneuver_time_s": 3.8666666666666667, "lookahead_s": 0.4}
{"stage": "MPPI lookahead optimization", "iteration": 775, "window_iteration": 14, "command_step": 116, "maneuver_time_s": 3.8666666666666667, "lookahead_s": 0.4}
{"stage": "MPPI lookahead optimization", "iteration": 776, "window_iteration": 15, "command_step": 116, "maneuver_time_s": 3.8666666666666667, "lookahead_s": 0.4}
{"stage": "MPPI lookahead optimization", "iteration": 777, "window_iteration": 16, "command_step": 116, "maneuver_time_s": 3.8666666666666667, "lookahead_s": 0.4}
{"stage": "MPPI lookahead optimization", "iteration": 778, "window_iteration": 17, "command_step": 116, "maneuver_time_s": 3.8666666666666667, "lookahead_s": 0.4}
{"stage": "MPPI lookahead optimization", "iteration": 779, "window_iteration": 18, "command_step": 116, "maneuver_time_s": 3.8666666666666667, "lookahead_s": 0.4}
{"stage": "Committing next 30 Hz command", "iteration": 779, "command_step": 116}
{"stage": "MPPI command committed", "iteration": 779, "command_step": 117, "time_s": 3.9, "iterations": 18, "stop_reason": "reward_plateau", "actual_reward": -48.01863102339507, "actual_success": false, "actual_failed": false, "actual_minimum_tip_distance_m": 0.5146526904353032, "lookahead_score": -87.9199552997191, "predicted_hit": false, "predicted_failed": false, "predicted_distance_m": 0.5146526904353032}
{"stage": "MPPI lookahead optimization", "iteration": 780, "window_iteration": 1, "command_step": 117, "maneuver_time_s": 3.9, "lookahead_s": 0.4}
{"stage": "MPPI lookahead optimization", "iteration": 781, "window_iteration": 2, "command_step": 117, "maneuver_time_s": 3.9, "lookahead_s": 0.4}
{"stage": "MPPI lookahead optimization", "iteration": 782, "window_iteration": 3, "command_step": 117, "maneuver_time_s": 3.9, "lookahead_s": 0.4}
{"stage": "MPPI lookahead optimization", "iteration": 783, "window_iteration": 4, "command_step": 117, "maneuver_time_s": 3.9, "lookahead_s": 0.4}
{"stage": "Committing next 30 Hz command", "iteration": 783, "command_step": 117}
{"stage": "MPPI command committed", "iteration": 783, "command_step": 118, "time_s": 3.933333333333333, "iterations": 4, "stop_reason": "reward_plateau", "actual_reward": -48.75027968940055, "actual_success": false, "actual_failed": false, "actual_minimum_tip_distance_m": 0.5146526904353032, "lookahead_score": -69.66340597008549, "predicted_hit": false, "predicted_failed": false, "predicted_distance_m": 0.5146526904353032}
{"stage": "MPPI lookahead optimization", "iteration": 784, "window_iteration": 1, "command_step": 118, "maneuver_time_s": 3.933333333333333, "lookahead_s": 0.4}
{"stage": "MPPI lookahead optimization", "iteration": 785, "window_iteration": 2, "command_step": 118, "maneuver_time_s": 3.933333333333333, "lookahead_s": 0.4}
{"stage": "MPPI lookahead optimization", "iteration": 786, "window_iteration": 3, "command_step": 118, "maneuver_time_s": 3.933333333333333, "lookahead_s": 0.4}
{"stage": "MPPI lookahead optimization", "iteration": 787, "window_iteration": 4, "command_step": 118, "maneuver_time_s": 3.933333333333333, "lookahead_s": 0.4}
{"stage": "MPPI lookahead optimization", "iteration": 788, "window_iteration": 5, "command_step": 118, "maneuver_time_s": 3.933333333333333, "lookahead_s": 0.4}
{"stage": "MPPI lookahead optimization", "iteration": 789, "window_iteration": 6, "command_step": 118, "maneuver_time_s": 3.933333333333333, "lookahead_s": 0.4}
{"stage": "Committing next 30 Hz command", "iteration": 789, "command_step": 118}
{"stage": "MPPI command committed", "iteration": 789, "command_step": 119, "time_s": 3.966666666666667, "iterations": 6, "stop_reason": "reward_plateau", "actual_reward": -49.48919975805781, "actual_success": false, "actual_failed": false, "actual_minimum_tip_distance_m": 0.5146526904353032, "lookahead_score": -65.03285921186507, "predicted_hit": false, "predicted_failed": false, "predicted_distance_m": 0.5146526904353032}
{"stage": "MPPI lookahead optimization", "iteration": 790, "window_iteration": 1, "command_step": 119, "maneuver_time_s": 3.966666666666667, "lookahead_s": 0.4}
{"stage": "MPPI lookahead optimization", "iteration": 791, "window_iteration": 2, "command_step": 119, "maneuver_time_s": 3.966666666666667, "lookahead_s": 0.4}
{"stage": "MPPI lookahead optimization", "iteration": 792, "window_iteration": 3, "command_step": 119, "maneuver_time_s": 3.966666666666667, "lookahead_s": 0.4}
{"stage": "MPPI lookahead optimization", "iteration": 793, "window_iteration": 4, "command_step": 119, "maneuver_time_s": 3.966666666666667, "lookahead_s": 0.4}
{"stage": "Committing next 30 Hz command", "iteration": 793, "command_step": 119}
{"stage": "MPPI command committed", "iteration": 793, "command_step": 120, "time_s": 4.0, "iterations": 4, "stop_reason": "reward_plateau", "actual_reward": -50.23623900408169, "actual_success": false, "actual_failed": false, "actual_minimum_tip_distance_m": 0.5146526904353032, "lookahead_score": -60.66424464017899, "predicted_hit": false, "predicted_failed": false, "predicted_distance_m": 0.5146526904353032}
{"stage": "MPPI lookahead optimization", "iteration": 794, "window_iteration": 1, "command_step": 120, "maneuver_time_s": 4.0, "lookahead_s": 0.4}
{"stage": "MPPI lookahead optimization", "iteration": 795, "window_iteration": 2, "command_step": 120, "maneuver_time_s": 4.0, "lookahead_s": 0.4}
{"stage": "MPPI lookahead optimization", "iteration": 796, "window_iteration": 3, "command_step": 120, "maneuver_time_s": 4.0, "lookahead_s": 0.4}
{"stage": "MPPI lookahead optimization", "iteration": 797, "window_iteration": 4, "command_step": 120, "maneuver_time_s": 4.0, "lookahead_s": 0.4}
{"stage": "Committing next 30 Hz command", "iteration": 797, "command_step": 120}
{"stage": "MPPI command committed", "iteration": 797, "command_step": 121, "time_s": 4.033333333333333, "iterations": 4, "stop_reason": "reward_plateau", "actual_reward": -50.99114016939038, "actual_success": false, "actual_failed": false, "actual_minimum_tip_distance_m": 0.5146526904353032, "lookahead_score": -57.95765718432722, "predicted_hit": false, "predicted_failed": false, "predicted_distance_m": 0.5146526904353032}
{"stage": "MPPI lookahead optimization", "iteration": 798, "window_iteration": 1, "command_step": 121, "maneuver_time_s": 4.033333333333333, "lookahead_s": 0.4}
{"stage": "MPPI lookahead optimization", "iteration": 799, "window_iteration": 2, "command_step": 121, "maneuver_time_s": 4.033333333333333, "lookahead_s": 0.4}
{"stage": "MPPI lookahead optimization", "iteration": 800, "window_iteration": 3, "command_step": 121, "maneuver_time_s": 4.033333333333333, "lookahead_s": 0.4}
{"stage": "MPPI lookahead optimization", "iteration": 801, "window_iteration": 4, "command_step": 121, "maneuver_time_s": 4.033333333333333, "lookahead_s": 0.4}
{"stage": "Committing next 30 Hz command", "iteration": 801, "command_step": 121}
{"stage": "MPPI command committed", "iteration": 801, "command_step": 122, "time_s": 4.066666666666666, "iterations": 4, "stop_reason": "reward_plateau", "actual_reward": -51.753556297804145, "actual_success": false, "actual_failed": false, "actual_minimum_tip_distance_m": 0.5146526904353032, "lookahead_score": -56.51644881078492, "predicted_hit": false, "predicted_failed": false, "predicted_distance_m": 0.5146526904353032}
{"stage": "MPPI lookahead optimization", "iteration": 802, "window_iteration": 1, "command_step": 122, "maneuver_time_s": 4.066666666666666, "lookahead_s": 0.4}
{"stage": "MPPI lookahead optimization", "iteration": 803, "window_iteration": 2, "command_step": 122, "maneuver_time_s": 4.066666666666666, "lookahead_s": 0.4}
{"stage": "MPPI lookahead optimization", "iteration": 804, "window_iteration": 3, "command_step": 122, "maneuver_time_s": 4.066666666666666, "lookahead_s": 0.4}
{"stage": "MPPI lookahead optimization", "iteration": 805, "window_iteration": 4, "command_step": 122, "maneuver_time_s": 4.066666666666666, "lookahead_s": 0.4}
{"stage": "Committing next 30 Hz command", "iteration": 805, "command_step": 122}
{"stage": "MPPI command committed", "iteration": 805, "command_step": 123, "time_s": 4.1, "iterations": 4, "stop_reason": "reward_plateau", "actual_reward": -52.52152666140598, "actual_success": false, "actual_failed": false, "actual_minimum_tip_distance_m": 0.5146526904353032, "lookahead_score": -56.161613098070546, "predicted_hit": false, "predicted_failed": false, "predicted_distance_m": 0.5146526904353032}
{"stage": "MPPI lookahead optimization", "iteration": 806, "window_iteration": 1, "command_step": 123, "maneuver_time_s": 4.1, "lookahead_s": 0.4}
{"stage": "MPPI lookahead optimization", "iteration": 807, "window_iteration": 2, "command_step": 123, "maneuver_time_s": 4.1, "lookahead_s": 0.4}
{"stage": "MPPI lookahead optimization", "iteration": 808, "window_iteration": 3, "command_step": 123, "maneuver_time_s": 4.1, "lookahead_s": 0.4}
{"stage": "MPPI lookahead optimization", "iteration": 809, "window_iteration": 4, "command_step": 123, "maneuver_time_s": 4.1, "lookahead_s": 0.4}
{"stage": "Committing next 30 Hz command", "iteration": 809, "command_step": 123}
{"stage": "MPPI command committed", "iteration": 809, "command_step": 124, "time_s": 4.133333333333334, "iterations": 4, "stop_reason": "reward_plateau", "actual_reward": -53.29357868877204, "actual_success": false, "actual_failed": false, "actual_minimum_tip_distance_m": 0.5146526904353032, "lookahead_score": -55.96321703685273, "predicted_hit": false, "predicted_failed": false, "predicted_distance_m": 0.5146526904353032}
{"stage": "MPPI lookahead optimization", "iteration": 810, "window_iteration": 1, "command_step": 124, "maneuver_time_s": 4.133333333333334, "lookahead_s": 0.4}
{"stage": "MPPI lookahead optimization", "iteration": 811, "window_iteration": 2, "command_step": 124, "maneuver_time_s": 4.133333333333334, "lookahead_s": 0.4}
{"stage": "MPPI lookahead optimization", "iteration": 812, "window_iteration": 3, "command_step": 124, "maneuver_time_s": 4.133333333333334, "lookahead_s": 0.4}
{"stage": "MPPI lookahead optimization", "iteration": 813, "window_iteration": 4, "command_step": 124, "maneuver_time_s": 4.133333333333334, "lookahead_s": 0.4}
{"stage": "Committing next 30 Hz command", "iteration": 813, "command_step": 124}
{"stage": "MPPI command committed", "iteration": 813, "command_step": 125, "time_s": 4.166666666666667, "iterations": 4, "stop_reason": "reward_plateau", "actual_reward": -54.0684846056704, "actual_success": false, "actual_failed": false, "actual_minimum_tip_distance_m": 0.5146526904353032, "lookahead_score": -55.61886870871048, "predicted_hit": false, "predicted_failed": false, "predicted_distance_m": 0.5146526904353032}
{"stage": "MPPI lookahead optimization", "iteration": 814, "window_iteration": 1, "command_step": 125, "maneuver_time_s": 4.166666666666667, "lookahead_s": 0.4}
{"stage": "MPPI lookahead optimization", "iteration": 815, "window_iteration": 2, "command_step": 125, "maneuver_time_s": 4.166666666666667, "lookahead_s": 0.4}
{"stage": "MPPI lookahead optimization", "iteration": 816, "window_iteration": 3, "command_step": 125, "maneuver_time_s": 4.166666666666667, "lookahead_s": 0.4}
{"stage": "MPPI lookahead optimization", "iteration": 817, "window_iteration": 4, "command_step": 125, "maneuver_time_s": 4.166666666666667, "lookahead_s": 0.4}
{"stage": "Committing next 30 Hz command", "iteration": 817, "command_step": 125}
{"stage": "MPPI command committed", "iteration": 817, "command_step": 126, "time_s": 4.2, "iterations": 4, "stop_reason": "reward_plateau", "actual_reward": -54.8453579595571, "actual_success": false, "actual_failed": false, "actual_minimum_tip_distance_m": 0.5146526904353032, "lookahead_score": -55.318335110181856, "predicted_hit": false, "predicted_failed": false, "predicted_distance_m": 0.5146526904353032}
{"stage": "MPPI lookahead optimization", "iteration": 818, "window_iteration": 1, "command_step": 126, "maneuver_time_s": 4.2, "lookahead_s": 0.4}
{"stage": "MPPI lookahead optimization", "iteration": 819, "window_iteration": 2, "command_step": 126, "maneuver_time_s": 4.2, "lookahead_s": 0.4}
{"stage": "MPPI lookahead optimization", "iteration": 820, "window_iteration": 3, "command_step": 126, "maneuver_time_s": 4.2, "lookahead_s": 0.4}
{"stage": "MPPI lookahead optimization", "iteration": 821, "window_iteration": 4, "command_step": 126, "maneuver_time_s": 4.2, "lookahead_s": 0.4}
{"stage": "Committing next 30 Hz command", "iteration": 821, "command_step": 126}
{"stage": "MPPI command committed", "iteration": 821, "command_step": 127, "time_s": 4.233333333333333, "iterations": 4, "stop_reason": "reward_plateau", "actual_reward": -55.62336923350173, "actual_success": false, "actual_failed": false, "actual_minimum_tip_distance_m": 0.5146526904353032, "lookahead_score": -55.136521874561794, "predicted_hit": false, "predicted_failed": false, "predicted_distance_m": 0.5146526904353032}
{"stage": "MPPI lookahead optimization", "iteration": 822, "window_iteration": 1, "command_step": 127, "maneuver_time_s": 4.233333333333333, "lookahead_s": 0.4}
{"stage": "MPPI lookahead optimization", "iteration": 823, "window_iteration": 2, "command_step": 127, "maneuver_time_s": 4.233333333333333, "lookahead_s": 0.4}
{"stage": "MPPI lookahead optimization", "iteration": 824, "window_iteration": 3, "command_step": 127, "maneuver_time_s": 4.233333333333333, "lookahead_s": 0.4}
{"stage": "MPPI lookahead optimization", "iteration": 825, "window_iteration": 4, "command_step": 127, "maneuver_time_s": 4.233333333333333, "lookahead_s": 0.4}
{"stage": "MPPI lookahead optimization", "iteration": 826, "window_iteration": 5, "command_step": 127, "maneuver_time_s": 4.233333333333333, "lookahead_s": 0.4}
{"stage": "MPPI lookahead optimization", "iteration": 827, "window_iteration": 6, "command_step": 127, "maneuver_time_s": 4.233333333333333, "lookahead_s": 0.4}
{"stage": "Committing next 30 Hz command", "iteration": 827, "command_step": 127}
{"stage": "MPPI command committed", "iteration": 827, "command_step": 128, "time_s": 4.266666666666667, "iterations": 6, "stop_reason": "reward_plateau", "actual_reward": -56.40163716935317, "actual_success": false, "actual_failed": false, "actual_minimum_tip_distance_m": 0.5146526904353032, "lookahead_score": -55.05018388973689, "predicted_hit": false, "predicted_failed": false, "predicted_distance_m": 0.5146526904353032}
{"stage": "MPPI lookahead optimization", "iteration": 828, "window_iteration": 1, "command_step": 128, "maneuver_time_s": 4.266666666666667, "lookahead_s": 0.4}
{"stage": "MPPI lookahead optimization", "iteration": 829, "window_iteration": 2, "command_step": 128, "maneuver_time_s": 4.266666666666667, "lookahead_s": 0.4}
{"stage": "MPPI lookahead optimization", "iteration": 830, "window_iteration": 3, "command_step": 128, "maneuver_time_s": 4.266666666666667, "lookahead_s": 0.4}
{"stage": "MPPI lookahead optimization", "iteration": 831, "window_iteration": 4, "command_step": 128, "maneuver_time_s": 4.266666666666667, "lookahead_s": 0.4}
{"stage": "Committing next 30 Hz command", "iteration": 831, "command_step": 128}
{"stage": "MPPI command committed", "iteration": 831, "command_step": 129, "time_s": 4.3, "iterations": 4, "stop_reason": "reward_plateau", "actual_reward": -57.180029750197704, "actual_success": false, "actual_failed": false, "actual_minimum_tip_distance_m": 0.5146526904353032, "lookahead_score": -55.83600353544298, "predicted_hit": false, "predicted_failed": false, "predicted_distance_m": 0.5146526904353032}
{"stage": "MPPI lookahead optimization", "iteration": 832, "window_iteration": 1, "command_step": 129, "maneuver_time_s": 4.3, "lookahead_s": 0.4}
{"stage": "MPPI lookahead optimization", "iteration": 833, "window_iteration": 2, "command_step": 129, "maneuver_time_s": 4.3, "lookahead_s": 0.4}
{"stage": "MPPI lookahead optimization", "iteration": 834, "window_iteration": 3, "command_step": 129, "maneuver_time_s": 4.3, "lookahead_s": 0.4}
{"stage": "MPPI lookahead optimization", "iteration": 835, "window_iteration": 4, "command_step": 129, "maneuver_time_s": 4.3, "lookahead_s": 0.4}
{"stage": "Committing next 30 Hz command", "iteration": 835, "command_step": 129}
{"stage": "MPPI command committed", "iteration": 835, "command_step": 130, "time_s": 4.333333333333333, "iterations": 4, "stop_reason": "reward_plateau", "actual_reward": -57.95791026531688, "actual_success": false, "actual_failed": false, "actual_minimum_tip_distance_m": 0.5146526904353032, "lookahead_score": -57.11741064973328, "predicted_hit": false, "predicted_failed": false, "predicted_distance_m": 0.5146526904353032}
{"stage": "MPPI lookahead optimization", "iteration": 836, "window_iteration": 1, "command_step": 130, "maneuver_time_s": 4.333333333333333, "lookahead_s": 0.4}
{"stage": "MPPI lookahead optimization", "iteration": 837, "window_iteration": 2, "command_step": 130, "maneuver_time_s": 4.333333333333333, "lookahead_s": 0.4}
{"stage": "MPPI lookahead optimization", "iteration": 838, "window_iteration": 3, "command_step": 130, "maneuver_time_s": 4.333333333333333, "lookahead_s": 0.4}
{"stage": "MPPI lookahead optimization", "iteration": 839, "window_iteration": 4, "command_step": 130, "maneuver_time_s": 4.333333333333333, "lookahead_s": 0.4}
{"stage": "MPPI lookahead optimization", "iteration": 840, "window_iteration": 5, "command_step": 130, "maneuver_time_s": 4.333333333333333, "lookahead_s": 0.4}
{"stage": "MPPI lookahead optimization", "iteration": 841, "window_iteration": 6, "command_step": 130, "maneuver_time_s": 4.333333333333333, "lookahead_s": 0.4}
{"stage": "Committing next 30 Hz command", "iteration": 841, "command_step": 130}
{"stage": "MPPI command committed", "iteration": 841, "command_step": 131, "time_s": 4.366666666666666, "iterations": 6, "stop_reason": "reward_plateau", "actual_reward": -58.7350666578909, "actual_success": false, "actual_failed": false, "actual_minimum_tip_distance_m": 0.5146526904353032, "lookahead_score": -57.20834421190439, "predicted_hit": false, "predicted_failed": false, "predicted_distance_m": 0.5146526904353032}
{"stage": "MPPI lookahead optimization", "iteration": 842, "window_iteration": 1, "command_step": 131, "maneuver_time_s": 4.366666666666666, "lookahead_s": 0.4}
{"stage": "MPPI lookahead optimization", "iteration": 843, "window_iteration": 2, "command_step": 131, "maneuver_time_s": 4.366666666666666, "lookahead_s": 0.4}
{"stage": "MPPI lookahead optimization", "iteration": 844, "window_iteration": 3, "command_step": 131, "maneuver_time_s": 4.366666666666666, "lookahead_s": 0.4}
{"stage": "MPPI lookahead optimization", "iteration": 845, "window_iteration": 4, "command_step": 131, "maneuver_time_s": 4.366666666666666, "lookahead_s": 0.4}
{"stage": "Committing next 30 Hz command", "iteration": 845, "command_step": 131}
{"stage": "MPPI command committed", "iteration": 845, "command_step": 132, "time_s": 4.4, "iterations": 4, "stop_reason": "reward_plateau", "actual_reward": -59.51075020679026, "actual_success": false, "actual_failed": false, "actual_minimum_tip_distance_m": 0.5146526904353032, "lookahead_score": -57.978374653413084, "predicted_hit": false, "predicted_failed": false, "predicted_distance_m": 0.5146526904353032}
{"stage": "MPPI lookahead optimization", "iteration": 846, "window_iteration": 1, "command_step": 132, "maneuver_time_s": 4.4, "lookahead_s": 0.4}
{"stage": "MPPI lookahead optimization", "iteration": 847, "window_iteration": 2, "command_step": 132, "maneuver_time_s": 4.4, "lookahead_s": 0.4}
{"stage": "MPPI lookahead optimization", "iteration": 848, "window_iteration": 3, "command_step": 132, "maneuver_time_s": 4.4, "lookahead_s": 0.4}
{"stage": "MPPI lookahead optimization", "iteration": 849, "window_iteration": 4, "command_step": 132, "maneuver_time_s": 4.4, "lookahead_s": 0.4}
{"stage": "MPPI lookahead optimization", "iteration": 850, "window_iteration": 5, "command_step": 132, "maneuver_time_s": 4.4, "lookahead_s": 0.4}
{"stage": "Committing next 30 Hz command", "iteration": 850, "command_step": 132}
{"stage": "MPPI command committed", "iteration": 850, "command_step": 133, "time_s": 4.433333333333334, "iterations": 5, "stop_reason": "reward_plateau", "actual_reward": -60.28368301652707, "actual_success": false, "actual_failed": false, "actual_minimum_tip_distance_m": 0.5146526904353032, "lookahead_score": -58.9109398220513, "predicted_hit": false, "predicted_failed": false, "predicted_distance_m": 0.5146526904353032}
{"stage": "MPPI lookahead optimization", "iteration": 851, "window_iteration": 1, "command_step": 133, "maneuver_time_s": 4.433333333333334, "lookahead_s": 0.4}
{"stage": "MPPI lookahead optimization", "iteration": 852, "window_iteration": 2, "command_step": 133, "maneuver_time_s": 4.433333333333334, "lookahead_s": 0.4}
{"stage": "MPPI lookahead optimization", "iteration": 853, "window_iteration": 3, "command_step": 133, "maneuver_time_s": 4.433333333333334, "lookahead_s": 0.4}
{"stage": "MPPI lookahead optimization", "iteration": 854, "window_iteration": 4, "command_step": 133, "maneuver_time_s": 4.433333333333334, "lookahead_s": 0.4}
{"stage": "MPPI lookahead optimization", "iteration": 855, "window_iteration": 5, "command_step": 133, "maneuver_time_s": 4.433333333333334, "lookahead_s": 0.4}
{"stage": "MPPI lookahead optimization", "iteration": 856, "window_iteration": 6, "command_step": 133, "maneuver_time_s": 4.433333333333334, "lookahead_s": 0.4}
{"stage": "Committing next 30 Hz command", "iteration": 856, "command_step": 133}
{"stage": "MPPI command committed", "iteration": 856, "command_step": 134, "time_s": 4.466666666666667, "iterations": 6, "stop_reason": "reward_plateau", "actual_reward": -61.05301501733522, "actual_success": false, "actual_failed": false, "actual_minimum_tip_distance_m": 0.5146526904353032, "lookahead_score": -58.96200945074728, "predicted_hit": false, "predicted_failed": false, "predicted_distance_m": 0.5146526904353032}
{"stage": "MPPI lookahead optimization", "iteration": 857, "window_iteration": 1, "command_step": 134, "maneuver_time_s": 4.466666666666667, "lookahead_s": 0.4}
{"stage": "MPPI lookahead optimization", "iteration": 858, "window_iteration": 2, "command_step": 134, "maneuver_time_s": 4.466666666666667, "lookahead_s": 0.4}
{"stage": "MPPI lookahead optimization", "iteration": 859, "window_iteration": 3, "command_step": 134, "maneuver_time_s": 4.466666666666667, "lookahead_s": 0.4}
{"stage": "MPPI lookahead optimization", "iteration": 860, "window_iteration": 4, "command_step": 134, "maneuver_time_s": 4.466666666666667, "lookahead_s": 0.4}
{"stage": "MPPI lookahead optimization", "iteration": 861, "window_iteration": 5, "command_step": 134, "maneuver_time_s": 4.466666666666667, "lookahead_s": 0.4}
{"stage": "MPPI lookahead optimization", "iteration": 862, "window_iteration": 6, "command_step": 134, "maneuver_time_s": 4.466666666666667, "lookahead_s": 0.4}
{"stage": "MPPI lookahead optimization", "iteration": 863, "window_iteration": 7, "command_step": 134, "maneuver_time_s": 4.466666666666667, "lookahead_s": 0.4}
{"stage": "MPPI lookahead optimization", "iteration": 864, "window_iteration": 8, "command_step": 134, "maneuver_time_s": 4.466666666666667, "lookahead_s": 0.4}
{"stage": "MPPI lookahead optimization", "iteration": 865, "window_iteration": 9, "command_step": 134, "maneuver_time_s": 4.466666666666667, "lookahead_s": 0.4}
{"stage": "MPPI lookahead optimization", "iteration": 866, "window_iteration": 10, "command_step": 134, "maneuver_time_s": 4.466666666666667, "lookahead_s": 0.4}
{"stage": "MPPI lookahead optimization", "iteration": 867, "window_iteration": 11, "command_step": 134, "maneuver_time_s": 4.466666666666667, "lookahead_s": 0.4}
{"stage": "Committing next 30 Hz command", "iteration": 867, "command_step": 134}
{"stage": "MPPI command committed", "iteration": 867, "command_step": 135, "time_s": 4.5, "iterations": 11, "stop_reason": "reward_plateau", "actual_reward": -61.81855623501163, "actual_success": false, "actual_failed": false, "actual_minimum_tip_distance_m": 0.5146526904353032, "lookahead_score": -54.07292747164476, "predicted_hit": false, "predicted_failed": false, "predicted_distance_m": 0.5146526904353032}
{"stage": "MPPI lookahead optimization", "iteration": 868, "window_iteration": 1, "command_step": 135, "maneuver_time_s": 4.5, "lookahead_s": 0.4}
{"stage": "MPPI lookahead optimization", "iteration": 869, "window_iteration": 2, "command_step": 135, "maneuver_time_s": 4.5, "lookahead_s": 0.4}
{"stage": "MPPI lookahead optimization", "iteration": 870, "window_iteration": 3, "command_step": 135, "maneuver_time_s": 4.5, "lookahead_s": 0.4}
{"stage": "MPPI lookahead optimization", "iteration": 871, "window_iteration": 4, "command_step": 135, "maneuver_time_s": 4.5, "lookahead_s": 0.4}
{"stage": "MPPI lookahead optimization", "iteration": 872, "window_iteration": 5, "command_step": 135, "maneuver_time_s": 4.5, "lookahead_s": 0.4}
{"stage": "MPPI lookahead optimization", "iteration": 873, "window_iteration": 6, "command_step": 135, "maneuver_time_s": 4.5, "lookahead_s": 0.4}
{"stage": "Committing next 30 Hz command", "iteration": 873, "command_step": 135}
{"stage": "MPPI command committed", "iteration": 873, "command_step": 136, "time_s": 4.533333333333333, "iterations": 6, "stop_reason": "reward_plateau", "actual_reward": -62.58076891716647, "actual_success": false, "actual_failed": false, "actual_minimum_tip_distance_m": 0.5146526904353032, "lookahead_score": -46.301729542378794, "predicted_hit": false, "predicted_failed": false, "predicted_distance_m": 0.5146526904353032}
{"stage": "MPPI lookahead optimization", "iteration": 874, "window_iteration": 1, "command_step": 136, "maneuver_time_s": 4.533333333333333, "lookahead_s": 0.4}
{"stage": "MPPI lookahead optimization", "iteration": 875, "window_iteration": 2, "command_step": 136, "maneuver_time_s": 4.533333333333333, "lookahead_s": 0.4}
{"stage": "MPPI lookahead optimization", "iteration": 876, "window_iteration": 3, "command_step": 136, "maneuver_time_s": 4.533333333333333, "lookahead_s": 0.4}
{"stage": "MPPI lookahead optimization", "iteration": 877, "window_iteration": 4, "command_step": 136, "maneuver_time_s": 4.533333333333333, "lookahead_s": 0.4}
{"stage": "Committing next 30 Hz command", "iteration": 877, "command_step": 136}
{"stage": "MPPI command committed", "iteration": 877, "command_step": 137, "time_s": 4.566666666666666, "iterations": 4, "stop_reason": "reward_plateau", "actual_reward": -63.340340901503524, "actual_success": false, "actual_failed": false, "actual_minimum_tip_distance_m": 0.5146526904353032, "lookahead_score": -49.32472287643021, "predicted_hit": false, "predicted_failed": false, "predicted_distance_m": 0.5146526904353032}
{"stage": "MPPI lookahead optimization", "iteration": 878, "window_iteration": 1, "command_step": 137, "maneuver_time_s": 4.566666666666666, "lookahead_s": 0.4}
{"stage": "MPPI lookahead optimization", "iteration": 879, "window_iteration": 2, "command_step": 137, "maneuver_time_s": 4.566666666666666, "lookahead_s": 0.4}
{"stage": "MPPI lookahead optimization", "iteration": 880, "window_iteration": 3, "command_step": 137, "maneuver_time_s": 4.566666666666666, "lookahead_s": 0.4}
{"stage": "MPPI lookahead optimization", "iteration": 881, "window_iteration": 4, "command_step": 137, "maneuver_time_s": 4.566666666666666, "lookahead_s": 0.4}
{"stage": "Committing next 30 Hz command", "iteration": 881, "command_step": 137}
{"stage": "MPPI command committed", "iteration": 881, "command_step": 138, "time_s": 4.6, "iterations": 4, "stop_reason": "reward_plateau", "actual_reward": -64.09767386469566, "actual_success": false, "actual_failed": false, "actual_minimum_tip_distance_m": 0.5146526904353032, "lookahead_score": -59.24866200378264, "predicted_hit": false, "predicted_failed": false, "predicted_distance_m": 0.5146526904353032}
{"stage": "MPPI lookahead optimization", "iteration": 882, "window_iteration": 1, "command_step": 138, "maneuver_time_s": 4.6, "lookahead_s": 0.4}
{"stage": "MPPI lookahead optimization", "iteration": 883, "window_iteration": 2, "command_step": 138, "maneuver_time_s": 4.6, "lookahead_s": 0.4}
{"stage": "MPPI lookahead optimization", "iteration": 884, "window_iteration": 3, "command_step": 138, "maneuver_time_s": 4.6, "lookahead_s": 0.4}
{"stage": "MPPI lookahead optimization", "iteration": 885, "window_iteration": 4, "command_step": 138, "maneuver_time_s": 4.6, "lookahead_s": 0.4}
{"stage": "MPPI lookahead optimization", "iteration": 886, "window_iteration": 5, "command_step": 138, "maneuver_time_s": 4.6, "lookahead_s": 0.4}
{"stage": "MPPI lookahead optimization", "iteration": 887, "window_iteration": 6, "command_step": 138, "maneuver_time_s": 4.6, "lookahead_s": 0.4}
{"stage": "Committing next 30 Hz command", "iteration": 887, "command_step": 138}
{"stage": "MPPI command committed", "iteration": 887, "command_step": 139, "time_s": 4.633333333333334, "iterations": 6, "stop_reason": "reward_plateau", "actual_reward": -64.85350646229571, "actual_success": false, "actual_failed": false, "actual_minimum_tip_distance_m": 0.5146526904353032, "lookahead_score": -68.92357576679449, "predicted_hit": false, "predicted_failed": false, "predicted_distance_m": 0.5146526904353032}
{"stage": "MPPI lookahead optimization", "iteration": 888, "window_iteration": 1, "command_step": 139, "maneuver_time_s": 4.633333333333334, "lookahead_s": 0.36666666666666664}
{"stage": "MPPI lookahead optimization", "iteration": 889, "window_iteration": 2, "command_step": 139, "maneuver_time_s": 4.633333333333334, "lookahead_s": 0.36666666666666664}
{"stage": "MPPI lookahead optimization", "iteration": 890, "window_iteration": 3, "command_step": 139, "maneuver_time_s": 4.633333333333334, "lookahead_s": 0.36666666666666664}
{"stage": "MPPI lookahead optimization", "iteration": 891, "window_iteration": 4, "command_step": 139, "maneuver_time_s": 4.633333333333334, "lookahead_s": 0.36666666666666664}
{"stage": "Committing next 30 Hz command", "iteration": 891, "command_step": 139}
{"stage": "MPPI command committed", "iteration": 891, "command_step": 140, "time_s": 4.666666666666667, "iterations": 4, "stop_reason": "reward_plateau", "actual_reward": -65.6079434721884, "actual_success": false, "actual_failed": false, "actual_minimum_tip_distance_m": 0.5146526904353032, "lookahead_score": -67.587604860791, "predicted_hit": false, "predicted_failed": false, "predicted_distance_m": 0.5146526904353032}
{"stage": "MPPI lookahead optimization", "iteration": 892, "window_iteration": 1, "command_step": 140, "maneuver_time_s": 4.666666666666667, "lookahead_s": 0.3333333333333333}
{"stage": "MPPI lookahead optimization", "iteration": 893, "window_iteration": 2, "command_step": 140, "maneuver_time_s": 4.666666666666667, "lookahead_s": 0.3333333333333333}
{"stage": "MPPI lookahead optimization", "iteration": 894, "window_iteration": 3, "command_step": 140, "maneuver_time_s": 4.666666666666667, "lookahead_s": 0.3333333333333333}
{"stage": "MPPI lookahead optimization", "iteration": 895, "window_iteration": 4, "command_step": 140, "maneuver_time_s": 4.666666666666667, "lookahead_s": 0.3333333333333333}
{"stage": "MPPI lookahead optimization", "iteration": 896, "window_iteration": 5, "command_step": 140, "maneuver_time_s": 4.666666666666667, "lookahead_s": 0.3333333333333333}
{"stage": "MPPI lookahead optimization", "iteration": 897, "window_iteration": 6, "command_step": 140, "maneuver_time_s": 4.666666666666667, "lookahead_s": 0.3333333333333333}
{"stage": "MPPI lookahead optimization", "iteration": 898, "window_iteration": 7, "command_step": 140, "maneuver_time_s": 4.666666666666667, "lookahead_s": 0.3333333333333333}
{"stage": "MPPI lookahead optimization", "iteration": 899, "window_iteration": 8, "command_step": 140, "maneuver_time_s": 4.666666666666667, "lookahead_s": 0.3333333333333333}
{"stage": "MPPI lookahead optimization", "iteration": 900, "window_iteration": 9, "command_step": 140, "maneuver_time_s": 4.666666666666667, "lookahead_s": 0.3333333333333333}
{"stage": "MPPI lookahead optimization", "iteration": 901, "window_iteration": 10, "command_step": 140, "maneuver_time_s": 4.666666666666667, "lookahead_s": 0.3333333333333333}
{"stage": "MPPI lookahead optimization", "iteration": 902, "window_iteration": 11, "command_step": 140, "maneuver_time_s": 4.666666666666667, "lookahead_s": 0.3333333333333333}
{"stage": "Committing next 30 Hz command", "iteration": 902, "command_step": 140}
{"stage": "MPPI command committed", "iteration": 902, "command_step": 141, "time_s": 4.7, "iterations": 11, "stop_reason": "reward_plateau", "actual_reward": -66.36026013035695, "actual_success": false, "actual_failed": false, "actual_minimum_tip_distance_m": 0.5146526904353032, "lookahead_score": -64.4188700274938, "predicted_hit": false, "predicted_failed": false, "predicted_distance_m": 0.5146526904353032}
{"stage": "MPPI lookahead optimization", "iteration": 903, "window_iteration": 1, "command_step": 141, "maneuver_time_s": 4.7, "lookahead_s": 0.3}
{"stage": "MPPI lookahead optimization", "iteration": 904, "window_iteration": 2, "command_step": 141, "maneuver_time_s": 4.7, "lookahead_s": 0.3}
{"stage": "MPPI lookahead optimization", "iteration": 905, "window_iteration": 3, "command_step": 141, "maneuver_time_s": 4.7, "lookahead_s": 0.3}
{"stage": "MPPI lookahead optimization", "iteration": 906, "window_iteration": 4, "command_step": 141, "maneuver_time_s": 4.7, "lookahead_s": 0.3}
{"stage": "Committing next 30 Hz command", "iteration": 906, "command_step": 141}
{"stage": "MPPI command committed", "iteration": 906, "command_step": 142, "time_s": 4.733333333333333, "iterations": 4, "stop_reason": "reward_plateau", "actual_reward": -67.1100187310376, "actual_success": false, "actual_failed": false, "actual_minimum_tip_distance_m": 0.5146526904353032, "lookahead_score": -62.98551815191112, "predicted_hit": false, "predicted_failed": false, "predicted_distance_m": 0.5146526904353032}
{"stage": "MPPI lookahead optimization", "iteration": 907, "window_iteration": 1, "command_step": 142, "maneuver_time_s": 4.733333333333333, "lookahead_s": 0.26666666666666666}
{"stage": "MPPI lookahead optimization", "iteration": 908, "window_iteration": 2, "command_step": 142, "maneuver_time_s": 4.733333333333333, "lookahead_s": 0.26666666666666666}
{"stage": "MPPI lookahead optimization", "iteration": 909, "window_iteration": 3, "command_step": 142, "maneuver_time_s": 4.733333333333333, "lookahead_s": 0.26666666666666666}
{"stage": "MPPI lookahead optimization", "iteration": 910, "window_iteration": 4, "command_step": 142, "maneuver_time_s": 4.733333333333333, "lookahead_s": 0.26666666666666666}
{"stage": "Committing next 30 Hz command", "iteration": 910, "command_step": 142}
{"stage": "MPPI command committed", "iteration": 910, "command_step": 143, "time_s": 4.766666666666667, "iterations": 4, "stop_reason": "reward_plateau", "actual_reward": -67.85685114506303, "actual_success": false, "actual_failed": false, "actual_minimum_tip_distance_m": 0.5146526904353032, "lookahead_score": -61.95584749569153, "predicted_hit": false, "predicted_failed": false, "predicted_distance_m": 0.5146526904353032}
{"stage": "MPPI lookahead optimization", "iteration": 911, "window_iteration": 1, "command_step": 143, "maneuver_time_s": 4.766666666666667, "lookahead_s": 0.23333333333333334}
{"stage": "MPPI lookahead optimization", "iteration": 912, "window_iteration": 2, "command_step": 143, "maneuver_time_s": 4.766666666666667, "lookahead_s": 0.23333333333333334}
{"stage": "MPPI lookahead optimization", "iteration": 913, "window_iteration": 3, "command_step": 143, "maneuver_time_s": 4.766666666666667, "lookahead_s": 0.23333333333333334}
{"stage": "MPPI lookahead optimization", "iteration": 914, "window_iteration": 4, "command_step": 143, "maneuver_time_s": 4.766666666666667, "lookahead_s": 0.23333333333333334}
{"stage": "Committing next 30 Hz command", "iteration": 914, "command_step": 143}
{"stage": "MPPI command committed", "iteration": 914, "command_step": 144, "time_s": 4.8, "iterations": 4, "stop_reason": "reward_plateau", "actual_reward": -68.60104589643977, "actual_success": false, "actual_failed": false, "actual_minimum_tip_distance_m": 0.5146526904353032, "lookahead_score": -60.991299294250226, "predicted_hit": false, "predicted_failed": false, "predicted_distance_m": 0.5146526904353032}
{"stage": "MPPI lookahead optimization", "iteration": 915, "window_iteration": 1, "command_step": 144, "maneuver_time_s": 4.8, "lookahead_s": 0.2}
{"stage": "MPPI lookahead optimization", "iteration": 916, "window_iteration": 2, "command_step": 144, "maneuver_time_s": 4.8, "lookahead_s": 0.2}
{"stage": "MPPI lookahead optimization", "iteration": 917, "window_iteration": 3, "command_step": 144, "maneuver_time_s": 4.8, "lookahead_s": 0.2}
{"stage": "MPPI lookahead optimization", "iteration": 918, "window_iteration": 4, "command_step": 144, "maneuver_time_s": 4.8, "lookahead_s": 0.2}
{"stage": "Committing next 30 Hz command", "iteration": 918, "command_step": 144}
{"stage": "MPPI command committed", "iteration": 918, "command_step": 145, "time_s": 4.833333333333333, "iterations": 4, "stop_reason": "reward_plateau", "actual_reward": -69.3429328463997, "actual_success": false, "actual_failed": false, "actual_minimum_tip_distance_m": 0.5146526904353032, "lookahead_score": -60.21596941321998, "predicted_hit": false, "predicted_failed": false, "predicted_distance_m": 0.5146526904353032}
{"stage": "MPPI lookahead optimization", "iteration": 919, "window_iteration": 1, "command_step": 145, "maneuver_time_s": 4.833333333333333, "lookahead_s": 0.16666666666666666}
{"stage": "MPPI lookahead optimization", "iteration": 920, "window_iteration": 2, "command_step": 145, "maneuver_time_s": 4.833333333333333, "lookahead_s": 0.16666666666666666}
{"stage": "MPPI lookahead optimization", "iteration": 921, "window_iteration": 3, "command_step": 145, "maneuver_time_s": 4.833333333333333, "lookahead_s": 0.16666666666666666}
{"stage": "MPPI lookahead optimization", "iteration": 922, "window_iteration": 4, "command_step": 145, "maneuver_time_s": 4.833333333333333, "lookahead_s": 0.16666666666666666}
{"stage": "Committing next 30 Hz command", "iteration": 922, "command_step": 145}
{"stage": "MPPI command committed", "iteration": 922, "command_step": 146, "time_s": 4.866666666666666, "iterations": 4, "stop_reason": "reward_plateau", "actual_reward": -70.08248748459333, "actual_success": false, "actual_failed": false, "actual_minimum_tip_distance_m": 0.5146526904353032, "lookahead_score": -59.440059657695336, "predicted_hit": false, "predicted_failed": false, "predicted_distance_m": 0.5146526904353032}
{"stage": "MPPI lookahead optimization", "iteration": 923, "window_iteration": 1, "command_step": 146, "maneuver_time_s": 4.866666666666666, "lookahead_s": 0.13333333333333333}
{"stage": "MPPI lookahead optimization", "iteration": 924, "window_iteration": 2, "command_step": 146, "maneuver_time_s": 4.866666666666666, "lookahead_s": 0.13333333333333333}
{"stage": "MPPI lookahead optimization", "iteration": 925, "window_iteration": 3, "command_step": 146, "maneuver_time_s": 4.866666666666666, "lookahead_s": 0.13333333333333333}
{"stage": "MPPI lookahead optimization", "iteration": 926, "window_iteration": 4, "command_step": 146, "maneuver_time_s": 4.866666666666666, "lookahead_s": 0.13333333333333333}
{"stage": "Committing next 30 Hz command", "iteration": 926, "command_step": 146}
{"stage": "MPPI command committed", "iteration": 926, "command_step": 147, "time_s": 4.9, "iterations": 4, "stop_reason": "reward_plateau", "actual_reward": -70.81952816596633, "actual_success": false, "actual_failed": false, "actual_minimum_tip_distance_m": 0.5146526904353032, "lookahead_score": -58.68843142369869, "predicted_hit": false, "predicted_failed": false, "predicted_distance_m": 0.5146526904353032}
{"stage": "MPPI lookahead optimization", "iteration": 927, "window_iteration": 1, "command_step": 147, "maneuver_time_s": 4.9, "lookahead_s": 0.1}
{"stage": "MPPI lookahead optimization", "iteration": 928, "window_iteration": 2, "command_step": 147, "maneuver_time_s": 4.9, "lookahead_s": 0.1}
{"stage": "MPPI lookahead optimization", "iteration": 929, "window_iteration": 3, "command_step": 147, "maneuver_time_s": 4.9, "lookahead_s": 0.1}
{"stage": "MPPI lookahead optimization", "iteration": 930, "window_iteration": 4, "command_step": 147, "maneuver_time_s": 4.9, "lookahead_s": 0.1}
{"stage": "Committing next 30 Hz command", "iteration": 930, "command_step": 147}
{"stage": "MPPI command committed", "iteration": 930, "command_step": 148, "time_s": 4.933333333333334, "iterations": 4, "stop_reason": "reward_plateau", "actual_reward": -71.553787672273, "actual_success": false, "actual_failed": false, "actual_minimum_tip_distance_m": 0.5146526904353032, "lookahead_score": -57.94473673984201, "predicted_hit": false, "predicted_failed": false, "predicted_distance_m": 0.5146526904353032}
{"stage": "MPPI lookahead optimization", "iteration": 931, "window_iteration": 1, "command_step": 148, "maneuver_time_s": 4.933333333333334, "lookahead_s": 0.06666666666666667}
{"stage": "MPPI lookahead optimization", "iteration": 932, "window_iteration": 2, "command_step": 148, "maneuver_time_s": 4.933333333333334, "lookahead_s": 0.06666666666666667}
{"stage": "MPPI lookahead optimization", "iteration": 933, "window_iteration": 3, "command_step": 148, "maneuver_time_s": 4.933333333333334, "lookahead_s": 0.06666666666666667}
{"stage": "MPPI lookahead optimization", "iteration": 934, "window_iteration": 4, "command_step": 148, "maneuver_time_s": 4.933333333333334, "lookahead_s": 0.06666666666666667}
{"stage": "Committing next 30 Hz command", "iteration": 934, "command_step": 148}
{"stage": "MPPI command committed", "iteration": 934, "command_step": 149, "time_s": 4.966666666666667, "iterations": 4, "stop_reason": "reward_plateau", "actual_reward": -72.28547575519462, "actual_success": false, "actual_failed": false, "actual_minimum_tip_distance_m": 0.5146526904353032, "lookahead_score": -57.209909705325146, "predicted_hit": false, "predicted_failed": false, "predicted_distance_m": 0.5146526904353032}
{"stage": "MPPI lookahead optimization", "iteration": 935, "window_iteration": 1, "command_step": 149, "maneuver_time_s": 4.966666666666667, "lookahead_s": 0.03333333333333333}
{"stage": "MPPI lookahead optimization", "iteration": 936, "window_iteration": 2, "command_step": 149, "maneuver_time_s": 4.966666666666667, "lookahead_s": 0.03333333333333333}
{"stage": "MPPI lookahead optimization", "iteration": 937, "window_iteration": 3, "command_step": 149, "maneuver_time_s": 4.966666666666667, "lookahead_s": 0.03333333333333333}
{"stage": "MPPI lookahead optimization", "iteration": 938, "window_iteration": 4, "command_step": 149, "maneuver_time_s": 4.966666666666667, "lookahead_s": 0.03333333333333333}
{"stage": "Committing next 30 Hz command", "iteration": 938, "command_step": 149}
{"stage": "MPPI command committed", "iteration": 938, "command_step": 150, "time_s": 5.0, "iterations": 4, "stop_reason": "reward_plateau", "actual_reward": -73.01517346641246, "actual_success": false, "actual_failed": false, "actual_minimum_tip_distance_m": 0.5146526904353032, "lookahead_score": -56.478130935435956, "predicted_hit": false, "predicted_failed": false, "predicted_distance_m": 0.5146526904353032}
