preparing full model training {}
drone_nominal {'delay_s': 0.0, 'windows': 72}
drone_nominal {'update': 1, 'loss': 8.33333835570943, 'best_loss': 8.33333835570943}
drone_nominal {'update': 2, 'loss': 7.954576097709193, 'best_loss': 7.954576097709193}
drone_nominal {'update': 3, 'loss': 7.755400668132215, 'best_loss': 7.755400668132215}
drone_nominal {'update': 4, 'loss': 7.659169180757361, 'best_loss': 7.659169180757361}
drone_nominal {'update': 5, 'loss': 7.612568641516526, 'best_loss': 7.612568641516526}
drone_nominal {'update': 6, 'loss': 7.588516238567179, 'best_loss': 7.588516238567179}
drone_nominal {'update': 7, 'loss': 7.575208982643021, 'best_loss': 7.575208982643021}
drone_nominal {'update': 8, 'loss': 7.567389035566218, 'best_loss': 7.567389035566218}
drone_nominal {'update': 9, 'loss': 7.562568090410358, 'best_loss': 7.562568090410358}
drone_nominal {'update': 10, 'loss': 7.559480136072348, 'best_loss': 7.559480136072348}
drone_nominal {'update': 11, 'loss': 7.557432018817222, 'best_loss': 7.557432018817222}
drone_nominal {'update': 12, 'loss': 7.5560222565297455, 'best_loss': 7.5560222565297455}
drone_nominal {'update': 13, 'loss': 7.555010486957493, 'best_loss': 7.555010486957493}
drone_nominal {'update': 14, 'loss': 7.554250473000518, 'best_loss': 7.554250473000518}
drone_nominal {'update': 15, 'loss': 7.55365253034175, 'best_loss': 7.55365253034175}
drone_nominal {'delay_s': 0.01, 'windows': 72}
drone_nominal {'update': 1, 'loss': 8.12439695166126, 'best_loss': 8.12439695166126}
drone_nominal {'update': 2, 'loss': 7.789304023134676, 'best_loss': 7.789304023134676}
drone_nominal {'update': 3, 'loss': 7.603308422236983, 'best_loss': 7.603308422236983}
drone_nominal {'update': 4, 'loss': 7.513273367917529, 'best_loss': 7.513273367917529}
drone_nominal {'update': 5, 'loss': 7.471418522275899, 'best_loss': 7.471418522275899}
drone_nominal {'update': 6, 'loss': 7.451569778992096, 'best_loss': 7.451569778992096}
drone_nominal {'update': 7, 'loss': 7.441558517063127, 'best_loss': 7.441558517063127}
drone_nominal {'update': 8, 'loss': 7.436089885519601, 'best_loss': 7.436089885519601}
drone_nominal {'update': 9, 'loss': 7.432834627337796, 'best_loss': 7.432834627337796}
drone_nominal {'update': 10, 'loss': 7.430732253779287, 'best_loss': 7.430732253779287}
drone_nominal {'update': 11, 'loss': 7.4292760970220755, 'best_loss': 7.4292760970220755}
drone_nominal {'update': 12, 'loss': 7.428209300941861, 'best_loss': 7.428209300941861}
drone_nominal {'update': 13, 'loss': 7.427392879745197, 'best_loss': 7.427392879745197}
drone_nominal {'update': 14, 'loss': 7.426746555896812, 'best_loss': 7.426746555896812}
drone_nominal {'delay_s': 0.02, 'windows': 72}
drone_nominal {'update': 1, 'loss': 7.950221479480041, 'best_loss': 7.950221479480041}
drone_nominal {'update': 2, 'loss': 7.632443400384134, 'best_loss': 7.632443400384134}
drone_nominal {'update': 3, 'loss': 7.447683728313268, 'best_loss': 7.447683728313268}
drone_nominal {'update': 4, 'loss': 7.357942804465274, 'best_loss': 7.357942804465274}
drone_nominal {'update': 5, 'loss': 7.317561681498522, 'best_loss': 7.317561681498522}
drone_nominal {'update': 6, 'loss': 7.299730147521197, 'best_loss': 7.299730147521197}
drone_nominal {'update': 7, 'loss': 7.291639665295044, 'best_loss': 7.291639665295044}
drone_nominal {'update': 8, 'loss': 7.287726151429401, 'best_loss': 7.287726151429401}
drone_nominal {'update': 9, 'loss': 7.285651847889541, 'best_loss': 7.285651847889541}
drone_nominal {'update': 10, 'loss': 7.284427281656079, 'best_loss': 7.284427281656079}
drone_nominal {'update': 11, 'loss': 7.283621814817509, 'best_loss': 7.283621814817509}
drone_nominal {'update': 12, 'loss': 7.283040478333964, 'best_loss': 7.283040478333964}
drone_nominal {'update': 13, 'loss': 7.282590595252805, 'best_loss': 7.282590595252805}
drone_nominal {'update': 14, 'loss': 7.282225493057798, 'best_loss': 7.282225493057798}
drone_nominal {'update': 15, 'loss': 7.281920029407796, 'best_loss': 7.281920029407796}
drone_nominal {'update': 16, 'loss': 7.281659584639496, 'best_loss': 7.281659584639496}
drone_nominal {'delay_s': 0.03, 'windows': 72}
drone_nominal {'update': 1, 'loss': 7.714558802479704, 'best_loss': 7.714558802479704}
drone_nominal {'update': 2, 'loss': 7.423257897610385, 'best_loss': 7.423257897610385}
drone_nominal {'update': 3, 'loss': 7.261037937318055, 'best_loss': 7.261037937318055}
drone_nominal {'update': 4, 'loss': 7.185502918080925, 'best_loss': 7.185502918080925}
drone_nominal {'update': 5, 'loss': 7.153156763814653, 'best_loss': 7.153156763814653}
drone_nominal {'update': 6, 'loss': 7.1395462775836345, 'best_loss': 7.1395462775836345}
drone_nominal {'update': 7, 'loss': 7.13365853275919, 'best_loss': 7.13365853275919}
drone_nominal {'update': 8, 'loss': 7.130940938230378, 'best_loss': 7.130940938230378}
drone_nominal {'update': 9, 'loss': 7.129558563467715, 'best_loss': 7.129558563467715}
drone_nominal {'update': 10, 'loss': 7.128768597359855, 'best_loss': 7.128768597359855}
drone_nominal {'update': 11, 'loss': 7.128262655477711, 'best_loss': 7.128262655477711}
drone_nominal {'update': 12, 'loss': 7.127906954603778, 'best_loss': 7.127906954603778}
drone_nominal {'update': 13, 'loss': 7.12763967793788, 'best_loss': 7.12763967793788}
drone_nominal {'delay_s': 0.04, 'windows': 72}
drone_nominal {'update': 1, 'loss': 7.442490386240498, 'best_loss': 7.442490386240498}
drone_nominal {'update': 2, 'loss': 7.1948376873438775, 'best_loss': 7.1948376873438775}
drone_nominal {'update': 3, 'loss': 7.069375798708197, 'best_loss': 7.069375798708197}
drone_nominal {'update': 4, 'loss': 7.0147167411728315, 'best_loss': 7.0147167411728315}
drone_nominal {'update': 5, 'loss': 6.992104492899203, 'best_loss': 6.992104492899203}
drone_nominal {'update': 6, 'loss': 6.982591953520491, 'best_loss': 6.982591953520491}
drone_nominal {'update': 7, 'loss': 6.9783456704997056, 'best_loss': 6.9783456704997056}
drone_nominal {'update': 8, 'loss': 6.976278441891209, 'best_loss': 6.976278441891209}
drone_nominal {'update': 9, 'loss': 6.975168840063685, 'best_loss': 6.975168840063685}
drone_nominal {'update': 10, 'loss': 6.974516804314508, 'best_loss': 6.974516804314508}
drone_nominal {'update': 11, 'loss': 6.974105094068964, 'best_loss': 6.974105094068964}
drone_nominal {'update': 12, 'loss': 6.9738314801299115, 'best_loss': 6.9738314801299115}
drone_nominal {'update': 13, 'loss': 6.973643277604181, 'best_loss': 6.973643277604181}
drone_nominal {'update': 14, 'loss': 6.973510830337827, 'best_loss': 6.973510830337827}
drone_nominal {'delay_s': 0.06, 'windows': 72}
drone_nominal {'update': 1, 'loss': 6.9448165893666705, 'best_loss': 6.9448165893666705}
drone_nominal {'update': 2, 'loss': 6.804990930752092, 'best_loss': 6.804990930752092}
drone_nominal {'update': 3, 'loss': 6.746188807708982, 'best_loss': 6.746188807708982}
drone_nominal {'update': 4, 'loss': 6.721311899552612, 'best_loss': 6.721311899552612}
drone_nominal {'update': 5, 'loss': 6.709627529692955, 'best_loss': 6.709627529692955}
drone_nominal {'update': 6, 'loss': 6.7035035517549515, 'best_loss': 6.7035035517549515}
drone_nominal {'update': 7, 'loss': 6.7000249722965535, 'best_loss': 6.7000249722965535}
drone_nominal {'update': 8, 'loss': 6.6979528465062526, 'best_loss': 6.6979528465062526}
drone_nominal {'update': 9, 'loss': 6.6966893689635105, 'best_loss': 6.6966893689635105}
drone_nominal {'update': 10, 'loss': 6.695911766949079, 'best_loss': 6.695911766949079}
drone_nominal {'update': 11, 'loss': 6.695432092180588, 'best_loss': 6.695432092180588}
drone_nominal {'update': 12, 'loss': 6.695136426646537, 'best_loss': 6.695136426646537}
drone_nominal {'delay_s': 0.08, 'windows': 72}
drone_nominal {'update': 1, 'loss': 6.627465698992246, 'best_loss': 6.627465698992246}
drone_nominal {'update': 2, 'loss': 6.5503121280764836, 'best_loss': 6.5503121280764836}
drone_nominal {'update': 3, 'loss': 6.522247674388083, 'best_loss': 6.522247674388083}
drone_nominal {'update': 4, 'loss': 6.510730268817947, 'best_loss': 6.510730268817947}
drone_nominal {'update': 5, 'loss': 6.504912246618391, 'best_loss': 6.504912246618391}
drone_nominal {'update': 6, 'loss': 6.501343720639782, 'best_loss': 6.501343720639782}
drone_nominal {'update': 7, 'loss': 6.498906328371482, 'best_loss': 6.498906328371482}
drone_nominal {'update': 8, 'loss': 6.4971921255729095, 'best_loss': 6.4971921255729095}
drone_nominal {'update': 9, 'loss': 6.495997013484031, 'best_loss': 6.495997013484031}
drone_nominal {'update': 10, 'loss': 6.495180370268692, 'best_loss': 6.495180370268692}
drone_nominal {'update': 11, 'loss': 6.494633610524354, 'best_loss': 6.494633610524354}
drone_nominal {'update': 12, 'loss': 6.4942738462477845, 'best_loss': 6.4942738462477845}
drone_nominal {'update': 13, 'loss': 6.494040389453596, 'best_loss': 6.494040389453596}
drone_nominal {'update': 14, 'loss': 6.493890532325918, 'best_loss': 6.493890532325918}
drone_nominal {'update': 15, 'loss': 6.493795146704939, 'best_loss': 6.493795146704939}
drone_nominal {'update': 16, 'loss': 6.493734829564974, 'best_loss': 6.493734829564974}
drone_nominal {'delay_s': 0.1, 'windows': 72}
drone_nominal {'update': 1, 'loss': 6.51239719915079, 'best_loss': 6.51239719915079}
drone_nominal {'update': 2, 'loss': 6.440907370477267, 'best_loss': 6.440907370477267}
drone_nominal {'update': 3, 'loss': 6.4169519971593, 'best_loss': 6.4169519971593}
drone_nominal {'update': 4, 'loss': 6.408502475597151, 'best_loss': 6.408502475597151}
drone_nominal {'update': 5, 'loss': 6.405471780674478, 'best_loss': 6.405471780674478}
drone_nominal {'update': 6, 'loss': 6.404359875470897, 'best_loss': 6.404359875470897}
drone_nominal {'update': 7, 'loss': 6.403934377534848, 'best_loss': 6.403934377534848}
drone_nominal {'update': 8, 'loss': 6.403761240326798, 'best_loss': 6.403761240326798}
drone_nominal {'update': 9, 'loss': 6.403685412839486, 'best_loss': 6.403685412839486}
drone_nominal {'delay_s': 0.12, 'windows': 72}
drone_nominal {'update': 1, 'loss': 6.6224105636105355, 'best_loss': 6.6224105636105355}
drone_nominal {'update': 2, 'loss': 6.507350887114711, 'best_loss': 6.507350887114711}
drone_nominal {'update': 3, 'loss': 6.470289202025404, 'best_loss': 6.470289202025404}
drone_nominal {'update': 4, 'loss': 6.4586224037927025, 'best_loss': 6.4586224037927025}
drone_nominal {'update': 5, 'loss': 6.455010145411623, 'best_loss': 6.455010145411623}
drone_nominal {'update': 6, 'loss': 6.453887926372082, 'best_loss': 6.453887926372082}
drone_nominal {'update': 7, 'loss': 6.453537512184721, 'best_loss': 6.453537512184721}
drone_nominal {'update': 8, 'loss': 6.453427698643767, 'best_loss': 6.453427698643767}
drone_nominal {'update': 9, 'loss': 6.453393163181583, 'best_loss': 6.453393163181583}
attitude response {'windows': 72}
attitude response {'update': 1, 'loss': 1.4756247321180498, 'best_loss': 1.4756247321180498}
attitude response {'update': 2, 'loss': 1.238974305051065, 'best_loss': 1.238974305051065}
attitude response {'update': 3, 'loss': 1.1904091336272937, 'best_loss': 1.1904091336272937}
attitude response {'update': 4, 'loss': 1.1831595519704419, 'best_loss': 1.1831595519704419}
attitude response {'update': 5, 'loss': 1.1823584139284553, 'best_loss': 1.1823584139284553}
attitude response {'update': 6, 'loss': 1.1822853031874192, 'best_loss': 1.1822853031874192}
attitude response {'update': 7, 'loss': 1.18227910173415, 'best_loss': 1.18227910173415}
attitude response {'update': 8, 'loss': 1.18227858327504, 'best_loss': 1.18227858327504}
drone_residual graph preparation {'windows': 72}
[W913 02:06:53.000000000 Context.cpp:448] Warning: torch.backends.cuda.preferred_linalg_library is an experimental feature. If you see any error or unexpected behavior when this flag is set please file an issue on GitHub. (function operator ())
drone_residual {'update': 1, 'best_loss': 6.402691639427194, 'stopping': 'practical plateau; no update ceiling'}
drone_residual {'update': 2, 'best_loss': 6.402691639427194, 'stopping': 'practical plateau; no update ceiling'}
drone_residual {'update': 3, 'best_loss': 6.402691639427194, 'stopping': 'practical plateau; no update ceiling'}
drone_residual {'update': 4, 'best_loss': 6.402691639427194, 'stopping': 'practical plateau; no update ceiling'}
drone_residual {'update': 5, 'best_loss': 6.402691639427194, 'stopping': 'practical plateau; no update ceiling'}
drone_residual {'update': 6, 'best_loss': 6.143465451148634, 'stopping': 'practical plateau; no update ceiling'}
drone_residual {'update': 7, 'best_loss': 6.143465451148634, 'stopping': 'practical plateau; no update ceiling'}
drone_residual {'update': 8, 'best_loss': 6.143465451148634, 'stopping': 'practical plateau; no update ceiling'}
drone_residual {'update': 9, 'best_loss': 6.143465451148634, 'stopping': 'practical plateau; no update ceiling'}
drone_residual {'update': 10, 'best_loss': 6.143465451148634, 'stopping': 'practical plateau; no update ceiling'}
drone_residual {'update': 11, 'best_loss': 5.958192909469821, 'stopping': 'practical plateau; no update ceiling'}
drone_residual {'update': 12, 'best_loss': 5.958192909469821, 'stopping': 'practical plateau; no update ceiling'}
drone_residual {'update': 13, 'best_loss': 5.958192909469821, 'stopping': 'practical plateau; no update ceiling'}
drone_residual {'update': 14, 'best_loss': 5.958192909469821, 'stopping': 'practical plateau; no update ceiling'}
drone_residual {'update': 15, 'best_loss': 5.958192909469821, 'stopping': 'practical plateau; no update ceiling'}
drone_residual {'update': 16, 'best_loss': 5.832702044102955, 'stopping': 'practical plateau; no update ceiling'}
drone_residual {'update': 17, 'best_loss': 5.832702044102955, 'stopping': 'practical plateau; no update ceiling'}
drone_residual {'update': 18, 'best_loss': 5.832702044102955, 'stopping': 'practical plateau; no update ceiling'}
drone_residual {'update': 19, 'best_loss': 5.832702044102955, 'stopping': 'practical plateau; no update ceiling'}
drone_residual {'update': 20, 'best_loss': 5.832702044102955, 'stopping': 'practical plateau; no update ceiling'}
drone_residual {'update': 21, 'best_loss': 5.727757589526243, 'stopping': 'practical plateau; no update ceiling'}
drone_residual {'update': 22, 'best_loss': 5.727757589526243, 'stopping': 'practical plateau; no update ceiling'}
drone_residual {'update': 23, 'best_loss': 5.727757589526243, 'stopping': 'practical plateau; no update ceiling'}
drone_residual {'update': 24, 'best_loss': 5.727757589526243, 'stopping': 'practical plateau; no update ceiling'}
drone_residual {'update': 25, 'best_loss': 5.727757589526243, 'stopping': 'practical plateau; no update ceiling'}
drone_residual {'update': 26, 'best_loss': 5.639109253756535, 'stopping': 'practical plateau; no update ceiling'}
drone_residual {'update': 27, 'best_loss': 5.639109253756535, 'stopping': 'practical plateau; no update ceiling'}
drone_residual {'update': 28, 'best_loss': 5.639109253756535, 'stopping': 'practical plateau; no update ceiling'}
drone_residual {'update': 29, 'best_loss': 5.639109253756535, 'stopping': 'practical plateau; no update ceiling'}
drone_residual {'update': 30, 'best_loss': 5.639109253756535, 'stopping': 'practical plateau; no update ceiling'}
drone_residual {'update': 31, 'best_loss': 5.55842719076565, 'stopping': 'practical plateau; no update ceiling'}
drone_residual {'update': 32, 'best_loss': 5.55842719076565, 'stopping': 'practical plateau; no update ceiling'}
drone_residual {'update': 33, 'best_loss': 5.55842719076565, 'stopping': 'practical plateau; no update ceiling'}
drone_residual {'update': 34, 'best_loss': 5.55842719076565, 'stopping': 'practical plateau; no update ceiling'}
drone_residual {'update': 35, 'best_loss': 5.55842719076565, 'stopping': 'practical plateau; no update ceiling'}
drone_residual {'update': 36, 'best_loss': 5.487999100368274, 'stopping': 'practical plateau; no update ceiling'}
drone_residual {'update': 37, 'best_loss': 5.487999100368274, 'stopping': 'practical plateau; no update ceiling'}
drone_residual {'update': 38, 'best_loss': 5.487999100368274, 'stopping': 'practical plateau; no update ceiling'}
drone_residual {'update': 39, 'best_loss': 5.487999100368274, 'stopping': 'practical plateau; no update ceiling'}
drone_residual {'update': 40, 'best_loss': 5.487999100368274, 'stopping': 'practical plateau; no update ceiling'}
drone_residual {'update': 41, 'best_loss': 5.430558482937892, 'stopping': 'practical plateau; no update ceiling'}
drone_residual {'update': 42, 'best_loss': 5.430558482937892, 'stopping': 'practical plateau; no update ceiling'}
drone_residual {'update': 43, 'best_loss': 5.430558482937892, 'stopping': 'practical plateau; no update ceiling'}
drone_residual {'update': 44, 'best_loss': 5.430558482937892, 'stopping': 'practical plateau; no update ceiling'}
drone_residual {'update': 45, 'best_loss': 5.430558482937892, 'stopping': 'practical plateau; no update ceiling'}
drone_residual {'update': 46, 'best_loss': 5.382610864086721, 'stopping': 'practical plateau; no update ceiling'}
drone_residual {'update': 47, 'best_loss': 5.382610864086721, 'stopping': 'practical plateau; no update ceiling'}
drone_residual {'update': 48, 'best_loss': 5.382610864086721, 'stopping': 'practical plateau; no update ceiling'}
drone_residual {'update': 49, 'best_loss': 5.382610864086721, 'stopping': 'practical plateau; no update ceiling'}
drone_residual {'update': 50, 'best_loss': 5.382610864086721, 'stopping': 'practical plateau; no update ceiling'}
drone_residual {'update': 51, 'best_loss': 5.338145630059023, 'stopping': 'practical plateau; no update ceiling'}
drone_residual {'update': 52, 'best_loss': 5.338145630059023, 'stopping': 'practical plateau; no update ceiling'}
drone_residual {'update': 53, 'best_loss': 5.338145630059023, 'stopping': 'practical plateau; no update ceiling'}
drone_residual {'update': 54, 'best_loss': 5.338145630059023, 'stopping': 'practical plateau; no update ceiling'}
drone_residual {'update': 55, 'best_loss': 5.338145630059023, 'stopping': 'practical plateau; no update ceiling'}
drone_residual {'update': 56, 'best_loss': 5.297431382591471, 'stopping': 'practical plateau; no update ceiling'}
drone_residual {'update': 57, 'best_loss': 5.297431382591471, 'stopping': 'practical plateau; no update ceiling'}
drone_residual {'update': 58, 'best_loss': 5.297431382591471, 'stopping': 'practical plateau; no update ceiling'}
drone_residual {'update': 59, 'best_loss': 5.297431382591471, 'stopping': 'practical plateau; no update ceiling'}
drone_residual {'update': 60, 'best_loss': 5.297431382591471, 'stopping': 'practical plateau; no update ceiling'}
drone_residual {'update': 61, 'best_loss': 5.260666094551148, 'stopping': 'practical plateau; no update ceiling'}
drone_residual {'update': 62, 'best_loss': 5.260666094551148, 'stopping': 'practical plateau; no update ceiling'}
drone_residual {'update': 63, 'best_loss': 5.260666094551148, 'stopping': 'practical plateau; no update ceiling'}
drone_residual {'update': 64, 'best_loss': 5.260666094551148, 'stopping': 'practical plateau; no update ceiling'}
drone_residual {'update': 65, 'best_loss': 5.260666094551148, 'stopping': 'practical plateau; no update ceiling'}
drone_residual {'update': 66, 'best_loss': 5.227018660089747, 'stopping': 'practical plateau; no update ceiling'}
drone_residual {'update': 67, 'best_loss': 5.227018660089747, 'stopping': 'practical plateau; no update ceiling'}
drone_residual {'update': 68, 'best_loss': 5.227018660089747, 'stopping': 'practical plateau; no update ceiling'}
drone_residual {'update': 69, 'best_loss': 5.227018660089747, 'stopping': 'practical plateau; no update ceiling'}
drone_residual {'update': 70, 'best_loss': 5.227018660089747, 'stopping': 'practical plateau; no update ceiling'}
drone_residual {'update': 71, 'best_loss': 5.195716250476269, 'stopping': 'practical plateau; no update ceiling'}
drone_residual {'update': 72, 'best_loss': 5.195716250476269, 'stopping': 'practical plateau; no update ceiling'}
drone_residual {'update': 73, 'best_loss': 5.195716250476269, 'stopping': 'practical plateau; no update ceiling'}
drone_residual {'update': 74, 'best_loss': 5.195716250476269, 'stopping': 'practical plateau; no update ceiling'}
drone_residual {'update': 75, 'best_loss': 5.195716250476269, 'stopping': 'practical plateau; no update ceiling'}
drone_residual {'update': 76, 'best_loss': 5.166328902665392, 'stopping': 'practical plateau; no update ceiling'}
drone_residual {'update': 77, 'best_loss': 5.166328902665392, 'stopping': 'practical plateau; no update ceiling'}
drone_residual {'update': 78, 'best_loss': 5.166328902665392, 'stopping': 'practical plateau; no update ceiling'}
drone_residual {'update': 79, 'best_loss': 5.166328902665392, 'stopping': 'practical plateau; no update ceiling'}
drone_residual {'update': 80, 'best_loss': 5.166328902665392, 'stopping': 'practical plateau; no update ceiling'}
drone_residual {'update': 81, 'best_loss': 5.1386511049366055, 'stopping': 'practical plateau; no update ceiling'}
drone_residual {'update': 82, 'best_loss': 5.1386511049366055, 'stopping': 'practical plateau; no update ceiling'}
drone_residual {'update': 83, 'best_loss': 5.1386511049366055, 'stopping': 'practical plateau; no update ceiling'}
drone_residual {'update': 84, 'best_loss': 5.1386511049366055, 'stopping': 'practical plateau; no update ceiling'}
drone_residual {'update': 85, 'best_loss': 5.1386511049366055, 'stopping': 'practical plateau; no update ceiling'}
drone_residual {'update': 86, 'best_loss': 5.112620394103212, 'stopping': 'practical plateau; no update ceiling'}
drone_residual {'update': 87, 'best_loss': 5.112620394103212, 'stopping': 'practical plateau; no update ceiling'}
drone_residual {'update': 88, 'best_loss': 5.112620394103212, 'stopping': 'practical plateau; no update ceiling'}
drone_residual {'update': 89, 'best_loss': 5.112620394103212, 'stopping': 'practical plateau; no update ceiling'}
drone_residual {'update': 90, 'best_loss': 5.112620394103212, 'stopping': 'practical plateau; no update ceiling'}
drone_residual {'update': 91, 'best_loss': 5.088129963841819, 'stopping': 'practical plateau; no update ceiling'}
drone_residual {'update': 92, 'best_loss': 5.088129963841819, 'stopping': 'practical plateau; no update ceiling'}
drone_residual {'update': 93, 'best_loss': 5.088129963841819, 'stopping': 'practical plateau; no update ceiling'}
drone_residual {'update': 94, 'best_loss': 5.088129963841819, 'stopping': 'practical plateau; no update ceiling'}
drone_residual {'update': 95, 'best_loss': 5.088129963841819, 'stopping': 'practical plateau; no update ceiling'}
drone_residual {'update': 96, 'best_loss': 5.065073697659924, 'stopping': 'practical plateau; no update ceiling'}
drone_residual {'update': 97, 'best_loss': 5.065073697659924, 'stopping': 'practical plateau; no update ceiling'}
drone_residual {'update': 98, 'best_loss': 5.065073697659924, 'stopping': 'practical plateau; no update ceiling'}
drone_residual {'update': 99, 'best_loss': 5.065073697659924, 'stopping': 'practical plateau; no update ceiling'}
drone_residual {'update': 100, 'best_loss': 5.065073697659924, 'stopping': 'practical plateau; no update ceiling'}
drone_residual {'update': 101, 'best_loss': 5.04342276842787, 'stopping': 'practical plateau; no update ceiling'}
drone_residual {'update': 102, 'best_loss': 5.04342276842787, 'stopping': 'practical plateau; no update ceiling'}
drone_residual {'update': 103, 'best_loss': 5.04342276842787, 'stopping': 'practical plateau; no update ceiling'}
drone_residual {'update': 104, 'best_loss': 5.04342276842787, 'stopping': 'practical plateau; no update ceiling'}
drone_residual {'update': 105, 'best_loss': 5.04342276842787, 'stopping': 'practical plateau; no update ceiling'}
drone_residual {'update': 106, 'best_loss': 5.023120824897938, 'stopping': 'practical plateau; no update ceiling'}
drone_residual {'update': 107, 'best_loss': 5.023120824897938, 'stopping': 'practical plateau; no update ceiling'}
drone_residual {'update': 108, 'best_loss': 5.023120824897938, 'stopping': 'practical plateau; no update ceiling'}
drone_residual {'update': 109, 'best_loss': 5.023120824897938, 'stopping': 'practical plateau; no update ceiling'}
drone_residual {'update': 110, 'best_loss': 5.023120824897938, 'stopping': 'practical plateau; no update ceiling'}
drone_residual {'update': 111, 'best_loss': 5.004117810600373, 'stopping': 'practical plateau; no update ceiling'}
drone_residual {'update': 112, 'best_loss': 5.004117810600373, 'stopping': 'practical plateau; no update ceiling'}
drone_residual {'update': 113, 'best_loss': 5.004117810600373, 'stopping': 'practical plateau; no update ceiling'}
drone_residual {'update': 114, 'best_loss': 5.004117810600373, 'stopping': 'practical plateau; no update ceiling'}
drone_residual {'update': 115, 'best_loss': 5.004117810600373, 'stopping': 'practical plateau; no update ceiling'}
drone_residual {'update': 116, 'best_loss': 4.986375198703097, 'stopping': 'practical plateau; no update ceiling'}
drone_residual {'update': 117, 'best_loss': 4.986375198703097, 'stopping': 'practical plateau; no update ceiling'}
drone_residual {'update': 118, 'best_loss': 4.986375198703097, 'stopping': 'practical plateau; no update ceiling'}
drone_residual {'update': 119, 'best_loss': 4.986375198703097, 'stopping': 'practical plateau; no update ceiling'}
drone_residual {'update': 120, 'best_loss': 4.986375198703097, 'stopping': 'practical plateau; no update ceiling'}
drone_residual {'update': 121, 'best_loss': 4.969858784631901, 'stopping': 'practical plateau; no update ceiling'}
drone_residual {'update': 122, 'best_loss': 4.969858784631901, 'stopping': 'practical plateau; no update ceiling'}
drone_residual {'update': 123, 'best_loss': 4.969858784631901, 'stopping': 'practical plateau; no update ceiling'}
drone_residual {'update': 124, 'best_loss': 4.969858784631901, 'stopping': 'practical plateau; no update ceiling'}
drone_residual {'update': 125, 'best_loss': 4.969858784631901, 'stopping': 'practical plateau; no update ceiling'}
drone_residual {'update': 126, 'best_loss': 4.954533912863349, 'stopping': 'practical plateau; no update ceiling'}
drone_residual {'update': 127, 'best_loss': 4.954533912863349, 'stopping': 'practical plateau; no update ceiling'}
drone_residual {'update': 128, 'best_loss': 4.954533912863349, 'stopping': 'practical plateau; no update ceiling'}
drone_residual {'update': 129, 'best_loss': 4.954533912863349, 'stopping': 'practical plateau; no update ceiling'}
drone_residual {'update': 130, 'best_loss': 4.954533912863349, 'stopping': 'practical plateau; no update ceiling'}
drone_residual {'update': 131, 'best_loss': 4.940358956148005, 'stopping': 'practical plateau; no update ceiling'}
drone_residual {'update': 132, 'best_loss': 4.940358956148005, 'stopping': 'practical plateau; no update ceiling'}
drone_residual {'update': 133, 'best_loss': 4.940358956148005, 'stopping': 'practical plateau; no update ceiling'}
drone_residual {'update': 134, 'best_loss': 4.940358956148005, 'stopping': 'practical plateau; no update ceiling'}
drone_residual {'update': 135, 'best_loss': 4.940358956148005, 'stopping': 'practical plateau; no update ceiling'}
drone_residual {'update': 136, 'best_loss': 4.927285221608899, 'stopping': 'practical plateau; no update ceiling'}
drone_residual {'update': 137, 'best_loss': 4.927285221608899, 'stopping': 'practical plateau; no update ceiling'}
drone_residual {'update': 138, 'best_loss': 4.927285221608899, 'stopping': 'practical plateau; no update ceiling'}
drone_residual {'update': 139, 'best_loss': 4.927285221608899, 'stopping': 'practical plateau; no update ceiling'}
drone_residual {'update': 140, 'best_loss': 4.927285221608899, 'stopping': 'practical plateau; no update ceiling'}
drone_residual {'update': 141, 'best_loss': 4.9152495874424895, 'stopping': 'practical plateau; no update ceiling'}
drone_residual {'update': 142, 'best_loss': 4.9152495874424895, 'stopping': 'practical plateau; no update ceiling'}
drone_residual {'update': 143, 'best_loss': 4.9152495874424895, 'stopping': 'practical plateau; no update ceiling'}
drone_residual {'update': 144, 'best_loss': 4.9152495874424895, 'stopping': 'practical plateau; no update ceiling'}
drone_residual {'update': 145, 'best_loss': 4.9152495874424895, 'stopping': 'practical plateau; no update ceiling'}
drone_residual {'update': 146, 'best_loss': 4.904177613499772, 'stopping': 'practical plateau; no update ceiling'}
drone_residual {'update': 147, 'best_loss': 4.904177613499772, 'stopping': 'practical plateau; no update ceiling'}
drone_residual {'update': 148, 'best_loss': 4.904177613499772, 'stopping': 'practical plateau; no update ceiling'}
drone_residual {'update': 149, 'best_loss': 4.904177613499772, 'stopping': 'practical plateau; no update ceiling'}
drone_residual {'update': 150, 'best_loss': 4.904177613499772, 'stopping': 'practical plateau; no update ceiling'}
drone_residual {'update': 151, 'best_loss': 4.8939854427488845, 'stopping': 'practical plateau; no update ceiling'}
drone_residual {'update': 152, 'best_loss': 4.8939854427488845, 'stopping': 'practical plateau; no update ceiling'}
drone_residual {'update': 153, 'best_loss': 4.8939854427488845, 'stopping': 'practical plateau; no update ceiling'}
drone_residual {'update': 154, 'best_loss': 4.8939854427488845, 'stopping': 'practical plateau; no update ceiling'}
drone_residual {'update': 155, 'best_loss': 4.8939854427488845, 'stopping': 'practical plateau; no update ceiling'}
drone_residual {'update': 156, 'best_loss': 4.884583282932339, 'stopping': 'practical plateau; no update ceiling'}
drone_residual {'update': 157, 'best_loss': 4.884583282932339, 'stopping': 'practical plateau; no update ceiling'}
drone_residual {'update': 158, 'best_loss': 4.884583282932339, 'stopping': 'practical plateau; no update ceiling'}
drone_residual {'update': 159, 'best_loss': 4.884583282932339, 'stopping': 'practical plateau; no update ceiling'}
drone_residual {'update': 160, 'best_loss': 4.884583282932339, 'stopping': 'practical plateau; no update ceiling'}
drone_residual {'update': 161, 'best_loss': 4.875879741927694, 'stopping': 'practical plateau; no update ceiling'}
drone_residual {'update': 162, 'best_loss': 4.875879741927694, 'stopping': 'practical plateau; no update ceiling'}
drone_residual {'update': 163, 'best_loss': 4.875879741927694, 'stopping': 'practical plateau; no update ceiling'}
drone_residual {'update': 164, 'best_loss': 4.875879741927694, 'stopping': 'practical plateau; no update ceiling'}
drone_residual {'update': 165, 'best_loss': 4.875879741927694, 'stopping': 'practical plateau; no update ceiling'}
drone_residual {'update': 166, 'best_loss': 4.8677852091361125, 'stopping': 'practical plateau; no update ceiling'}
drone_residual {'update': 167, 'best_loss': 4.8677852091361125, 'stopping': 'practical plateau; no update ceiling'}
drone_residual {'update': 168, 'best_loss': 4.8677852091361125, 'stopping': 'practical plateau; no update ceiling'}
drone_residual {'update': 169, 'best_loss': 4.8677852091361125, 'stopping': 'practical plateau; no update ceiling'}
drone_residual {'update': 170, 'best_loss': 4.8677852091361125, 'stopping': 'practical plateau; no update ceiling'}
drone_residual {'update': 171, 'best_loss': 4.860214452643519, 'stopping': 'practical plateau; no update ceiling'}
drone_residual {'update': 172, 'best_loss': 4.860214452643519, 'stopping': 'practical plateau; no update ceiling'}
drone_residual {'update': 173, 'best_loss': 4.860214452643519, 'stopping': 'practical plateau; no update ceiling'}
drone_residual {'update': 174, 'best_loss': 4.860214452643519, 'stopping': 'practical plateau; no update ceiling'}
drone_residual {'update': 175, 'best_loss': 4.860214452643519, 'stopping': 'practical plateau; no update ceiling'}
drone_residual {'update': 176, 'best_loss': 4.853088735022391, 'stopping': 'practical plateau; no update ceiling'}
drone_residual {'update': 177, 'best_loss': 4.853088735022391, 'stopping': 'practical plateau; no update ceiling'}
drone_residual {'update': 178, 'best_loss': 4.853088735022391, 'stopping': 'practical plateau; no update ceiling'}
drone_residual {'update': 179, 'best_loss': 4.853088735022391, 'stopping': 'practical plateau; no update ceiling'}
drone_residual {'update': 180, 'best_loss': 4.853088735022391, 'stopping': 'practical plateau; no update ceiling'}
drone_residual {'update': 181, 'best_loss': 4.84633678257101, 'stopping': 'practical plateau; no update ceiling'}
drone_residual {'update': 182, 'best_loss': 4.84633678257101, 'stopping': 'practical plateau; no update ceiling'}
drone_residual {'update': 183, 'best_loss': 4.84633678257101, 'stopping': 'practical plateau; no update ceiling'}
drone_residual {'update': 184, 'best_loss': 4.84633678257101, 'stopping': 'practical plateau; no update ceiling'}
drone_residual {'update': 185, 'best_loss': 4.84633678257101, 'stopping': 'practical plateau; no update ceiling'}
drone_residual {'update': 186, 'best_loss': 4.839895258666562, 'stopping': 'practical plateau; no update ceiling'}
drone_residual {'update': 187, 'best_loss': 4.839895258666562, 'stopping': 'practical plateau; no update ceiling'}
drone_residual {'update': 188, 'best_loss': 4.839895258666562, 'stopping': 'practical plateau; no update ceiling'}
drone_residual {'update': 189, 'best_loss': 4.839895258666562, 'stopping': 'practical plateau; no update ceiling'}
drone_residual {'update': 190, 'best_loss': 4.839895258666562, 'stopping': 'practical plateau; no update ceiling'}
drone_residual {'update': 191, 'best_loss': 4.833708674936648, 'stopping': 'practical plateau; no update ceiling'}
drone_residual {'update': 192, 'best_loss': 4.833708674936648, 'stopping': 'practical plateau; no update ceiling'}
drone_residual {'update': 193, 'best_loss': 4.833708674936648, 'stopping': 'practical plateau; no update ceiling'}
drone_residual {'update': 194, 'best_loss': 4.833708674936648, 'stopping': 'practical plateau; no update ceiling'}
drone_residual {'update': 195, 'best_loss': 4.833708674936648, 'stopping': 'practical plateau; no update ceiling'}
drone_residual {'update': 196, 'best_loss': 4.82772929878412, 'stopping': 'practical plateau; no update ceiling'}
drone_residual {'update': 197, 'best_loss': 4.82772929878412, 'stopping': 'practical plateau; no update ceiling'}
drone_residual {'update': 198, 'best_loss': 4.82772929878412, 'stopping': 'practical plateau; no update ceiling'}
drone_residual {'update': 199, 'best_loss': 4.82772929878412, 'stopping': 'practical plateau; no update ceiling'}
drone_residual {'update': 200, 'best_loss': 4.82772929878412, 'stopping': 'practical plateau; no update ceiling'}
drone_residual {'update': 201, 'best_loss': 4.821917388390012, 'stopping': 'practical plateau; no update ceiling'}
drone_residual {'update': 202, 'best_loss': 4.821917388390012, 'stopping': 'practical plateau; no update ceiling'}
drone_residual {'update': 203, 'best_loss': 4.821917388390012, 'stopping': 'practical plateau; no update ceiling'}
drone_residual {'update': 204, 'best_loss': 4.821917388390012, 'stopping': 'practical plateau; no update ceiling'}
drone_residual {'update': 205, 'best_loss': 4.821917388390012, 'stopping': 'practical plateau; no update ceiling'}
drone_residual {'update': 206, 'best_loss': 4.816241743287046, 'stopping': 'practical plateau; no update ceiling'}
drone_residual {'update': 207, 'best_loss': 4.816241743287046, 'stopping': 'practical plateau; no update ceiling'}
drone_residual {'update': 208, 'best_loss': 4.816241743287046, 'stopping': 'practical plateau; no update ceiling'}
drone_residual {'update': 209, 'best_loss': 4.816241743287046, 'stopping': 'practical plateau; no update ceiling'}
drone_residual {'update': 210, 'best_loss': 4.816241743287046, 'stopping': 'practical plateau; no update ceiling'}
drone_residual {'update': 211, 'best_loss': 4.810680086412393, 'stopping': 'practical plateau; no update ceiling'}
drone_residual {'update': 212, 'best_loss': 4.810680086412393, 'stopping': 'practical plateau; no update ceiling'}
drone_residual {'update': 213, 'best_loss': 4.810680086412393, 'stopping': 'practical plateau; no update ceiling'}
drone_residual {'update': 214, 'best_loss': 4.810680086412393, 'stopping': 'practical plateau; no update ceiling'}
drone_residual {'update': 215, 'best_loss': 4.810680086412393, 'stopping': 'practical plateau; no update ceiling'}
drone_residual {'update': 216, 'best_loss': 4.805218406487036, 'stopping': 'practical plateau; no update ceiling'}
drone_residual {'update': 217, 'best_loss': 4.805218406487036, 'stopping': 'practical plateau; no update ceiling'}
drone_residual {'update': 218, 'best_loss': 4.805218406487036, 'stopping': 'practical plateau; no update ceiling'}
drone_residual {'update': 219, 'best_loss': 4.805218406487036, 'stopping': 'practical plateau; no update ceiling'}
drone_residual {'update': 220, 'best_loss': 4.805218406487036, 'stopping': 'practical plateau; no update ceiling'}
drone_residual {'update': 221, 'best_loss': 4.799848518821425, 'stopping': 'practical plateau; no update ceiling'}
drone_residual {'update': 222, 'best_loss': 4.799848518821425, 'stopping': 'practical plateau; no update ceiling'}
drone_residual {'update': 223, 'best_loss': 4.799848518821425, 'stopping': 'practical plateau; no update ceiling'}
drone_residual {'update': 224, 'best_loss': 4.799848518821425, 'stopping': 'practical plateau; no update ceiling'}
drone_residual {'update': 225, 'best_loss': 4.799848518821425, 'stopping': 'practical plateau; no update ceiling'}
drone_residual {'update': 226, 'best_loss': 4.7945638805116415, 'stopping': 'practical plateau; no update ceiling'}
drone_residual {'update': 227, 'best_loss': 4.7945638805116415, 'stopping': 'practical plateau; no update ceiling'}
drone_residual {'update': 228, 'best_loss': 4.7945638805116415, 'stopping': 'practical plateau; no update ceiling'}
drone_residual {'update': 229, 'best_loss': 4.7945638805116415, 'stopping': 'practical plateau; no update ceiling'}
drone_residual {'update': 230, 'best_loss': 4.7945638805116415, 'stopping': 'practical plateau; no update ceiling'}
drone_residual {'update': 231, 'best_loss': 4.789354862222498, 'stopping': 'practical plateau; no update ceiling'}
drone_residual {'update': 232, 'best_loss': 4.789354862222498, 'stopping': 'practical plateau; no update ceiling'}
drone_residual {'update': 233, 'best_loss': 4.789354862222498, 'stopping': 'practical plateau; no update ceiling'}
drone_residual {'update': 234, 'best_loss': 4.789354862222498, 'stopping': 'practical plateau; no update ceiling'}
drone_residual {'update': 235, 'best_loss': 4.789354862222498, 'stopping': 'practical plateau; no update ceiling'}
drone_residual {'update': 236, 'best_loss': 4.784205383149457, 'stopping': 'practical plateau; no update ceiling'}
drone_residual {'update': 237, 'best_loss': 4.784205383149457, 'stopping': 'practical plateau; no update ceiling'}
drone_residual {'update': 238, 'best_loss': 4.784205383149457, 'stopping': 'practical plateau; no update ceiling'}
drone_residual {'update': 239, 'best_loss': 4.784205383149457, 'stopping': 'practical plateau; no update ceiling'}
drone_residual {'update': 240, 'best_loss': 4.784205383149457, 'stopping': 'practical plateau; no update ceiling'}
drone_residual {'update': 241, 'best_loss': 4.779092225639382, 'stopping': 'practical plateau; no update ceiling'}
drone_residual {'update': 242, 'best_loss': 4.779092225639382, 'stopping': 'practical plateau; no update ceiling'}
drone_residual {'update': 243, 'best_loss': 4.779092225639382, 'stopping': 'practical plateau; no update ceiling'}
drone_residual {'update': 244, 'best_loss': 4.779092225639382, 'stopping': 'practical plateau; no update ceiling'}
drone_residual {'update': 245, 'best_loss': 4.779092225639382, 'stopping': 'practical plateau; no update ceiling'}
drone_residual {'update': 246, 'best_loss': 4.773986657406896, 'stopping': 'practical plateau; no update ceiling'}
drone_residual {'update': 247, 'best_loss': 4.773986657406896, 'stopping': 'practical plateau; no update ceiling'}
drone_residual {'update': 248, 'best_loss': 4.773986657406896, 'stopping': 'practical plateau; no update ceiling'}
drone_residual {'update': 249, 'best_loss': 4.773986657406896, 'stopping': 'practical plateau; no update ceiling'}
drone_residual {'update': 250, 'best_loss': 4.773986657406896, 'stopping': 'practical plateau; no update ceiling'}
drone_residual {'update': 251, 'best_loss': 4.768856553775946, 'stopping': 'practical plateau; no update ceiling'}
drone_residual {'update': 252, 'best_loss': 4.768856553775946, 'stopping': 'practical plateau; no update ceiling'}
drone_residual {'update': 253, 'best_loss': 4.768856553775946, 'stopping': 'practical plateau; no update ceiling'}
drone_residual {'update': 254, 'best_loss': 4.768856553775946, 'stopping': 'practical plateau; no update ceiling'}
drone_residual {'update': 255, 'best_loss': 4.768856553775946, 'stopping': 'practical plateau; no update ceiling'}
drone_residual {'update': 256, 'best_loss': 4.763667323455707, 'stopping': 'practical plateau; no update ceiling'}
drone_residual {'update': 257, 'best_loss': 4.763667323455707, 'stopping': 'practical plateau; no update ceiling'}
drone_residual {'update': 258, 'best_loss': 4.763667323455707, 'stopping': 'practical plateau; no update ceiling'}
drone_residual {'update': 259, 'best_loss': 4.763667323455707, 'stopping': 'practical plateau; no update ceiling'}
drone_residual {'update': 260, 'best_loss': 4.763667323455707, 'stopping': 'practical plateau; no update ceiling'}
drone_residual {'update': 261, 'best_loss': 4.758381273483205, 'stopping': 'practical plateau; no update ceiling'}
drone_residual {'update': 262, 'best_loss': 4.758381273483205, 'stopping': 'practical plateau; no update ceiling'}
drone_residual {'update': 263, 'best_loss': 4.758381273483205, 'stopping': 'practical plateau; no update ceiling'}
drone_residual {'update': 264, 'best_loss': 4.758381273483205, 'stopping': 'practical plateau; no update ceiling'}
drone_residual {'update': 265, 'best_loss': 4.758381273483205, 'stopping': 'practical plateau; no update ceiling'}
drone_residual {'update': 266, 'best_loss': 4.752956087855412, 'stopping': 'practical plateau; no update ceiling'}
drone_residual {'update': 267, 'best_loss': 4.752956087855412, 'stopping': 'practical plateau; no update ceiling'}
drone_residual {'update': 268, 'best_loss': 4.752956087855412, 'stopping': 'practical plateau; no update ceiling'}
drone_residual {'update': 269, 'best_loss': 4.752956087855412, 'stopping': 'practical plateau; no update ceiling'}
drone_residual {'update': 270, 'best_loss': 4.752956087855412, 'stopping': 'practical plateau; no update ceiling'}
drone_residual {'update': 271, 'best_loss': 4.747343071314801, 'stopping': 'practical plateau; no update ceiling'}
drone_residual {'update': 272, 'best_loss': 4.747343071314801, 'stopping': 'practical plateau; no update ceiling'}
drone_residual {'update': 273, 'best_loss': 4.747343071314801, 'stopping': 'practical plateau; no update ceiling'}
drone_residual {'update': 274, 'best_loss': 4.747343071314801, 'stopping': 'practical plateau; no update ceiling'}
drone_residual {'update': 275, 'best_loss': 4.747343071314801, 'stopping': 'practical plateau; no update ceiling'}
drone_residual {'update': 276, 'best_loss': 4.741485318994133, 'stopping': 'practical plateau; no update ceiling'}
drone_residual {'update': 277, 'best_loss': 4.741485318994133, 'stopping': 'practical plateau; no update ceiling'}
drone_residual {'update': 278, 'best_loss': 4.741485318994133, 'stopping': 'practical plateau; no update ceiling'}
drone_residual {'update': 279, 'best_loss': 4.741485318994133, 'stopping': 'practical plateau; no update ceiling'}
drone_residual {'update': 280, 'best_loss': 4.741485318994133, 'stopping': 'practical plateau; no update ceiling'}
drone_residual {'update': 281, 'best_loss': 4.7353158297330245, 'stopping': 'practical plateau; no update ceiling'}
drone_residual {'update': 282, 'best_loss': 4.7353158297330245, 'stopping': 'practical plateau; no update ceiling'}
drone_residual {'update': 283, 'best_loss': 4.7353158297330245, 'stopping': 'practical plateau; no update ceiling'}
drone_residual {'update': 284, 'best_loss': 4.7353158297330245, 'stopping': 'practical plateau; no update ceiling'}
drone_residual {'update': 285, 'best_loss': 4.7353158297330245, 'stopping': 'practical plateau; no update ceiling'}
drone_residual {'update': 286, 'best_loss': 4.7287560310931465, 'stopping': 'practical plateau; no update ceiling'}
drone_residual {'update': 287, 'best_loss': 4.7287560310931465, 'stopping': 'practical plateau; no update ceiling'}
drone_residual {'update': 288, 'best_loss': 4.7287560310931465, 'stopping': 'practical plateau; no update ceiling'}
drone_residual {'update': 289, 'best_loss': 4.7287560310931465, 'stopping': 'practical plateau; no update ceiling'}
drone_residual {'update': 290, 'best_loss': 4.7287560310931465, 'stopping': 'practical plateau; no update ceiling'}
drone_residual {'update': 291, 'best_loss': 4.721716078999208, 'stopping': 'practical plateau; no update ceiling'}
drone_residual {'update': 292, 'best_loss': 4.721716078999208, 'stopping': 'practical plateau; no update ceiling'}
drone_residual {'update': 293, 'best_loss': 4.721716078999208, 'stopping': 'practical plateau; no update ceiling'}
drone_residual {'update': 294, 'best_loss': 4.721716078999208, 'stopping': 'practical plateau; no update ceiling'}
drone_residual {'update': 295, 'best_loss': 4.721716078999208, 'stopping': 'practical plateau; no update ceiling'}
drone_residual {'update': 296, 'best_loss': 4.714099435056293, 'stopping': 'practical plateau; no update ceiling'}
drone_residual {'update': 297, 'best_loss': 4.714099435056293, 'stopping': 'practical plateau; no update ceiling'}
drone_residual {'update': 298, 'best_loss': 4.714099435056293, 'stopping': 'practical plateau; no update ceiling'}
drone_residual {'update': 299, 'best_loss': 4.714099435056293, 'stopping': 'practical plateau; no update ceiling'}
drone_residual {'update': 300, 'best_loss': 4.714099435056293, 'stopping': 'practical plateau; no update ceiling'}
drone_residual {'update': 301, 'best_loss': 4.705815041660734, 'stopping': 'practical plateau; no update ceiling'}
drone_residual {'update': 302, 'best_loss': 4.705815041660734, 'stopping': 'practical plateau; no update ceiling'}
drone_residual {'update': 303, 'best_loss': 4.705815041660734, 'stopping': 'practical plateau; no update ceiling'}
drone_residual {'update': 304, 'best_loss': 4.705815041660734, 'stopping': 'practical plateau; no update ceiling'}
drone_residual {'update': 305, 'best_loss': 4.705815041660734, 'stopping': 'practical plateau; no update ceiling'}
drone_residual {'update': 306, 'best_loss': 4.696799178641848, 'stopping': 'practical plateau; no update ceiling'}
drone_residual {'update': 307, 'best_loss': 4.696799178641848, 'stopping': 'practical plateau; no update ceiling'}
drone_residual {'update': 308, 'best_loss': 4.696799178641848, 'stopping': 'practical plateau; no update ceiling'}
drone_residual {'update': 309, 'best_loss': 4.696799178641848, 'stopping': 'practical plateau; no update ceiling'}
drone_residual {'update': 310, 'best_loss': 4.696799178641848, 'stopping': 'practical plateau; no update ceiling'}
drone_residual {'update': 311, 'best_loss': 4.687043284602311, 'stopping': 'practical plateau; no update ceiling'}
drone_residual {'update': 312, 'best_loss': 4.687043284602311, 'stopping': 'practical plateau; no update ceiling'}
drone_residual {'update': 313, 'best_loss': 4.687043284602311, 'stopping': 'practical plateau; no update ceiling'}
drone_residual {'update': 314, 'best_loss': 4.687043284602311, 'stopping': 'practical plateau; no update ceiling'}
drone_residual {'update': 315, 'best_loss': 4.687043284602311, 'stopping': 'practical plateau; no update ceiling'}
drone_residual {'update': 316, 'best_loss': 4.676614432951107, 'stopping': 'practical plateau; no update ceiling'}
drone_residual {'update': 317, 'best_loss': 4.676614432951107, 'stopping': 'practical plateau; no update ceiling'}
drone_residual {'update': 318, 'best_loss': 4.676614432951107, 'stopping': 'practical plateau; no update ceiling'}
drone_residual {'update': 319, 'best_loss': 4.676614432951107, 'stopping': 'practical plateau; no update ceiling'}
drone_residual {'update': 320, 'best_loss': 4.676614432951107, 'stopping': 'practical plateau; no update ceiling'}
drone_residual {'update': 321, 'best_loss': 4.665651176609876, 'stopping': 'practical plateau; no update ceiling'}
drone_residual {'update': 322, 'best_loss': 4.665651176609876, 'stopping': 'practical plateau; no update ceiling'}
drone_residual {'update': 323, 'best_loss': 4.665651176609876, 'stopping': 'practical plateau; no update ceiling'}
drone_residual {'update': 324, 'best_loss': 4.665651176609876, 'stopping': 'practical plateau; no update ceiling'}
drone_residual {'update': 325, 'best_loss': 4.665651176609876, 'stopping': 'practical plateau; no update ceiling'}
drone_residual {'update': 326, 'best_loss': 4.654330835955011, 'stopping': 'practical plateau; no update ceiling'}
drone_residual {'update': 327, 'best_loss': 4.654330835955011, 'stopping': 'practical plateau; no update ceiling'}
drone_residual {'update': 328, 'best_loss': 4.654330835955011, 'stopping': 'practical plateau; no update ceiling'}
drone_residual {'update': 329, 'best_loss': 4.654330835955011, 'stopping': 'practical plateau; no update ceiling'}
drone_residual {'update': 330, 'best_loss': 4.654330835955011, 'stopping': 'practical plateau; no update ceiling'}
drone_residual {'update': 331, 'best_loss': 4.6428273732512, 'stopping': 'practical plateau; no update ceiling'}
drone_residual {'update': 332, 'best_loss': 4.6428273732512, 'stopping': 'practical plateau; no update ceiling'}
drone_residual {'update': 333, 'best_loss': 4.6428273732512, 'stopping': 'practical plateau; no update ceiling'}
drone_residual {'update': 334, 'best_loss': 4.6428273732512, 'stopping': 'practical plateau; no update ceiling'}
drone_residual {'update': 335, 'best_loss': 4.6428273732512, 'stopping': 'practical plateau; no update ceiling'}
drone_residual {'update': 336, 'best_loss': 4.631284782134726, 'stopping': 'practical plateau; no update ceiling'}
drone_residual {'update': 337, 'best_loss': 4.631284782134726, 'stopping': 'practical plateau; no update ceiling'}
drone_residual {'update': 338, 'best_loss': 4.631284782134726, 'stopping': 'practical plateau; no update ceiling'}
drone_residual {'update': 339, 'best_loss': 4.631284782134726, 'stopping': 'practical plateau; no update ceiling'}
drone_residual {'update': 340, 'best_loss': 4.631284782134726, 'stopping': 'practical plateau; no update ceiling'}
drone_residual {'update': 341, 'best_loss': 4.6198131654493375, 'stopping': 'practical plateau; no update ceiling'}
drone_residual {'update': 342, 'best_loss': 4.6198131654493375, 'stopping': 'practical plateau; no update ceiling'}
drone_residual {'update': 343, 'best_loss': 4.6198131654493375, 'stopping': 'practical plateau; no update ceiling'}
drone_residual {'update': 344, 'best_loss': 4.6198131654493375, 'stopping': 'practical plateau; no update ceiling'}
drone_residual {'update': 345, 'best_loss': 4.6198131654493375, 'stopping': 'practical plateau; no update ceiling'}
drone_residual {'update': 346, 'best_loss': 4.608497570770103, 'stopping': 'practical plateau; no update ceiling'}
drone_residual {'update': 347, 'best_loss': 4.608497570770103, 'stopping': 'practical plateau; no update ceiling'}
drone_residual {'update': 348, 'best_loss': 4.608497570770103, 'stopping': 'practical plateau; no update ceiling'}
drone_residual {'update': 349, 'best_loss': 4.608497570770103, 'stopping': 'practical plateau; no update ceiling'}
drone_residual {'update': 350, 'best_loss': 4.608497570770103, 'stopping': 'practical plateau; no update ceiling'}
drone_residual {'update': 351, 'best_loss': 4.597407233877086, 'stopping': 'practical plateau; no update ceiling'}
drone_residual {'update': 352, 'best_loss': 4.597407233877086, 'stopping': 'practical plateau; no update ceiling'}
drone_residual {'update': 353, 'best_loss': 4.597407233877086, 'stopping': 'practical plateau; no update ceiling'}
drone_residual {'update': 354, 'best_loss': 4.597407233877086, 'stopping': 'practical plateau; no update ceiling'}
drone_residual {'update': 355, 'best_loss': 4.597407233877086, 'stopping': 'practical plateau; no update ceiling'}
drone_residual {'update': 356, 'best_loss': 4.586598812842227, 'stopping': 'practical plateau; no update ceiling'}
drone_residual {'update': 357, 'best_loss': 4.586598812842227, 'stopping': 'practical plateau; no update ceiling'}
drone_residual {'update': 358, 'best_loss': 4.586598812842227, 'stopping': 'practical plateau; no update ceiling'}
drone_residual {'update': 359, 'best_loss': 4.586598812842227, 'stopping': 'practical plateau; no update ceiling'}
drone_residual {'update': 360, 'best_loss': 4.586598812842227, 'stopping': 'practical plateau; no update ceiling'}
drone_residual {'update': 361, 'best_loss': 4.576114397051614, 'stopping': 'practical plateau; no update ceiling'}
drone_residual {'update': 362, 'best_loss': 4.576114397051614, 'stopping': 'practical plateau; no update ceiling'}
drone_residual {'update': 363, 'best_loss': 4.576114397051614, 'stopping': 'practical plateau; no update ceiling'}
drone_residual {'update': 364, 'best_loss': 4.576114397051614, 'stopping': 'practical plateau; no update ceiling'}
drone_residual {'update': 365, 'best_loss': 4.576114397051614, 'stopping': 'practical plateau; no update ceiling'}
drone_residual {'update': 366, 'best_loss': 4.565979037766767, 'stopping': 'practical plateau; no update ceiling'}
drone_residual {'update': 367, 'best_loss': 4.565979037766767, 'stopping': 'practical plateau; no update ceiling'}
drone_residual {'update': 368, 'best_loss': 4.565979037766767, 'stopping': 'practical plateau; no update ceiling'}
drone_residual {'update': 369, 'best_loss': 4.565979037766767, 'stopping': 'practical plateau; no update ceiling'}
drone_residual {'update': 370, 'best_loss': 4.565979037766767, 'stopping': 'practical plateau; no update ceiling'}
drone_residual {'update': 371, 'best_loss': 4.556201115150472, 'stopping': 'practical plateau; no update ceiling'}
drone_residual {'update': 372, 'best_loss': 4.556201115150472, 'stopping': 'practical plateau; no update ceiling'}
drone_residual {'update': 373, 'best_loss': 4.556201115150472, 'stopping': 'practical plateau; no update ceiling'}
drone_residual {'update': 374, 'best_loss': 4.556201115150472, 'stopping': 'practical plateau; no update ceiling'}
drone_residual {'update': 375, 'best_loss': 4.556201115150472, 'stopping': 'practical plateau; no update ceiling'}
drone_residual {'update': 376, 'best_loss': 4.546775342147312, 'stopping': 'practical plateau; no update ceiling'}
drone_residual {'update': 377, 'best_loss': 4.546775342147312, 'stopping': 'practical plateau; no update ceiling'}
drone_residual {'update': 378, 'best_loss': 4.546775342147312, 'stopping': 'practical plateau; no update ceiling'}
drone_residual {'update': 379, 'best_loss': 4.546775342147312, 'stopping': 'practical plateau; no update ceiling'}
drone_residual {'update': 380, 'best_loss': 4.546775342147312, 'stopping': 'practical plateau; no update ceiling'}
drone_residual {'update': 381, 'best_loss': 4.53768666042303, 'stopping': 'practical plateau; no update ceiling'}
drone_residual {'update': 382, 'best_loss': 4.53768666042303, 'stopping': 'practical plateau; no update ceiling'}
drone_residual {'update': 383, 'best_loss': 4.53768666042303, 'stopping': 'practical plateau; no update ceiling'}
drone_residual {'update': 384, 'best_loss': 4.53768666042303, 'stopping': 'practical plateau; no update ceiling'}
drone_residual {'update': 385, 'best_loss': 4.53768666042303, 'stopping': 'practical plateau; no update ceiling'}
drone_residual {'update': 386, 'best_loss': 4.528913848548498, 'stopping': 'practical plateau; no update ceiling'}
drone_residual {'update': 387, 'best_loss': 4.528913848548498, 'stopping': 'practical plateau; no update ceiling'}
drone_residual {'update': 388, 'best_loss': 4.528913848548498, 'stopping': 'practical plateau; no update ceiling'}
drone_residual {'update': 389, 'best_loss': 4.528913848548498, 'stopping': 'practical plateau; no update ceiling'}
drone_residual {'update': 390, 'best_loss': 4.528913848548498, 'stopping': 'practical plateau; no update ceiling'}
drone_residual {'update': 391, 'best_loss': 4.5204324879607585, 'stopping': 'practical plateau; no update ceiling'}
drone_residual {'update': 392, 'best_loss': 4.5204324879607585, 'stopping': 'practical plateau; no update ceiling'}
drone_residual {'update': 393, 'best_loss': 4.5204324879607585, 'stopping': 'practical plateau; no update ceiling'}
drone_residual {'update': 394, 'best_loss': 4.5204324879607585, 'stopping': 'practical plateau; no update ceiling'}
drone_residual {'update': 395, 'best_loss': 4.5204324879607585, 'stopping': 'practical plateau; no update ceiling'}
drone_residual {'update': 396, 'best_loss': 4.512217269390529, 'stopping': 'practical plateau; no update ceiling'}
drone_residual {'update': 397, 'best_loss': 4.512217269390529, 'stopping': 'practical plateau; no update ceiling'}
drone_residual {'update': 398, 'best_loss': 4.512217269390529, 'stopping': 'practical plateau; no update ceiling'}
drone_residual {'update': 399, 'best_loss': 4.512217269390529, 'stopping': 'practical plateau; no update ceiling'}
drone_residual {'update': 400, 'best_loss': 4.512217269390529, 'stopping': 'practical plateau; no update ceiling'}
drone_residual {'update': 401, 'best_loss': 4.504243697254062, 'stopping': 'practical plateau; no update ceiling'}
drone_residual {'update': 402, 'best_loss': 4.504243697254062, 'stopping': 'practical plateau; no update ceiling'}
drone_residual {'update': 403, 'best_loss': 4.504243697254062, 'stopping': 'practical plateau; no update ceiling'}
drone_residual {'update': 404, 'best_loss': 4.504243697254062, 'stopping': 'practical plateau; no update ceiling'}
drone_residual {'update': 405, 'best_loss': 4.504243697254062, 'stopping': 'practical plateau; no update ceiling'}
drone_residual {'update': 406, 'best_loss': 4.496489248508109, 'stopping': 'practical plateau; no update ceiling'}
drone_residual {'update': 407, 'best_loss': 4.496489248508109, 'stopping': 'practical plateau; no update ceiling'}
drone_residual {'update': 408, 'best_loss': 4.496489248508109, 'stopping': 'practical plateau; no update ceiling'}
drone_residual {'update': 409, 'best_loss': 4.496489248508109, 'stopping': 'practical plateau; no update ceiling'}
drone_residual {'update': 410, 'best_loss': 4.496489248508109, 'stopping': 'practical plateau; no update ceiling'}
drone_residual {'update': 411, 'best_loss': 4.488934029179843, 'stopping': 'practical plateau; no update ceiling'}
drone_residual {'update': 412, 'best_loss': 4.488934029179843, 'stopping': 'practical plateau; no update ceiling'}
drone_residual {'update': 413, 'best_loss': 4.488934029179843, 'stopping': 'practical plateau; no update ceiling'}
drone_residual {'update': 414, 'best_loss': 4.488934029179843, 'stopping': 'practical plateau; no update ceiling'}
drone_residual {'update': 415, 'best_loss': 4.488934029179843, 'stopping': 'practical plateau; no update ceiling'}
drone_residual {'update': 416, 'best_loss': 4.48156099590809, 'stopping': 'practical plateau; no update ceiling'}
drone_residual {'update': 417, 'best_loss': 4.48156099590809, 'stopping': 'practical plateau; no update ceiling'}
drone_residual {'update': 418, 'best_loss': 4.48156099590809, 'stopping': 'practical plateau; no update ceiling'}
drone_residual {'update': 419, 'best_loss': 4.48156099590809, 'stopping': 'practical plateau; no update ceiling'}
drone_residual {'update': 420, 'best_loss': 4.48156099590809, 'stopping': 'practical plateau; no update ceiling'}
drone_residual {'update': 421, 'best_loss': 4.474355847462467, 'stopping': 'practical plateau; no update ceiling'}
drone_residual {'update': 422, 'best_loss': 4.474355847462467, 'stopping': 'practical plateau; no update ceiling'}
drone_residual {'update': 423, 'best_loss': 4.474355847462467, 'stopping': 'practical plateau; no update ceiling'}
drone_residual {'update': 424, 'best_loss': 4.474355847462467, 'stopping': 'practical plateau; no update ceiling'}
drone_residual {'update': 425, 'best_loss': 4.474355847462467, 'stopping': 'practical plateau; no update ceiling'}
drone_residual {'update': 426, 'best_loss': 4.467306697928786, 'stopping': 'practical plateau; no update ceiling'}
drone_residual {'update': 427, 'best_loss': 4.467306697928786, 'stopping': 'practical plateau; no update ceiling'}
drone_residual {'update': 428, 'best_loss': 4.467306697928786, 'stopping': 'practical plateau; no update ceiling'}
drone_residual {'update': 429, 'best_loss': 4.467306697928786, 'stopping': 'practical plateau; no update ceiling'}
drone_residual {'update': 430, 'best_loss': 4.467306697928786, 'stopping': 'practical plateau; no update ceiling'}
drone_residual {'update': 431, 'best_loss': 4.460403627531388, 'stopping': 'practical plateau; no update ceiling'}
drone_residual {'update': 432, 'best_loss': 4.460403627531388, 'stopping': 'practical plateau; no update ceiling'}
drone_residual {'update': 433, 'best_loss': 4.460403627531388, 'stopping': 'practical plateau; no update ceiling'}
drone_residual {'update': 434, 'best_loss': 4.460403627531388, 'stopping': 'practical plateau; no update ceiling'}
drone_residual {'update': 435, 'best_loss': 4.460403627531388, 'stopping': 'practical plateau; no update ceiling'}
drone_residual {'update': 436, 'best_loss': 4.453638191792871, 'stopping': 'practical plateau; no update ceiling'}
drone_residual {'update': 437, 'best_loss': 4.453638191792871, 'stopping': 'practical plateau; no update ceiling'}
drone_residual {'update': 438, 'best_loss': 4.453638191792871, 'stopping': 'practical plateau; no update ceiling'}
drone_residual {'update': 439, 'best_loss': 4.453638191792871, 'stopping': 'practical plateau; no update ceiling'}
drone_residual {'update': 440, 'best_loss': 4.453638191792871, 'stopping': 'practical plateau; no update ceiling'}
drone_residual {'update': 441, 'best_loss': 4.44700295326003, 'stopping': 'practical plateau; no update ceiling'}
drone_residual {'update': 442, 'best_loss': 4.44700295326003, 'stopping': 'practical plateau; no update ceiling'}
drone_residual {'update': 443, 'best_loss': 4.44700295326003, 'stopping': 'practical plateau; no update ceiling'}
drone_residual {'update': 444, 'best_loss': 4.44700295326003, 'stopping': 'practical plateau; no update ceiling'}
drone_residual {'update': 445, 'best_loss': 4.44700295326003, 'stopping': 'practical plateau; no update ceiling'}
drone_residual {'update': 446, 'best_loss': 4.440491077398327, 'stopping': 'practical plateau; no update ceiling'}
drone_residual {'update': 447, 'best_loss': 4.440491077398327, 'stopping': 'practical plateau; no update ceiling'}
drone_residual {'update': 448, 'best_loss': 4.440491077398327, 'stopping': 'practical plateau; no update ceiling'}
drone_residual {'update': 449, 'best_loss': 4.440491077398327, 'stopping': 'practical plateau; no update ceiling'}
drone_residual {'update': 450, 'best_loss': 4.440491077398327, 'stopping': 'practical plateau; no update ceiling'}
drone_residual {'update': 451, 'best_loss': 4.434096011585867, 'stopping': 'practical plateau; no update ceiling'}
drone_residual {'update': 452, 'best_loss': 4.434096011585867, 'stopping': 'practical plateau; no update ceiling'}
drone_residual {'update': 453, 'best_loss': 4.434096011585867, 'stopping': 'practical plateau; no update ceiling'}
drone_residual {'update': 454, 'best_loss': 4.434096011585867, 'stopping': 'practical plateau; no update ceiling'}
drone_residual {'update': 455, 'best_loss': 4.434096011585867, 'stopping': 'practical plateau; no update ceiling'}
drone_residual {'update': 456, 'best_loss': 4.427811249312911, 'stopping': 'practical plateau; no update ceiling'}
drone_residual {'update': 457, 'best_loss': 4.427811249312911, 'stopping': 'practical plateau; no update ceiling'}
drone_residual {'update': 458, 'best_loss': 4.427811249312911, 'stopping': 'practical plateau; no update ceiling'}
drone_residual {'update': 459, 'best_loss': 4.427811249312911, 'stopping': 'practical plateau; no update ceiling'}
drone_residual {'update': 460, 'best_loss': 4.427811249312911, 'stopping': 'practical plateau; no update ceiling'}
drone_residual {'update': 461, 'best_loss': 4.421630171111301, 'stopping': 'practical plateau; no update ceiling'}
drone_residual {'update': 462, 'best_loss': 4.421630171111301, 'stopping': 'practical plateau; no update ceiling'}
drone_residual {'update': 463, 'best_loss': 4.421630171111301, 'stopping': 'practical plateau; no update ceiling'}
drone_residual {'update': 464, 'best_loss': 4.421630171111301, 'stopping': 'practical plateau; no update ceiling'}
drone_residual {'update': 465, 'best_loss': 4.421630171111301, 'stopping': 'practical plateau; no update ceiling'}
drone_residual {'update': 466, 'best_loss': 4.415545948312543, 'stopping': 'practical plateau; no update ceiling'}
drone_residual {'update': 467, 'best_loss': 4.415545948312543, 'stopping': 'practical plateau; no update ceiling'}
drone_residual {'update': 468, 'best_loss': 4.415545948312543, 'stopping': 'practical plateau; no update ceiling'}
drone_residual {'update': 469, 'best_loss': 4.415545948312543, 'stopping': 'practical plateau; no update ceiling'}
drone_residual {'update': 470, 'best_loss': 4.415545948312543, 'stopping': 'practical plateau; no update ceiling'}
drone_residual {'update': 471, 'best_loss': 4.4095514944649405, 'stopping': 'practical plateau; no update ceiling'}
drone_residual {'update': 472, 'best_loss': 4.4095514944649405, 'stopping': 'practical plateau; no update ceiling'}
drone_residual {'update': 473, 'best_loss': 4.4095514944649405, 'stopping': 'practical plateau; no update ceiling'}
drone_residual {'update': 474, 'best_loss': 4.4095514944649405, 'stopping': 'practical plateau; no update ceiling'}
drone_residual {'update': 475, 'best_loss': 4.4095514944649405, 'stopping': 'practical plateau; no update ceiling'}
drone_residual {'update': 476, 'best_loss': 4.403639450703378, 'stopping': 'practical plateau; no update ceiling'}
drone_residual {'update': 477, 'best_loss': 4.403639450703378, 'stopping': 'practical plateau; no update ceiling'}
drone_residual {'update': 478, 'best_loss': 4.403639450703378, 'stopping': 'practical plateau; no update ceiling'}
drone_residual {'update': 479, 'best_loss': 4.403639450703378, 'stopping': 'practical plateau; no update ceiling'}
drone_residual {'update': 480, 'best_loss': 4.403639450703378, 'stopping': 'practical plateau; no update ceiling'}
drone_residual {'update': 481, 'best_loss': 4.397802194270148, 'stopping': 'practical plateau; no update ceiling'}
drone_residual {'update': 482, 'best_loss': 4.397802194270148, 'stopping': 'practical plateau; no update ceiling'}
drone_residual {'update': 483, 'best_loss': 4.397802194270148, 'stopping': 'practical plateau; no update ceiling'}
drone_residual {'update': 484, 'best_loss': 4.397802194270148, 'stopping': 'practical plateau; no update ceiling'}
drone_residual {'update': 485, 'best_loss': 4.397802194270148, 'stopping': 'practical plateau; no update ceiling'}
drone_residual {'update': 486, 'best_loss': 4.3920318624395565, 'stopping': 'practical plateau; no update ceiling'}
drone_residual {'update': 487, 'best_loss': 4.3920318624395565, 'stopping': 'practical plateau; no update ceiling'}
drone_residual {'update': 488, 'best_loss': 4.3920318624395565, 'stopping': 'practical plateau; no update ceiling'}
drone_residual {'update': 489, 'best_loss': 4.3920318624395565, 'stopping': 'practical plateau; no update ceiling'}
drone_residual {'update': 490, 'best_loss': 4.3920318624395565, 'stopping': 'practical plateau; no update ceiling'}
drone_residual {'update': 491, 'best_loss': 4.386320386301926, 'stopping': 'practical plateau; no update ceiling'}
drone_residual {'update': 492, 'best_loss': 4.386320386301926, 'stopping': 'practical plateau; no update ceiling'}
drone_residual {'update': 493, 'best_loss': 4.386320386301926, 'stopping': 'practical plateau; no update ceiling'}
drone_residual {'update': 494, 'best_loss': 4.386320386301926, 'stopping': 'practical plateau; no update ceiling'}
drone_residual {'update': 495, 'best_loss': 4.386320386301926, 'stopping': 'practical plateau; no update ceiling'}
drone_residual {'update': 496, 'best_loss': 4.380659530284083, 'stopping': 'practical plateau; no update ceiling'}
drone_residual {'update': 497, 'best_loss': 4.380659530284083, 'stopping': 'practical plateau; no update ceiling'}
drone_residual {'update': 498, 'best_loss': 4.380659530284083, 'stopping': 'practical plateau; no update ceiling'}
drone_residual {'update': 499, 'best_loss': 4.380659530284083, 'stopping': 'practical plateau; no update ceiling'}
drone_residual {'update': 500, 'best_loss': 4.380659530284083, 'stopping': 'practical plateau; no update ceiling'}
drone_residual {'update': 501, 'best_loss': 4.3750409347368775, 'stopping': 'practical plateau; no update ceiling'}
drone_residual {'update': 502, 'best_loss': 4.3750409347368775, 'stopping': 'practical plateau; no update ceiling'}
drone_residual {'update': 503, 'best_loss': 4.3750409347368775, 'stopping': 'practical plateau; no update ceiling'}
drone_residual {'update': 504, 'best_loss': 4.3750409347368775, 'stopping': 'practical plateau; no update ceiling'}
drone_residual {'update': 505, 'best_loss': 4.3750409347368775, 'stopping': 'practical plateau; no update ceiling'}
drone_residual {'update': 506, 'best_loss': 4.369456161234429, 'stopping': 'practical plateau; no update ceiling'}
drone_residual {'update': 507, 'best_loss': 4.369456161234429, 'stopping': 'practical plateau; no update ceiling'}
drone_residual {'update': 508, 'best_loss': 4.369456161234429, 'stopping': 'practical plateau; no update ceiling'}
drone_residual {'update': 509, 'best_loss': 4.369456161234429, 'stopping': 'practical plateau; no update ceiling'}
drone_residual {'update': 510, 'best_loss': 4.369456161234429, 'stopping': 'practical plateau; no update ceiling'}
drone_residual {'update': 511, 'best_loss': 4.363896743682971, 'stopping': 'practical plateau; no update ceiling'}
drone_residual {'update': 512, 'best_loss': 4.363896743682971, 'stopping': 'practical plateau; no update ceiling'}
drone_residual {'update': 513, 'best_loss': 4.363896743682971, 'stopping': 'practical plateau; no update ceiling'}
drone_residual {'update': 514, 'best_loss': 4.363896743682971, 'stopping': 'practical plateau; no update ceiling'}
drone_residual {'update': 515, 'best_loss': 4.363896743682971, 'stopping': 'practical plateau; no update ceiling'}
drone_residual {'update': 516, 'best_loss': 4.358354251797293, 'stopping': 'practical plateau; no update ceiling'}
drone_residual {'update': 517, 'best_loss': 4.358354251797293, 'stopping': 'practical plateau; no update ceiling'}
drone_residual {'update': 518, 'best_loss': 4.358354251797293, 'stopping': 'practical plateau; no update ceiling'}
drone_residual {'update': 519, 'best_loss': 4.358354251797293, 'stopping': 'practical plateau; no update ceiling'}
drone_residual {'update': 520, 'best_loss': 4.358354251797293, 'stopping': 'practical plateau; no update ceiling'}
drone_residual {'update': 521, 'best_loss': 4.35282037411185, 'stopping': 'practical plateau; no update ceiling'}
drone_residual {'update': 522, 'best_loss': 4.35282037411185, 'stopping': 'practical plateau; no update ceiling'}
drone_residual {'update': 523, 'best_loss': 4.35282037411185, 'stopping': 'practical plateau; no update ceiling'}
drone_residual {'update': 524, 'best_loss': 4.35282037411185, 'stopping': 'practical plateau; no update ceiling'}
drone_residual {'update': 525, 'best_loss': 4.35282037411185, 'stopping': 'practical plateau; no update ceiling'}
drone_residual {'update': 526, 'best_loss': 4.347287021924053, 'stopping': 'practical plateau; no update ceiling'}
drone_residual {'update': 527, 'best_loss': 4.347287021924053, 'stopping': 'practical plateau; no update ceiling'}
drone_residual {'update': 528, 'best_loss': 4.347287021924053, 'stopping': 'practical plateau; no update ceiling'}
drone_residual {'update': 529, 'best_loss': 4.347287021924053, 'stopping': 'practical plateau; no update ceiling'}
drone_residual {'update': 530, 'best_loss': 4.347287021924053, 'stopping': 'practical plateau; no update ceiling'}
drone_residual {'update': 531, 'best_loss': 4.341746441597571, 'stopping': 'practical plateau; no update ceiling'}
drone_residual {'update': 532, 'best_loss': 4.341746441597571, 'stopping': 'practical plateau; no update ceiling'}
drone_residual {'update': 533, 'best_loss': 4.341746441597571, 'stopping': 'practical plateau; no update ceiling'}
drone_residual {'update': 534, 'best_loss': 4.341746441597571, 'stopping': 'practical plateau; no update ceiling'}
drone_residual {'update': 535, 'best_loss': 4.341746441597571, 'stopping': 'practical plateau; no update ceiling'}
drone_residual {'update': 536, 'best_loss': 4.336191303280308, 'stopping': 'practical plateau; no update ceiling'}
drone_residual {'update': 537, 'best_loss': 4.336191303280308, 'stopping': 'practical plateau; no update ceiling'}
drone_residual {'update': 538, 'best_loss': 4.336191303280308, 'stopping': 'practical plateau; no update ceiling'}
drone_residual {'update': 539, 'best_loss': 4.336191303280308, 'stopping': 'practical plateau; no update ceiling'}
drone_residual {'update': 540, 'best_loss': 4.336191303280308, 'stopping': 'practical plateau; no update ceiling'}
drone_residual {'update': 541, 'best_loss': 4.330614718482576, 'stopping': 'practical plateau; no update ceiling'}
drone_residual {'update': 542, 'best_loss': 4.330614718482576, 'stopping': 'practical plateau; no update ceiling'}
drone_residual {'update': 543, 'best_loss': 4.330614718482576, 'stopping': 'practical plateau; no update ceiling'}
drone_residual {'update': 544, 'best_loss': 4.330614718482576, 'stopping': 'practical plateau; no update ceiling'}
drone_residual {'update': 545, 'best_loss': 4.330614718482576, 'stopping': 'practical plateau; no update ceiling'}
drone_residual {'update': 546, 'best_loss': 4.325010140592133, 'stopping': 'practical plateau; no update ceiling'}
drone_residual {'update': 547, 'best_loss': 4.325010140592133, 'stopping': 'practical plateau; no update ceiling'}
drone_residual {'update': 548, 'best_loss': 4.325010140592133, 'stopping': 'practical plateau; no update ceiling'}
drone_residual {'update': 549, 'best_loss': 4.325010140592133, 'stopping': 'practical plateau; no update ceiling'}
drone_residual {'update': 550, 'best_loss': 4.325010140592133, 'stopping': 'practical plateau; no update ceiling'}
drone_residual {'update': 551, 'best_loss': 4.31937113140704, 'stopping': 'practical plateau; no update ceiling'}
drone_residual {'update': 552, 'best_loss': 4.31937113140704, 'stopping': 'practical plateau; no update ceiling'}
drone_residual {'update': 553, 'best_loss': 4.31937113140704, 'stopping': 'practical plateau; no update ceiling'}
drone_residual {'update': 554, 'best_loss': 4.31937113140704, 'stopping': 'practical plateau; no update ceiling'}
drone_residual {'update': 555, 'best_loss': 4.31937113140704, 'stopping': 'practical plateau; no update ceiling'}
drone_residual {'update': 556, 'best_loss': 4.313691029387849, 'stopping': 'practical plateau; no update ceiling'}
drone_residual {'update': 557, 'best_loss': 4.313691029387849, 'stopping': 'practical plateau; no update ceiling'}
drone_residual {'update': 558, 'best_loss': 4.313691029387849, 'stopping': 'practical plateau; no update ceiling'}
drone_residual {'update': 559, 'best_loss': 4.313691029387849, 'stopping': 'practical plateau; no update ceiling'}
drone_residual {'update': 560, 'best_loss': 4.313691029387849, 'stopping': 'practical plateau; no update ceiling'}
drone_residual {'update': 561, 'best_loss': 4.307962609846195, 'stopping': 'practical plateau; no update ceiling'}
drone_residual {'update': 562, 'best_loss': 4.307962609846195, 'stopping': 'practical plateau; no update ceiling'}
drone_residual {'update': 563, 'best_loss': 4.307962609846195, 'stopping': 'practical plateau; no update ceiling'}
drone_residual {'update': 564, 'best_loss': 4.307962609846195, 'stopping': 'practical plateau; no update ceiling'}
drone_residual {'update': 565, 'best_loss': 4.307962609846195, 'stopping': 'practical plateau; no update ceiling'}
drone_residual {'update': 566, 'best_loss': 4.302177855431958, 'stopping': 'practical plateau; no update ceiling'}
drone_residual {'update': 567, 'best_loss': 4.302177855431958, 'stopping': 'practical plateau; no update ceiling'}
drone_residual {'update': 568, 'best_loss': 4.302177855431958, 'stopping': 'practical plateau; no update ceiling'}
drone_residual {'update': 569, 'best_loss': 4.302177855431958, 'stopping': 'practical plateau; no update ceiling'}
drone_residual {'update': 570, 'best_loss': 4.302177855431958, 'stopping': 'practical plateau; no update ceiling'}
drone_residual {'update': 571, 'best_loss': 4.296327943054632, 'stopping': 'practical plateau; no update ceiling'}
drone_residual {'update': 572, 'best_loss': 4.296327943054632, 'stopping': 'practical plateau; no update ceiling'}
drone_residual {'update': 573, 'best_loss': 4.296327943054632, 'stopping': 'practical plateau; no update ceiling'}
drone_residual {'update': 574, 'best_loss': 4.296327943054632, 'stopping': 'practical plateau; no update ceiling'}
drone_residual {'update': 575, 'best_loss': 4.296327943054632, 'stopping': 'practical plateau; no update ceiling'}
drone_residual {'update': 576, 'best_loss': 4.29040350947055, 'stopping': 'practical plateau; no update ceiling'}
drone_residual {'update': 577, 'best_loss': 4.29040350947055, 'stopping': 'practical plateau; no update ceiling'}
drone_residual {'update': 578, 'best_loss': 4.29040350947055, 'stopping': 'practical plateau; no update ceiling'}
drone_residual {'update': 579, 'best_loss': 4.29040350947055, 'stopping': 'practical plateau; no update ceiling'}
drone_residual {'update': 580, 'best_loss': 4.29040350947055, 'stopping': 'practical plateau; no update ceiling'}
drone_residual {'update': 581, 'best_loss': 4.284395196835902, 'stopping': 'practical plateau; no update ceiling'}
drone_residual {'update': 582, 'best_loss': 4.284395196835902, 'stopping': 'practical plateau; no update ceiling'}
drone_residual {'update': 583, 'best_loss': 4.284395196835902, 'stopping': 'practical plateau; no update ceiling'}
drone_residual {'update': 584, 'best_loss': 4.284395196835902, 'stopping': 'practical plateau; no update ceiling'}
drone_residual {'update': 585, 'best_loss': 4.284395196835902, 'stopping': 'practical plateau; no update ceiling'}
drone_residual {'update': 586, 'best_loss': 4.278294399757738, 'stopping': 'practical plateau; no update ceiling'}
drone_residual {'update': 587, 'best_loss': 4.278294399757738, 'stopping': 'practical plateau; no update ceiling'}
drone_residual {'update': 588, 'best_loss': 4.278294399757738, 'stopping': 'practical plateau; no update ceiling'}
drone_residual {'update': 589, 'best_loss': 4.278294399757738, 'stopping': 'practical plateau; no update ceiling'}
drone_residual {'update': 590, 'best_loss': 4.278294399757738, 'stopping': 'practical plateau; no update ceiling'}
drone_residual {'update': 591, 'best_loss': 4.272094033472836, 'stopping': 'practical plateau; no update ceiling'}
drone_residual {'update': 592, 'best_loss': 4.272094033472836, 'stopping': 'practical plateau; no update ceiling'}
drone_residual {'update': 593, 'best_loss': 4.272094033472836, 'stopping': 'practical plateau; no update ceiling'}
drone_residual {'update': 594, 'best_loss': 4.272094033472836, 'stopping': 'practical plateau; no update ceiling'}
drone_residual {'update': 595, 'best_loss': 4.272094033472836, 'stopping': 'practical plateau; no update ceiling'}
drone_residual {'update': 596, 'best_loss': 4.265789076465128, 'stopping': 'practical plateau; no update ceiling'}
drone_residual {'update': 597, 'best_loss': 4.265789076465128, 'stopping': 'practical plateau; no update ceiling'}
drone_residual {'update': 598, 'best_loss': 4.265789076465128, 'stopping': 'practical plateau; no update ceiling'}
drone_residual {'update': 599, 'best_loss': 4.265789076465128, 'stopping': 'practical plateau; no update ceiling'}
drone_residual {'update': 600, 'best_loss': 4.265789076465128, 'stopping': 'practical plateau; no update ceiling'}
drone_residual {'update': 601, 'best_loss': 4.25937672455136, 'stopping': 'practical plateau; no update ceiling'}
drone_residual {'update': 602, 'best_loss': 4.25937672455136, 'stopping': 'practical plateau; no update ceiling'}
drone_residual {'update': 603, 'best_loss': 4.25937672455136, 'stopping': 'practical plateau; no update ceiling'}
drone_residual {'update': 604, 'best_loss': 4.25937672455136, 'stopping': 'practical plateau; no update ceiling'}
drone_residual {'update': 605, 'best_loss': 4.25937672455136, 'stopping': 'practical plateau; no update ceiling'}
drone_residual {'update': 606, 'best_loss': 4.252856198584753, 'stopping': 'practical plateau; no update ceiling'}
drone_residual {'update': 607, 'best_loss': 4.252856198584753, 'stopping': 'practical plateau; no update ceiling'}
drone_residual {'update': 608, 'best_loss': 4.252856198584753, 'stopping': 'practical plateau; no update ceiling'}
drone_residual {'update': 609, 'best_loss': 4.252856198584753, 'stopping': 'practical plateau; no update ceiling'}
drone_residual {'update': 610, 'best_loss': 4.252856198584753, 'stopping': 'practical plateau; no update ceiling'}
drone_residual {'update': 611, 'best_loss': 4.246228330002225, 'stopping': 'practical plateau; no update ceiling'}
drone_residual {'update': 612, 'best_loss': 4.246228330002225, 'stopping': 'practical plateau; no update ceiling'}
drone_residual {'update': 613, 'best_loss': 4.246228330002225, 'stopping': 'practical plateau; no update ceiling'}
drone_residual {'update': 614, 'best_loss': 4.246228330002225, 'stopping': 'practical plateau; no update ceiling'}
drone_residual {'update': 615, 'best_loss': 4.246228330002225, 'stopping': 'practical plateau; no update ceiling'}
drone_residual {'update': 616, 'best_loss': 4.239494974552911, 'stopping': 'practical plateau; no update ceiling'}
drone_residual {'update': 617, 'best_loss': 4.239494974552911, 'stopping': 'practical plateau; no update ceiling'}
drone_residual {'update': 618, 'best_loss': 4.239494974552911, 'stopping': 'practical plateau; no update ceiling'}
drone_residual {'update': 619, 'best_loss': 4.239494974552911, 'stopping': 'practical plateau; no update ceiling'}
drone_residual {'update': 620, 'best_loss': 4.239494974552911, 'stopping': 'practical plateau; no update ceiling'}
drone_residual {'update': 621, 'best_loss': 4.232658356607516, 'stopping': 'practical plateau; no update ceiling'}
drone_residual {'update': 622, 'best_loss': 4.232658356607516, 'stopping': 'practical plateau; no update ceiling'}
drone_residual {'update': 623, 'best_loss': 4.232658356607516, 'stopping': 'practical plateau; no update ceiling'}
drone_residual {'update': 624, 'best_loss': 4.232658356607516, 'stopping': 'practical plateau; no update ceiling'}
drone_residual {'update': 625, 'best_loss': 4.232658356607516, 'stopping': 'practical plateau; no update ceiling'}
drone_residual {'update': 626, 'best_loss': 4.225720609704792, 'stopping': 'practical plateau; no update ceiling'}
drone_residual {'update': 627, 'best_loss': 4.225720609704792, 'stopping': 'practical plateau; no update ceiling'}
drone_residual {'update': 628, 'best_loss': 4.225720609704792, 'stopping': 'practical plateau; no update ceiling'}
drone_residual {'update': 629, 'best_loss': 4.225720609704792, 'stopping': 'practical plateau; no update ceiling'}
drone_residual {'update': 630, 'best_loss': 4.225720609704792, 'stopping': 'practical plateau; no update ceiling'}
drone_residual {'update': 631, 'best_loss': 4.218683764404043, 'stopping': 'practical plateau; no update ceiling'}
drone_residual {'update': 632, 'best_loss': 4.218683764404043, 'stopping': 'practical plateau; no update ceiling'}
drone_residual {'update': 633, 'best_loss': 4.218683764404043, 'stopping': 'practical plateau; no update ceiling'}
drone_residual {'update': 634, 'best_loss': 4.218683764404043, 'stopping': 'practical plateau; no update ceiling'}
drone_residual {'update': 635, 'best_loss': 4.218683764404043, 'stopping': 'practical plateau; no update ceiling'}
drone_residual {'update': 636, 'best_loss': 4.211550215097138, 'stopping': 'practical plateau; no update ceiling'}
drone_residual {'update': 637, 'best_loss': 4.211550215097138, 'stopping': 'practical plateau; no update ceiling'}
drone_residual {'update': 638, 'best_loss': 4.211550215097138, 'stopping': 'practical plateau; no update ceiling'}
drone_residual {'update': 639, 'best_loss': 4.211550215097138, 'stopping': 'practical plateau; no update ceiling'}
drone_residual {'update': 640, 'best_loss': 4.211550215097138, 'stopping': 'practical plateau; no update ceiling'}
drone_residual {'update': 641, 'best_loss': 4.204323458087861, 'stopping': 'practical plateau; no update ceiling'}
drone_residual {'update': 642, 'best_loss': 4.204323458087861, 'stopping': 'practical plateau; no update ceiling'}
drone_residual {'update': 643, 'best_loss': 4.204323458087861, 'stopping': 'practical plateau; no update ceiling'}
drone_residual {'update': 644, 'best_loss': 4.204323458087861, 'stopping': 'practical plateau; no update ceiling'}
drone_residual {'update': 645, 'best_loss': 4.204323458087861, 'stopping': 'practical plateau; no update ceiling'}
drone_residual {'update': 646, 'best_loss': 4.197008778648985, 'stopping': 'practical plateau; no update ceiling'}
drone_residual {'update': 647, 'best_loss': 4.197008778648985, 'stopping': 'practical plateau; no update ceiling'}
drone_residual {'update': 648, 'best_loss': 4.197008778648985, 'stopping': 'practical plateau; no update ceiling'}
drone_residual {'update': 649, 'best_loss': 4.197008778648985, 'stopping': 'practical plateau; no update ceiling'}
drone_residual {'update': 650, 'best_loss': 4.197008778648985, 'stopping': 'practical plateau; no update ceiling'}
drone_residual {'update': 651, 'best_loss': 4.189613596666004, 'stopping': 'practical plateau; no update ceiling'}
drone_residual {'update': 652, 'best_loss': 4.189613596666004, 'stopping': 'practical plateau; no update ceiling'}
drone_residual {'update': 653, 'best_loss': 4.189613596666004, 'stopping': 'practical plateau; no update ceiling'}
drone_residual {'update': 654, 'best_loss': 4.189613596666004, 'stopping': 'practical plateau; no update ceiling'}
drone_residual {'update': 655, 'best_loss': 4.189613596666004, 'stopping': 'practical plateau; no update ceiling'}
drone_residual {'update': 656, 'best_loss': 4.182147294201471, 'stopping': 'practical plateau; no update ceiling'}
drone_residual {'update': 657, 'best_loss': 4.182147294201471, 'stopping': 'practical plateau; no update ceiling'}
drone_residual {'update': 658, 'best_loss': 4.182147294201471, 'stopping': 'practical plateau; no update ceiling'}
drone_residual {'update': 659, 'best_loss': 4.182147294201471, 'stopping': 'practical plateau; no update ceiling'}
drone_residual {'update': 660, 'best_loss': 4.182147294201471, 'stopping': 'practical plateau; no update ceiling'}
drone_residual {'update': 661, 'best_loss': 4.174620533478489, 'stopping': 'practical plateau; no update ceiling'}
drone_residual {'update': 662, 'best_loss': 4.174620533478489, 'stopping': 'practical plateau; no update ceiling'}
drone_residual {'update': 663, 'best_loss': 4.174620533478489, 'stopping': 'practical plateau; no update ceiling'}
drone_residual {'update': 664, 'best_loss': 4.174620533478489, 'stopping': 'practical plateau; no update ceiling'}
drone_residual {'update': 665, 'best_loss': 4.174620533478489, 'stopping': 'practical plateau; no update ceiling'}
drone_residual {'update': 666, 'best_loss': 4.167044335374348, 'stopping': 'practical plateau; no update ceiling'}
drone_residual {'update': 667, 'best_loss': 4.167044335374348, 'stopping': 'practical plateau; no update ceiling'}
drone_residual {'update': 668, 'best_loss': 4.167044335374348, 'stopping': 'practical plateau; no update ceiling'}
drone_residual {'update': 669, 'best_loss': 4.167044335374348, 'stopping': 'practical plateau; no update ceiling'}
drone_residual {'update': 670, 'best_loss': 4.167044335374348, 'stopping': 'practical plateau; no update ceiling'}
drone_residual {'update': 671, 'best_loss': 4.1594293456947335, 'stopping': 'practical plateau; no update ceiling'}
drone_residual {'update': 672, 'best_loss': 4.1594293456947335, 'stopping': 'practical plateau; no update ceiling'}
drone_residual {'update': 673, 'best_loss': 4.1594293456947335, 'stopping': 'practical plateau; no update ceiling'}
drone_residual {'update': 674, 'best_loss': 4.1594293456947335, 'stopping': 'practical plateau; no update ceiling'}
drone_residual {'update': 675, 'best_loss': 4.1594293456947335, 'stopping': 'practical plateau; no update ceiling'}
drone_residual {'update': 676, 'best_loss': 4.151785561542081, 'stopping': 'practical plateau; no update ceiling'}
drone_residual {'update': 677, 'best_loss': 4.151785561542081, 'stopping': 'practical plateau; no update ceiling'}
drone_residual {'update': 678, 'best_loss': 4.151785561542081, 'stopping': 'practical plateau; no update ceiling'}
drone_residual {'update': 679, 'best_loss': 4.151785561542081, 'stopping': 'practical plateau; no update ceiling'}
drone_residual {'update': 680, 'best_loss': 4.151785561542081, 'stopping': 'practical plateau; no update ceiling'}
drone_residual {'update': 681, 'best_loss': 4.144122483476658, 'stopping': 'practical plateau; no update ceiling'}
drone_residual {'update': 682, 'best_loss': 4.144122483476658, 'stopping': 'practical plateau; no update ceiling'}
drone_residual {'update': 683, 'best_loss': 4.144122483476658, 'stopping': 'practical plateau; no update ceiling'}
drone_residual {'update': 684, 'best_loss': 4.144122483476658, 'stopping': 'practical plateau; no update ceiling'}
drone_residual {'update': 685, 'best_loss': 4.144122483476658, 'stopping': 'practical plateau; no update ceiling'}
drone_residual {'update': 686, 'best_loss': 4.136449526975831, 'stopping': 'practical plateau; no update ceiling'}
drone_residual {'update': 687, 'best_loss': 4.136449526975831, 'stopping': 'practical plateau; no update ceiling'}
drone_residual {'update': 688, 'best_loss': 4.136449526975831, 'stopping': 'practical plateau; no update ceiling'}
drone_residual {'update': 689, 'best_loss': 4.136449526975831, 'stopping': 'practical plateau; no update ceiling'}
drone_residual {'update': 690, 'best_loss': 4.136449526975831, 'stopping': 'practical plateau; no update ceiling'}
drone_residual {'update': 691, 'best_loss': 4.128776546432938, 'stopping': 'practical plateau; no update ceiling'}
drone_residual {'update': 692, 'best_loss': 4.128776546432938, 'stopping': 'practical plateau; no update ceiling'}
drone_residual {'update': 693, 'best_loss': 4.128776546432938, 'stopping': 'practical plateau; no update ceiling'}
drone_residual {'update': 694, 'best_loss': 4.128776546432938, 'stopping': 'practical plateau; no update ceiling'}
drone_residual {'update': 695, 'best_loss': 4.128776546432938, 'stopping': 'practical plateau; no update ceiling'}
drone_residual {'update': 696, 'best_loss': 4.121114307548646, 'stopping': 'practical plateau; no update ceiling'}
drone_residual {'update': 697, 'best_loss': 4.121114307548646, 'stopping': 'practical plateau; no update ceiling'}
drone_residual {'update': 698, 'best_loss': 4.121114307548646, 'stopping': 'practical plateau; no update ceiling'}
drone_residual {'update': 699, 'best_loss': 4.121114307548646, 'stopping': 'practical plateau; no update ceiling'}
drone_residual {'update': 700, 'best_loss': 4.121114307548646, 'stopping': 'practical plateau; no update ceiling'}
drone_residual {'update': 701, 'best_loss': 4.1134747337671715, 'stopping': 'practical plateau; no update ceiling'}
drone_residual {'update': 702, 'best_loss': 4.1134747337671715, 'stopping': 'practical plateau; no update ceiling'}
drone_residual {'update': 703, 'best_loss': 4.1134747337671715, 'stopping': 'practical plateau; no update ceiling'}
drone_residual {'update': 704, 'best_loss': 4.1134747337671715, 'stopping': 'practical plateau; no update ceiling'}
drone_residual {'update': 705, 'best_loss': 4.1134747337671715, 'stopping': 'practical plateau; no update ceiling'}
drone_residual {'update': 706, 'best_loss': 4.1058708354533975, 'stopping': 'practical plateau; no update ceiling'}
drone_residual {'update': 707, 'best_loss': 4.1058708354533975, 'stopping': 'practical plateau; no update ceiling'}
drone_residual {'update': 708, 'best_loss': 4.1058708354533975, 'stopping': 'practical plateau; no update ceiling'}
drone_residual {'update': 709, 'best_loss': 4.1058708354533975, 'stopping': 'practical plateau; no update ceiling'}
drone_residual {'update': 710, 'best_loss': 4.1058708354533975, 'stopping': 'practical plateau; no update ceiling'}
drone_residual {'update': 711, 'best_loss': 4.098316319854521, 'stopping': 'practical plateau; no update ceiling'}
drone_residual {'update': 712, 'best_loss': 4.098316319854521, 'stopping': 'practical plateau; no update ceiling'}
drone_residual {'update': 713, 'best_loss': 4.098316319854521, 'stopping': 'practical plateau; no update ceiling'}
drone_residual {'update': 714, 'best_loss': 4.098316319854521, 'stopping': 'practical plateau; no update ceiling'}
drone_residual {'update': 715, 'best_loss': 4.098316319854521, 'stopping': 'practical plateau; no update ceiling'}
drone_residual {'update': 716, 'best_loss': 4.090824920725119, 'stopping': 'practical plateau; no update ceiling'}
drone_residual {'update': 717, 'best_loss': 4.090824920725119, 'stopping': 'practical plateau; no update ceiling'}
drone_residual {'update': 718, 'best_loss': 4.090824920725119, 'stopping': 'practical plateau; no update ceiling'}
drone_residual {'update': 719, 'best_loss': 4.090824920725119, 'stopping': 'practical plateau; no update ceiling'}
drone_residual {'update': 720, 'best_loss': 4.090824920725119, 'stopping': 'practical plateau; no update ceiling'}
drone_residual {'update': 721, 'best_loss': 4.083409550090289, 'stopping': 'practical plateau; no update ceiling'}
drone_residual {'update': 722, 'best_loss': 4.083409550090289, 'stopping': 'practical plateau; no update ceiling'}
drone_residual {'update': 723, 'best_loss': 4.083409550090289, 'stopping': 'practical plateau; no update ceiling'}
drone_residual {'update': 724, 'best_loss': 4.083409550090289, 'stopping': 'practical plateau; no update ceiling'}
drone_residual {'update': 725, 'best_loss': 4.083409550090289, 'stopping': 'practical plateau; no update ceiling'}
drone_residual {'update': 726, 'best_loss': 4.0760814640558864, 'stopping': 'practical plateau; no update ceiling'}
drone_residual {'update': 727, 'best_loss': 4.0760814640558864, 'stopping': 'practical plateau; no update ceiling'}
drone_residual {'update': 728, 'best_loss': 4.0760814640558864, 'stopping': 'practical plateau; no update ceiling'}
drone_residual {'update': 729, 'best_loss': 4.0760814640558864, 'stopping': 'practical plateau; no update ceiling'}
drone_residual {'update': 730, 'best_loss': 4.0760814640558864, 'stopping': 'practical plateau; no update ceiling'}
drone_residual {'update': 731, 'best_loss': 4.068849648745969, 'stopping': 'practical plateau; no update ceiling'}
drone_residual {'update': 732, 'best_loss': 4.068849648745969, 'stopping': 'practical plateau; no update ceiling'}
drone_residual {'update': 733, 'best_loss': 4.068849648745969, 'stopping': 'practical plateau; no update ceiling'}
drone_residual {'update': 734, 'best_loss': 4.068849648745969, 'stopping': 'practical plateau; no update ceiling'}
drone_residual {'update': 735, 'best_loss': 4.068849648745969, 'stopping': 'practical plateau; no update ceiling'}
drone_residual {'update': 736, 'best_loss': 4.06172053963883, 'stopping': 'practical plateau; no update ceiling'}
drone_residual {'update': 737, 'best_loss': 4.06172053963883, 'stopping': 'practical plateau; no update ceiling'}
drone_residual {'update': 738, 'best_loss': 4.06172053963883, 'stopping': 'practical plateau; no update ceiling'}
drone_residual {'update': 739, 'best_loss': 4.06172053963883, 'stopping': 'practical plateau; no update ceiling'}
drone_residual {'update': 740, 'best_loss': 4.06172053963883, 'stopping': 'practical plateau; no update ceiling'}
drone_residual {'update': 741, 'best_loss': 4.054698061667626, 'stopping': 'practical plateau; no update ceiling'}
drone_residual {'update': 742, 'best_loss': 4.054698061667626, 'stopping': 'practical plateau; no update ceiling'}
drone_residual {'update': 743, 'best_loss': 4.054698061667626, 'stopping': 'practical plateau; no update ceiling'}
drone_residual {'update': 744, 'best_loss': 4.054698061667626, 'stopping': 'practical plateau; no update ceiling'}
drone_residual {'update': 745, 'best_loss': 4.054698061667626, 'stopping': 'practical plateau; no update ceiling'}
drone_residual {'update': 746, 'best_loss': 4.047783894147154, 'stopping': 'practical plateau; no update ceiling'}
drone_residual {'update': 747, 'best_loss': 4.047783894147154, 'stopping': 'practical plateau; no update ceiling'}
drone_residual {'update': 748, 'best_loss': 4.047783894147154, 'stopping': 'practical plateau; no update ceiling'}
drone_residual {'update': 749, 'best_loss': 4.047783894147154, 'stopping': 'practical plateau; no update ceiling'}
drone_residual {'update': 750, 'best_loss': 4.047783894147154, 'stopping': 'practical plateau; no update ceiling'}
drone_residual {'update': 751, 'best_loss': 4.04097785903705, 'stopping': 'practical plateau; no update ceiling'}
drone_residual {'update': 752, 'best_loss': 4.04097785903705, 'stopping': 'practical plateau; no update ceiling'}
drone_residual {'update': 753, 'best_loss': 4.04097785903705, 'stopping': 'practical plateau; no update ceiling'}
drone_residual {'update': 754, 'best_loss': 4.04097785903705, 'stopping': 'practical plateau; no update ceiling'}
drone_residual {'update': 755, 'best_loss': 4.04097785903705, 'stopping': 'practical plateau; no update ceiling'}
drone_residual {'update': 756, 'best_loss': 4.0342783793323305, 'stopping': 'practical plateau; no update ceiling'}
drone_residual {'update': 757, 'best_loss': 4.0342783793323305, 'stopping': 'practical plateau; no update ceiling'}
drone_residual {'update': 758, 'best_loss': 4.0342783793323305, 'stopping': 'practical plateau; no update ceiling'}
drone_residual {'update': 759, 'best_loss': 4.0342783793323305, 'stopping': 'practical plateau; no update ceiling'}
drone_residual {'update': 760, 'best_loss': 4.0342783793323305, 'stopping': 'practical plateau; no update ceiling'}
drone_residual {'update': 761, 'best_loss': 4.0276829716231335, 'stopping': 'practical plateau; no update ceiling'}
drone_residual {'update': 762, 'best_loss': 4.0276829716231335, 'stopping': 'practical plateau; no update ceiling'}
drone_residual {'update': 763, 'best_loss': 4.0276829716231335, 'stopping': 'practical plateau; no update ceiling'}
drone_residual {'update': 764, 'best_loss': 4.0276829716231335, 'stopping': 'practical plateau; no update ceiling'}
drone_residual {'update': 765, 'best_loss': 4.0276829716231335, 'stopping': 'practical plateau; no update ceiling'}
drone_residual {'update': 766, 'best_loss': 4.021188700268296, 'stopping': 'practical plateau; no update ceiling'}
drone_residual {'update': 767, 'best_loss': 4.021188700268296, 'stopping': 'practical plateau; no update ceiling'}
drone_residual {'update': 768, 'best_loss': 4.021188700268296, 'stopping': 'practical plateau; no update ceiling'}
drone_residual {'update': 769, 'best_loss': 4.021188700268296, 'stopping': 'practical plateau; no update ceiling'}
drone_residual {'update': 770, 'best_loss': 4.021188700268296, 'stopping': 'practical plateau; no update ceiling'}
drone_residual {'update': 771, 'best_loss': 4.014792516702523, 'stopping': 'practical plateau; no update ceiling'}
drone_residual {'update': 772, 'best_loss': 4.014792516702523, 'stopping': 'practical plateau; no update ceiling'}
drone_residual {'update': 773, 'best_loss': 4.014792516702523, 'stopping': 'practical plateau; no update ceiling'}
drone_residual {'update': 774, 'best_loss': 4.014792516702523, 'stopping': 'practical plateau; no update ceiling'}
drone_residual {'update': 775, 'best_loss': 4.014792516702523, 'stopping': 'practical plateau; no update ceiling'}
drone_residual {'update': 776, 'best_loss': 4.008491469676344, 'stopping': 'practical plateau; no update ceiling'}
drone_residual {'update': 777, 'best_loss': 4.008491469676344, 'stopping': 'practical plateau; no update ceiling'}
drone_residual {'update': 778, 'best_loss': 4.008491469676344, 'stopping': 'practical plateau; no update ceiling'}
drone_residual {'update': 779, 'best_loss': 4.008491469676344, 'stopping': 'practical plateau; no update ceiling'}
drone_residual {'update': 780, 'best_loss': 4.008491469676344, 'stopping': 'practical plateau; no update ceiling'}
drone_residual {'update': 781, 'best_loss': 4.0022828311307475, 'stopping': 'practical plateau; no update ceiling'}
drone_residual {'update': 782, 'best_loss': 4.0022828311307475, 'stopping': 'practical plateau; no update ceiling'}
drone_residual {'update': 783, 'best_loss': 4.0022828311307475, 'stopping': 'practical plateau; no update ceiling'}
drone_residual {'update': 784, 'best_loss': 4.0022828311307475, 'stopping': 'practical plateau; no update ceiling'}
drone_residual {'update': 785, 'best_loss': 4.0022828311307475, 'stopping': 'practical plateau; no update ceiling'}
drone_residual {'update': 786, 'best_loss': 3.9961641884138177, 'stopping': 'practical plateau; no update ceiling'}
drone_residual {'update': 787, 'best_loss': 3.9961641884138177, 'stopping': 'practical plateau; no update ceiling'}
drone_residual {'update': 788, 'best_loss': 3.9961641884138177, 'stopping': 'practical plateau; no update ceiling'}
drone_residual {'update': 789, 'best_loss': 3.9961641884138177, 'stopping': 'practical plateau; no update ceiling'}
drone_residual {'update': 790, 'best_loss': 3.9961641884138177, 'stopping': 'practical plateau; no update ceiling'}
drone_residual {'update': 791, 'best_loss': 3.990133524605228, 'stopping': 'practical plateau; no update ceiling'}
drone_residual {'update': 792, 'best_loss': 3.990133524605228, 'stopping': 'practical plateau; no update ceiling'}
drone_residual {'update': 793, 'best_loss': 3.990133524605228, 'stopping': 'practical plateau; no update ceiling'}
drone_residual {'update': 794, 'best_loss': 3.990133524605228, 'stopping': 'practical plateau; no update ceiling'}
drone_residual {'update': 795, 'best_loss': 3.990133524605228, 'stopping': 'practical plateau; no update ceiling'}
drone_residual {'update': 796, 'best_loss': 3.9841892805977572, 'stopping': 'practical plateau; no update ceiling'}
drone_residual {'update': 797, 'best_loss': 3.9841892805977572, 'stopping': 'practical plateau; no update ceiling'}
drone_residual {'update': 798, 'best_loss': 3.9841892805977572, 'stopping': 'practical plateau; no update ceiling'}
drone_residual {'update': 799, 'best_loss': 3.9841892805977572, 'stopping': 'practical plateau; no update ceiling'}
drone_residual {'update': 800, 'best_loss': 3.9841892805977572, 'stopping': 'practical plateau; no update ceiling'}
drone_residual {'update': 801, 'best_loss': 3.978330381874446, 'stopping': 'practical plateau; no update ceiling'}
drone_residual {'update': 802, 'best_loss': 3.978330381874446, 'stopping': 'practical plateau; no update ceiling'}
drone_residual {'update': 803, 'best_loss': 3.978330381874446, 'stopping': 'practical plateau; no update ceiling'}
drone_residual {'update': 804, 'best_loss': 3.978330381874446, 'stopping': 'practical plateau; no update ceiling'}
drone_residual {'update': 805, 'best_loss': 3.978330381874446, 'stopping': 'practical plateau; no update ceiling'}
drone_residual {'update': 806, 'best_loss': 3.972556217670937, 'stopping': 'practical plateau; no update ceiling'}
drone_residual {'update': 807, 'best_loss': 3.972556217670937, 'stopping': 'practical plateau; no update ceiling'}
drone_residual {'update': 808, 'best_loss': 3.972556217670937, 'stopping': 'practical plateau; no update ceiling'}
drone_residual {'update': 809, 'best_loss': 3.972556217670937, 'stopping': 'practical plateau; no update ceiling'}
drone_residual {'update': 810, 'best_loss': 3.972556217670937, 'stopping': 'practical plateau; no update ceiling'}
drone_residual {'update': 811, 'best_loss': 3.96686657192929, 'stopping': 'practical plateau; no update ceiling'}
drone_residual {'update': 812, 'best_loss': 3.96686657192929, 'stopping': 'practical plateau; no update ceiling'}
drone_residual {'update': 813, 'best_loss': 3.96686657192929, 'stopping': 'practical plateau; no update ceiling'}
drone_residual {'update': 814, 'best_loss': 3.96686657192929, 'stopping': 'practical plateau; no update ceiling'}
drone_residual {'update': 815, 'best_loss': 3.96686657192929, 'stopping': 'practical plateau; no update ceiling'}
drone_residual {'update': 816, 'best_loss': 3.961261516640212, 'stopping': 'practical plateau; no update ceiling'}
drone_residual {'update': 817, 'best_loss': 3.961261516640212, 'stopping': 'practical plateau; no update ceiling'}
drone_residual {'update': 818, 'best_loss': 3.961261516640212, 'stopping': 'practical plateau; no update ceiling'}
drone_residual {'update': 819, 'best_loss': 3.961261516640212, 'stopping': 'practical plateau; no update ceiling'}
drone_residual {'update': 820, 'best_loss': 3.961261516640212, 'stopping': 'practical plateau; no update ceiling'}
drone_residual {'update': 821, 'best_loss': 3.95574128466705, 'stopping': 'practical plateau; no update ceiling'}
drone_residual {'update': 822, 'best_loss': 3.95574128466705, 'stopping': 'practical plateau; no update ceiling'}
drone_residual {'update': 823, 'best_loss': 3.95574128466705, 'stopping': 'practical plateau; no update ceiling'}
drone_residual {'update': 824, 'best_loss': 3.95574128466705, 'stopping': 'practical plateau; no update ceiling'}
drone_residual {'update': 825, 'best_loss': 3.95574128466705, 'stopping': 'practical plateau; no update ceiling'}
drone_residual {'update': 826, 'best_loss': 3.9503061399576636, 'stopping': 'practical plateau; no update ceiling'}
drone_residual {'update': 827, 'best_loss': 3.9503061399576636, 'stopping': 'practical plateau; no update ceiling'}
drone_residual {'update': 828, 'best_loss': 3.9503061399576636, 'stopping': 'practical plateau; no update ceiling'}
drone_residual {'update': 829, 'best_loss': 3.9503061399576636, 'stopping': 'practical plateau; no update ceiling'}
drone_residual {'update': 830, 'best_loss': 3.9503061399576636, 'stopping': 'practical plateau; no update ceiling'}
drone_residual {'update': 831, 'best_loss': 3.944956259429192, 'stopping': 'practical plateau; no update ceiling'}
drone_residual {'update': 832, 'best_loss': 3.944956259429192, 'stopping': 'practical plateau; no update ceiling'}
drone_residual {'update': 833, 'best_loss': 3.944956259429192, 'stopping': 'practical plateau; no update ceiling'}
drone_residual {'update': 834, 'best_loss': 3.944956259429192, 'stopping': 'practical plateau; no update ceiling'}
drone_residual {'update': 835, 'best_loss': 3.944956259429192, 'stopping': 'practical plateau; no update ceiling'}
drone_residual {'update': 836, 'best_loss': 3.9396916350728186, 'stopping': 'practical plateau; no update ceiling'}
drone_residual {'update': 837, 'best_loss': 3.9396916350728186, 'stopping': 'practical plateau; no update ceiling'}
drone_residual {'update': 838, 'best_loss': 3.9396916350728186, 'stopping': 'practical plateau; no update ceiling'}
drone_residual {'update': 839, 'best_loss': 3.9396916350728186, 'stopping': 'practical plateau; no update ceiling'}
drone_residual {'update': 840, 'best_loss': 3.9396916350728186, 'stopping': 'practical plateau; no update ceiling'}
drone_residual {'update': 841, 'best_loss': 3.934511999256254, 'stopping': 'practical plateau; no update ceiling'}
drone_residual {'update': 842, 'best_loss': 3.934511999256254, 'stopping': 'practical plateau; no update ceiling'}
drone_residual {'update': 843, 'best_loss': 3.934511999256254, 'stopping': 'practical plateau; no update ceiling'}
drone_residual {'update': 844, 'best_loss': 3.934511999256254, 'stopping': 'practical plateau; no update ceiling'}
drone_residual {'update': 845, 'best_loss': 3.934511999256254, 'stopping': 'practical plateau; no update ceiling'}
drone_residual {'update': 846, 'best_loss': 3.9294167723005176, 'stopping': 'practical plateau; no update ceiling'}
drone_residual {'update': 847, 'best_loss': 3.9294167723005176, 'stopping': 'practical plateau; no update ceiling'}
drone_residual {'update': 848, 'best_loss': 3.9294167723005176, 'stopping': 'practical plateau; no update ceiling'}
drone_residual {'update': 849, 'best_loss': 3.9294167723005176, 'stopping': 'practical plateau; no update ceiling'}
drone_residual {'update': 850, 'best_loss': 3.9294167723005176, 'stopping': 'practical plateau; no update ceiling'}
drone_residual {'update': 851, 'best_loss': 3.924405029614101, 'stopping': 'practical plateau; no update ceiling'}
drone_residual {'update': 852, 'best_loss': 3.924405029614101, 'stopping': 'practical plateau; no update ceiling'}
drone_residual {'update': 853, 'best_loss': 3.924405029614101, 'stopping': 'practical plateau; no update ceiling'}
drone_residual {'update': 854, 'best_loss': 3.924405029614101, 'stopping': 'practical plateau; no update ceiling'}
drone_residual {'update': 855, 'best_loss': 3.924405029614101, 'stopping': 'practical plateau; no update ceiling'}
drone_residual {'update': 856, 'best_loss': 3.919475485580735, 'stopping': 'practical plateau; no update ceiling'}
drone_residual {'update': 857, 'best_loss': 3.919475485580735, 'stopping': 'practical plateau; no update ceiling'}
drone_residual {'update': 858, 'best_loss': 3.919475485580735, 'stopping': 'practical plateau; no update ceiling'}
drone_residual {'update': 859, 'best_loss': 3.919475485580735, 'stopping': 'practical plateau; no update ceiling'}
drone_residual {'update': 860, 'best_loss': 3.919475485580735, 'stopping': 'practical plateau; no update ceiling'}
drone_residual {'update': 861, 'best_loss': 3.9146264922655996, 'stopping': 'practical plateau; no update ceiling'}
drone_residual {'update': 862, 'best_loss': 3.9146264922655996, 'stopping': 'practical plateau; no update ceiling'}
drone_residual {'update': 863, 'best_loss': 3.9146264922655996, 'stopping': 'practical plateau; no update ceiling'}
drone_residual {'update': 864, 'best_loss': 3.9146264922655996, 'stopping': 'practical plateau; no update ceiling'}
drone_residual {'update': 865, 'best_loss': 3.9146264922655996, 'stopping': 'practical plateau; no update ceiling'}
drone_residual {'update': 866, 'best_loss': 3.909856052127422, 'stopping': 'practical plateau; no update ceiling'}
drone_residual {'update': 867, 'best_loss': 3.909856052127422, 'stopping': 'practical plateau; no update ceiling'}
drone_residual {'update': 868, 'best_loss': 3.909856052127422, 'stopping': 'practical plateau; no update ceiling'}
drone_residual {'update': 869, 'best_loss': 3.909856052127422, 'stopping': 'practical plateau; no update ceiling'}
drone_residual {'update': 870, 'best_loss': 3.909856052127422, 'stopping': 'practical plateau; no update ceiling'}
drone_residual {'update': 871, 'best_loss': 3.905161844835748, 'stopping': 'practical plateau; no update ceiling'}
drone_residual {'update': 872, 'best_loss': 3.905161844835748, 'stopping': 'practical plateau; no update ceiling'}
drone_residual {'update': 873, 'best_loss': 3.905161844835748, 'stopping': 'practical plateau; no update ceiling'}
drone_residual {'update': 874, 'best_loss': 3.905161844835748, 'stopping': 'practical plateau; no update ceiling'}
drone_residual {'update': 875, 'best_loss': 3.905161844835748, 'stopping': 'practical plateau; no update ceiling'}
drone_residual {'update': 876, 'best_loss': 3.9005412687600916, 'stopping': 'practical plateau; no update ceiling'}
drone_residual {'update': 877, 'best_loss': 3.9005412687600916, 'stopping': 'practical plateau; no update ceiling'}
drone_residual {'update': 878, 'best_loss': 3.9005412687600916, 'stopping': 'practical plateau; no update ceiling'}
drone_residual {'update': 879, 'best_loss': 3.9005412687600916, 'stopping': 'practical plateau; no update ceiling'}
drone_residual {'update': 880, 'best_loss': 3.9005412687600916, 'stopping': 'practical plateau; no update ceiling'}
drone_residual {'update': 881, 'best_loss': 3.8959914976491348, 'stopping': 'practical plateau; no update ceiling'}
drone_residual {'update': 882, 'best_loss': 3.8959914976491348, 'stopping': 'practical plateau; no update ceiling'}
drone_residual {'update': 883, 'best_loss': 3.8959914976491348, 'stopping': 'practical plateau; no update ceiling'}
drone_residual {'update': 884, 'best_loss': 3.8959914976491348, 'stopping': 'practical plateau; no update ceiling'}
drone_residual {'update': 885, 'best_loss': 3.8959914976491348, 'stopping': 'practical plateau; no update ceiling'}
drone_residual {'update': 886, 'best_loss': 3.891509552478258, 'stopping': 'practical plateau; no update ceiling'}
drone_residual {'update': 887, 'best_loss': 3.891509552478258, 'stopping': 'practical plateau; no update ceiling'}
drone_residual {'update': 888, 'best_loss': 3.891509552478258, 'stopping': 'practical plateau; no update ceiling'}
drone_residual {'update': 889, 'best_loss': 3.891509552478258, 'stopping': 'practical plateau; no update ceiling'}
drone_residual {'update': 890, 'best_loss': 3.891509552478258, 'stopping': 'practical plateau; no update ceiling'}
drone_residual {'update': 891, 'best_loss': 3.887092387482997, 'stopping': 'practical plateau; no update ceiling'}
drone_residual {'update': 892, 'best_loss': 3.887092387482997, 'stopping': 'practical plateau; no update ceiling'}
drone_residual {'update': 893, 'best_loss': 3.887092387482997, 'stopping': 'practical plateau; no update ceiling'}
drone_residual {'update': 894, 'best_loss': 3.887092387482997, 'stopping': 'practical plateau; no update ceiling'}
drone_residual {'update': 895, 'best_loss': 3.887092387482997, 'stopping': 'practical plateau; no update ceiling'}
drone_residual {'update': 896, 'best_loss': 3.8827369881272586, 'stopping': 'practical plateau; no update ceiling'}
drone_residual {'update': 897, 'best_loss': 3.8827369881272586, 'stopping': 'practical plateau; no update ceiling'}
drone_residual {'update': 898, 'best_loss': 3.8827369881272586, 'stopping': 'practical plateau; no update ceiling'}
drone_residual {'update': 899, 'best_loss': 3.8827369881272586, 'stopping': 'practical plateau; no update ceiling'}
drone_residual {'update': 900, 'best_loss': 3.8827369881272586, 'stopping': 'practical plateau; no update ceiling'}
drone_residual {'update': 901, 'best_loss': 3.8784404773227847, 'stopping': 'practical plateau; no update ceiling'}
drone_residual {'update': 902, 'best_loss': 3.8784404773227847, 'stopping': 'practical plateau; no update ceiling'}
drone_residual {'update': 903, 'best_loss': 3.8784404773227847, 'stopping': 'practical plateau; no update ceiling'}
drone_residual {'update': 904, 'best_loss': 3.8784404773227847, 'stopping': 'practical plateau; no update ceiling'}
drone_residual {'update': 905, 'best_loss': 3.8784404773227847, 'stopping': 'practical plateau; no update ceiling'}
drone_residual {'update': 906, 'best_loss': 3.8742002248146674, 'stopping': 'practical plateau; no update ceiling'}
drone_residual {'update': 907, 'best_loss': 3.8742002248146674, 'stopping': 'practical plateau; no update ceiling'}
drone_residual {'update': 908, 'best_loss': 3.8742002248146674, 'stopping': 'practical plateau; no update ceiling'}
drone_residual {'update': 909, 'best_loss': 3.8742002248146674, 'stopping': 'practical plateau; no update ceiling'}
drone_residual {'update': 910, 'best_loss': 3.8742002248146674, 'stopping': 'practical plateau; no update ceiling'}
drone_residual {'update': 911, 'best_loss': 3.870013953511497, 'stopping': 'practical plateau; no update ceiling'}
drone_residual {'update': 912, 'best_loss': 3.870013953511497, 'stopping': 'practical plateau; no update ceiling'}
drone_residual {'update': 913, 'best_loss': 3.870013953511497, 'stopping': 'practical plateau; no update ceiling'}
drone_residual {'update': 914, 'best_loss': 3.870013953511497, 'stopping': 'practical plateau; no update ceiling'}
drone_residual {'update': 915, 'best_loss': 3.870013953511497, 'stopping': 'practical plateau; no update ceiling'}
drone_residual {'update': 916, 'best_loss': 3.8658798359207007, 'stopping': 'practical plateau; no update ceiling'}
drone_residual {'update': 917, 'best_loss': 3.8658798359207007, 'stopping': 'practical plateau; no update ceiling'}
drone_residual {'update': 918, 'best_loss': 3.8658798359207007, 'stopping': 'practical plateau; no update ceiling'}
drone_residual {'update': 919, 'best_loss': 3.8658798359207007, 'stopping': 'practical plateau; no update ceiling'}
drone_residual {'update': 920, 'best_loss': 3.8658798359207007, 'stopping': 'practical plateau; no update ceiling'}
drone_residual {'update': 921, 'best_loss': 3.861796573970583, 'stopping': 'practical plateau; no update ceiling'}
drone_residual {'update': 922, 'best_loss': 3.861796573970583, 'stopping': 'practical plateau; no update ceiling'}
drone_residual {'update': 923, 'best_loss': 3.861796573970583, 'stopping': 'practical plateau; no update ceiling'}
drone_residual {'update': 924, 'best_loss': 3.861796573970583, 'stopping': 'practical plateau; no update ceiling'}
drone_residual {'update': 925, 'best_loss': 3.861796573970583, 'stopping': 'practical plateau; no update ceiling'}
drone_residual {'update': 926, 'best_loss': 3.8577634564692764, 'stopping': 'practical plateau; no update ceiling'}
drone_residual {'update': 927, 'best_loss': 3.8577634564692764, 'stopping': 'practical plateau; no update ceiling'}
drone_residual {'update': 928, 'best_loss': 3.8577634564692764, 'stopping': 'practical plateau; no update ceiling'}
drone_residual {'update': 929, 'best_loss': 3.8577634564692764, 'stopping': 'practical plateau; no update ceiling'}
drone_residual {'update': 930, 'best_loss': 3.8577634564692764, 'stopping': 'practical plateau; no update ceiling'}
drone_residual {'update': 931, 'best_loss': 3.853780390187461, 'stopping': 'practical plateau; no update ceiling'}
drone_residual {'update': 932, 'best_loss': 3.853780390187461, 'stopping': 'practical plateau; no update ceiling'}
drone_residual {'update': 933, 'best_loss': 3.853780390187461, 'stopping': 'practical plateau; no update ceiling'}
drone_residual {'update': 934, 'best_loss': 3.853780390187461, 'stopping': 'practical plateau; no update ceiling'}
drone_residual {'update': 935, 'best_loss': 3.853780390187461, 'stopping': 'practical plateau; no update ceiling'}
drone_residual {'update': 936, 'best_loss': 3.8498479027435515, 'stopping': 'practical plateau; no update ceiling'}
drone_residual {'update': 937, 'best_loss': 3.8498479027435515, 'stopping': 'practical plateau; no update ceiling'}
drone_residual {'update': 938, 'best_loss': 3.8498479027435515, 'stopping': 'practical plateau; no update ceiling'}
drone_residual {'update': 939, 'best_loss': 3.8498479027435515, 'stopping': 'practical plateau; no update ceiling'}
drone_residual {'update': 940, 'best_loss': 3.8498479027435515, 'stopping': 'practical plateau; no update ceiling'}
drone_residual {'update': 941, 'best_loss': 3.8459671175860617, 'stopping': 'practical plateau; no update ceiling'}
drone_residual {'update': 942, 'best_loss': 3.8459671175860617, 'stopping': 'practical plateau; no update ceiling'}
drone_residual {'update': 943, 'best_loss': 3.8459671175860617, 'stopping': 'practical plateau; no update ceiling'}
drone_residual {'update': 944, 'best_loss': 3.8459671175860617, 'stopping': 'practical plateau; no update ceiling'}
drone_residual {'update': 945, 'best_loss': 3.8459671175860617, 'stopping': 'practical plateau; no update ceiling'}
drone_residual {'update': 946, 'best_loss': 3.842139702765915, 'stopping': 'practical plateau; no update ceiling'}
drone_residual {'update': 947, 'best_loss': 3.842139702765915, 'stopping': 'practical plateau; no update ceiling'}
drone_residual {'update': 948, 'best_loss': 3.842139702765915, 'stopping': 'practical plateau; no update ceiling'}
drone_residual {'update': 949, 'best_loss': 3.842139702765915, 'stopping': 'practical plateau; no update ceiling'}
drone_residual {'update': 950, 'best_loss': 3.842139702765915, 'stopping': 'practical plateau; no update ceiling'}
drone_residual {'update': 951, 'best_loss': 3.8383677953243276, 'stopping': 'practical plateau; no update ceiling'}
drone_residual {'update': 952, 'best_loss': 3.8383677953243276, 'stopping': 'practical plateau; no update ceiling'}
drone_residual {'update': 953, 'best_loss': 3.8383677953243276, 'stopping': 'practical plateau; no update ceiling'}
drone_residual {'update': 954, 'best_loss': 3.8383677953243276, 'stopping': 'practical plateau; no update ceiling'}
drone_residual {'update': 955, 'best_loss': 3.8383677953243276, 'stopping': 'practical plateau; no update ceiling'}
drone_residual {'update': 956, 'best_loss': 3.8346539018260652, 'stopping': 'practical plateau; no update ceiling'}
drone_residual {'update': 957, 'best_loss': 3.8346539018260652, 'stopping': 'practical plateau; no update ceiling'}
drone_residual {'update': 958, 'best_loss': 3.8346539018260652, 'stopping': 'practical plateau; no update ceiling'}
drone_residual {'update': 959, 'best_loss': 3.8346539018260652, 'stopping': 'practical plateau; no update ceiling'}
drone_residual {'update': 960, 'best_loss': 3.8346539018260652, 'stopping': 'practical plateau; no update ceiling'}
drone_residual {'update': 961, 'best_loss': 3.831000773386086, 'stopping': 'practical plateau; no update ceiling'}
drone_residual {'update': 962, 'best_loss': 3.831000773386086, 'stopping': 'practical plateau; no update ceiling'}
drone_residual {'update': 963, 'best_loss': 3.831000773386086, 'stopping': 'practical plateau; no update ceiling'}
drone_residual {'update': 964, 'best_loss': 3.831000773386086, 'stopping': 'practical plateau; no update ceiling'}
drone_residual {'update': 965, 'best_loss': 3.831000773386086, 'stopping': 'practical plateau; no update ceiling'}
drone_residual {'update': 966, 'best_loss': 3.827411251922393, 'stopping': 'practical plateau; no update ceiling'}
drone_residual {'update': 967, 'best_loss': 3.827411251922393, 'stopping': 'practical plateau; no update ceiling'}
drone_residual {'update': 968, 'best_loss': 3.827411251922393, 'stopping': 'practical plateau; no update ceiling'}
drone_residual {'update': 969, 'best_loss': 3.827411251922393, 'stopping': 'practical plateau; no update ceiling'}
drone_residual {'update': 970, 'best_loss': 3.827411251922393, 'stopping': 'practical plateau; no update ceiling'}
drone_residual {'update': 971, 'best_loss': 3.8238880855033934, 'stopping': 'practical plateau; no update ceiling'}
drone_residual {'update': 972, 'best_loss': 3.8238880855033934, 'stopping': 'practical plateau; no update ceiling'}
drone_residual {'update': 973, 'best_loss': 3.8238880855033934, 'stopping': 'practical plateau; no update ceiling'}
drone_residual {'update': 974, 'best_loss': 3.8238880855033934, 'stopping': 'practical plateau; no update ceiling'}
drone_residual {'update': 975, 'best_loss': 3.8238880855033934, 'stopping': 'practical plateau; no update ceiling'}
drone_residual {'update': 976, 'best_loss': 3.8204337165760194, 'stopping': 'practical plateau; no update ceiling'}
drone_residual {'update': 977, 'best_loss': 3.8204337165760194, 'stopping': 'practical plateau; no update ceiling'}
drone_residual {'update': 978, 'best_loss': 3.8204337165760194, 'stopping': 'practical plateau; no update ceiling'}
drone_residual {'update': 979, 'best_loss': 3.8204337165760194, 'stopping': 'practical plateau; no update ceiling'}
drone_residual {'update': 980, 'best_loss': 3.8204337165760194, 'stopping': 'practical plateau; no update ceiling'}
drone_residual {'update': 981, 'best_loss': 3.8170500578320077, 'stopping': 'practical plateau; no update ceiling'}
drone_residual {'update': 982, 'best_loss': 3.8170500578320077, 'stopping': 'practical plateau; no update ceiling'}
drone_residual {'update': 983, 'best_loss': 3.8170500578320077, 'stopping': 'practical plateau; no update ceiling'}
drone_residual {'update': 984, 'best_loss': 3.8170500578320077, 'stopping': 'practical plateau; no update ceiling'}
drone_residual {'update': 985, 'best_loss': 3.8170500578320077, 'stopping': 'practical plateau; no update ceiling'}
drone_residual {'update': 986, 'best_loss': 3.813738283321179, 'stopping': 'practical plateau; no update ceiling'}
drone_residual {'update': 987, 'best_loss': 3.813738283321179, 'stopping': 'practical plateau; no update ceiling'}
drone_residual {'update': 988, 'best_loss': 3.813738283321179, 'stopping': 'practical plateau; no update ceiling'}
drone_residual {'update': 989, 'best_loss': 3.813738283321179, 'stopping': 'practical plateau; no update ceiling'}
drone_residual {'update': 990, 'best_loss': 3.813738283321179, 'stopping': 'practical plateau; no update ceiling'}
drone_residual {'update': 991, 'best_loss': 3.81049867035923, 'stopping': 'practical plateau; no update ceiling'}
drone_residual {'update': 992, 'best_loss': 3.81049867035923, 'stopping': 'practical plateau; no update ceiling'}
drone_residual {'update': 993, 'best_loss': 3.81049867035923, 'stopping': 'practical plateau; no update ceiling'}
drone_residual {'update': 994, 'best_loss': 3.81049867035923, 'stopping': 'practical plateau; no update ceiling'}
drone_residual {'update': 995, 'best_loss': 3.81049867035923, 'stopping': 'practical plateau; no update ceiling'}
drone_residual {'update': 996, 'best_loss': 3.8073305231386017, 'stopping': 'practical plateau; no update ceiling'}
drone_residual {'update': 997, 'best_loss': 3.8073305231386017, 'stopping': 'practical plateau; no update ceiling'}
drone_residual {'update': 998, 'best_loss': 3.8073305231386017, 'stopping': 'practical plateau; no update ceiling'}
drone_residual {'update': 999, 'best_loss': 3.8073305231386017, 'stopping': 'practical plateau; no update ceiling'}
drone_residual {'update': 1000, 'best_loss': 3.8073305231386017, 'stopping': 'practical plateau; no update ceiling'}
drone_residual {'update': 1001, 'best_loss': 3.804232188501582, 'stopping': 'practical plateau; no update ceiling'}
drone_residual {'update': 1002, 'best_loss': 3.804232188501582, 'stopping': 'practical plateau; no update ceiling'}
drone_residual {'update': 1003, 'best_loss': 3.804232188501582, 'stopping': 'practical plateau; no update ceiling'}
drone_residual {'update': 1004, 'best_loss': 3.804232188501582, 'stopping': 'practical plateau; no update ceiling'}
drone_residual {'update': 1005, 'best_loss': 3.804232188501582, 'stopping': 'practical plateau; no update ceiling'}
drone_residual {'update': 1006, 'best_loss': 3.8012011438884756, 'stopping': 'practical plateau; no update ceiling'}
drone_residual {'update': 1007, 'best_loss': 3.8012011438884756, 'stopping': 'practical plateau; no update ceiling'}
drone_residual {'update': 1008, 'best_loss': 3.8012011438884756, 'stopping': 'practical plateau; no update ceiling'}
drone_residual {'update': 1009, 'best_loss': 3.8012011438884756, 'stopping': 'practical plateau; no update ceiling'}
drone_residual {'update': 1010, 'best_loss': 3.8012011438884756, 'stopping': 'practical plateau; no update ceiling'}
attitude response {'windows': 72}
attitude response {'update': 1, 'loss': 0.9607883909480153, 'best_loss': 0.9607883909480153}
attitude response {'update': 2, 'loss': 0.9594111735569384, 'best_loss': 0.9594111735569384}
attitude response {'update': 3, 'loss': 0.959314577277369, 'best_loss': 0.959314577277369}
attitude response {'update': 4, 'loss': 0.9593077449322773, 'best_loss': 0.9593077449322773}
attitude response {'update': 5, 'loss': 0.9593072331808181, 'best_loss': 0.9593072331808181}
cable_physics {'windows': 135, 'parameters': ['EI', 'Cb', 'external damping']}
cable_physics {'update': 1, 'loss': 2.127791367588674, 'best_loss': 2.127791367588674}
cable_physics {'update': 2, 'loss': 2.094550702911393, 'best_loss': 2.094550702911393}
cable_physics {'update': 3, 'loss': 2.0936762594268994, 'best_loss': 2.0936762594268994}
cable_physics {'update': 4, 'loss': 2.093660043444577, 'best_loss': 2.093660043444577}
cable_physics {'update': 5, 'loss': 2.09365498289758, 'best_loss': 2.09365498289758}
cable_physics {'update': 6, 'loss': 2.0936265356147845, 'best_loss': 2.0936265356147845}
cable_physics {'update': 7, 'loss': 2.0934481478536138, 'best_loss': 2.0934481478536138}
cable_residual graph preparation {'windows': 135}
Traceback (most recent call last):
  File "C:\Users\wts28\Documents\PHD\particle_filter_cable_project\tools\adapt_whip.py", line 46, in <module>
    if __name__=='__main__':main()
                            ^^^^^^
  File "C:\Users\wts28\Documents\PHD\particle_filter_cable_project\tools\adapt_whip.py", line 32, in main
    result=fit(a.job,a.device)
           ^^^^^^^^^^^^^^^^^^^
  File "C:\Users\wts28\Documents\PHD\particle_filter_cable_project\experimental_data\whip_full_fit.py", line 242, in fit
    gradient_check(net,objective,job/'cable_residual_gradient_check.json')
  File "C:\Users\wts28\Documents\PHD\particle_filter_cable_project\experimental_data\whip_full_cable.py", line 126, in gradient_check
    if not passed:raise ValueError(f'Full residual gradient mismatch: {result}')
                  ^^^^^^^^^^^^^^^^^^^^^^^^^^^^^^^^^^^^^^^^^^^^^^^^^^^^^^^^^^^^^^
ValueError: Full residual gradient mismatch: {'loss': 2.09289425096022, 'analytic': 5375.020738459434, 'central_difference': 259.7223206723953, 'relative_error': 0.95167975468187, 'epsilon': 5e-08, 'index': 28, 'checks': [{'epsilon': 0.0001, 'central_difference': -1.1647900161726454, 'relative_error': 1.0002167042831738}, {'epsilon': 5e-05, 'central_difference': -0.24446001222866443, 'relative_error': 1.0000454807570285}, {'epsilon': 1e-05, 'central_difference': -1.9233820713893122, 'relative_error': 1.00035783714426}, {'epsilon': 5e-06, 'central_difference': -2.1451452075549327, 'relative_error': 1.0003990952429647}, {'epsilon': 1e-06, 'central_difference': 14.70418325832945, 'relative_error': 0.9972643485534637}, {'epsilon': 5e-07, 'central_difference': -12.600026644271622, 'relative_error': 1.0023441819589858}, {'epsilon': 1e-07, 'central_difference': 49.30289835503032, 'relative_error': 0.9908274031386972}, {'epsilon': 5e-08, 'central_difference': 259.7223206723953, 'relative_error': 0.95167975468187}], 'passed': False}
